/usr/lib/python3/dist-packages/scipy/__init__.py:146: UserWarning: A NumPy version >=1.17.3 and <1.25.0 is required for this version of SciPy (detected version 1.26.4
  warnings.warn(f"A NumPy version >={np_minversion} and <{np_maxversion}"
[
  {
    "name": "world",
    "pid": 130328,
    "start_ticks": "20468771",
    "log": "/home/ubuntu/ros2_ws/day9/runtime/logs/20260923T075837_1790150317943687255_world.log",
    "args": [
      "ros2",
      "launch",
      "/home/ubuntu/ros2_ws/day9/world.launch.py",
      "gui:=false"
    ]
  },
  {
    "name": "moveit",
    "pid": 130329,
    "start_ticks": "20468771",
    "log": "/home/ubuntu/ros2_ws/day9/runtime/logs/20260923T075837_1790150317943687255_moveit.log",
    "args": [
      "ros2",
      "launch",
      "/home/ubuntu/ros2_ws/day9/moveit.launch.py"
    ]
  },
  {
    "name": "perception",
    "pid": 130330,
    "start_ticks": "20468771",
    "log": "/home/ubuntu/ros2_ws/day9/runtime/logs/20260923T075837_1790150317943687255_perception.log",
    "args": [
      "/usr/bin/python3",
      "/home/ubuntu/ros2_ws/day9/perception_v5.py",
      "--ros-args",
      "--params-file",
      "/home/ubuntu/ros2_ws/day9/perception_v5.yaml"
    ]
  }
]
{"purpose": "pilot", "method": "B", "seed": 20260909, "steps": 3000, "wall_limit_sec": 359391.5668997158, "config": {"schema_version": 4, "world_name": "robot_world", "block_name": "wood_block", "base_frame": "base_link", "tcp_link": "end_effector_link", "move_group": "arm", "arm_joints": ["joint1", "joint2", "joint3", "joint4", "joint5"], "initial_pose": [0.0, 0.16755160819145562, -1.1728612573401895, -1.8849555921538759, 0.0], "robot_spawn_world": [-0.2, 0.0, 0.75], "block_reset_world": [-0.01540777340756408, -0.012438901168749173, 0.765], "table_top_world_z": 0.75, "block_size_m": [0.03, 0.03, 0.03], "sampling": {"base_x_m": [0.1166613453786855, 0.25252310780618636], "base_y_m": [-0.10027086404686325, 0.07539306170936491], "rows": 5, "columns": 5, "samples_per_stratum": 2, "shuffle_seed": 20260825, "maximum_preflight_attempts": 500, "block_yaw_deg": 0.0}, "representative_points": {"center": [0.18459222659243593, -0.012438901168749173, 0.015], "far": [0.13392035813002465, -0.012688906328956265, 0.015], "near": [0.23526409505484722, -0.012188896008542081, 0.015], "left": [0.1849409066683234, -0.08311052621120449, 0.015], "right": [0.18424354651654845, 0.05823272387370615, 0.015]}, "topics": {"joint_states": "/joint_states", "gazebo_joint_states": "/day3_v5/gazebo_joint_states", "arm_command": "/arm_controller/joint_trajectory", "gripper_command": "/gripper_controller/commands", "left_contacts": "/day3_v5/left_finger/contacts", "right_contacts": "/day3_v5/right_finger/contacts", "block_contacts": "/day3_v5/block/contacts", "block_odometry": "/day3_v5/block/odometry", "rgb": "/depth_cam/rgbd/image", "depth": "/depth_cam/rgbd/depth_image", "camera_info": "/depth_cam/rgbd/camera_info", "target": "/grasp/target_point", "surface": "/grasp/target_surface", "footprint": "/grasp/target_footprint", "detected": "/grasp/detected", "confidence": "/grasp/target_confidence", "ik_service": "/compute_ik", "fk_service": "/compute_fk", "state_validity_service": "/check_state_validity", "planning_scene_service": "/apply_planning_scene"}, "perception": {"samples": 12, "confidence_minimum": 0.66, "maximum_std_m": 0.005, "maximum_axis_std_deg": 6.0, "object_side_m": [0.025, 0.04], "workspace_x_m": [0.1066613453786855, 0.2625231078061864], "workspace_y_m": [-0.11027086404686325, 0.0853930617093649], "workspace_z_m": [0.005, 0.045], "center_surface_delta_tolerance_m": 0.008}, "geometry": {"table_normal_base": [0.0, 0.0, 1.0], "urdf": "generated/day3_v5_robot.urdf", "left_finger_link": "l_out_link", "right_finger_link": "r_out_link", "left_finger_collision": "l_out_link_box_collision", "right_finger_collision": "r_out_link_box_collision", "gripper_driver_joint": "r_joint", "contact_center_insertion_m": -0.007, "minimum_table_clearance_m": 0.004, "table_center_base_m": [0.2, 0.0, -0.015], "table_size_m": [0.9, 0.6, 0.03], "pedestal_center_base_m": [0.2, 0.0, -0.39], "pedestal_size_m": [0.1, 0.1, 0.72]}, "orientation": {"tilt_min_deg": 0.0, "tilt_max_deg": 60.0, "tilt_step_deg": 7.5, "lean_signs": [-1, 1], "square_symmetries": [0, 1, 2, 3], "maximum_orientation_error_rad": 0.08, "position_weight": 150.0, "orientation_weight": 2.0, "joint_motion_weight": 0.08, "joint_margin_weight": 0.15, "deterministic_seed_count": 12, "seed_random_seed": 20260825}, "motion": {"pregrasp_clearance_m": 0.07, "lift_command_m": 0.08, "cartesian_step_m": 0.0025, "maximum_joint_step_rad": 0.25, "state_validity_joint_step_rad": 0.025, "arm_joint_tolerance_rad": 0.15, "joint_limit_margin_rad": 0.01, "ik_timeout_sec": 0.35, "service_timeout_wall_sec": 15.0, "tcp_position_tolerance_m": 0.004, "grasp_center_tolerance_m": 0.005, "grasp_settle_joint_error_rad": 0.03, "grasp_settle_velocity_rad_sec": 0.1, "grasp_settle_sim_sec": 0.3, "initial_duration_sec": 2.0, "pregrasp_duration_sec": 2.2, "descent_duration_sec": 1.8, "lift_duration_sec": 2.2, "place_duration_sec": 2.0, "retreat_duration_sec": 1.5, "safe_duration_sec": 2.0}, "gripper": {"open_target": 1.3, "open_minimum": 1.15, "close_target": 0.0, "command_rate_hz": 15.0, "dual_contact_stable_sim_sec": 0.2, "contact_dropout_sim_sec": 0.25, "stall_velocity_rad_sec": 0.01, "stall_duration_sim_sec": 0.3, "overclose_offset": 0.04, "search_effort_nm": 0.02, "hold_effort_nm": 0.008, "compensation_velocity_rad_sec": 0.005, "position_velocity_gain": 0.5, "velocity_proportional_gain_nm_sec_per_rad": 0.75, "velocity_integral_gain_nm_per_rad": 2.0, "hold_effort_limit_nm": 0.6, "open_hold_effort_nm": 1.2, "effort_limit_nm": 1.5, "penetration_fail_m": 0.003, "minimum_contact_closure_m": 0.0015, "early_contact_angle_margin_rad": 0.045, "early_contact_gap_margin_m": 0.0015, "contact_inside_margin_m": 0.008, "contact_normal_alignment_min": 0.45}, "verification": {"minimum_lift_m": 0.06, "hold_sim_sec": 5.0, "hold_wall_sec": 5.0, "minimum_hold_height_m": 0.055, "maximum_relative_slip_m": 0.003, "drop_stable_sim_sec": 0.2, "pregrip_xy_disturbance_m": 0.02, "pregrip_z_disturbance_m": 0.015, "place_height_tolerance_m": 0.012}, "reset": {"pose_tolerance_m": 0.006, "linear_speed_max_m_sec": 0.025, "angular_speed_max_rad_sec": 0.15, "stable_sim_sec": 0.2, "arm_settle_sim_sec": 0.5, "arm_settle_joint_error_rad": 0.03, "arm_settle_velocity_rad_sec": 0.05}, "timeouts": {"interfaces_wall_sec": 90.0, "camera_topics_wall_sec": 60.0, "visual_wall_sec": 30.0, "open_wall_sec": 120.0, "arm_wall_sec": 240.0, "dual_contact_wall_sec": 45.0, "stall_wall_sec": 45.0, "lift_wall_sec": 240.0, "hold_wall_sec": 240.0, "place_wall_sec": 240.0, "reset_wall_sec": 60.0, "clock_stall_wall_sec": 20.0}, "day4": {"sampling": {"base_x_m": [0.1166613453786855, 0.25252310780618636], "base_y_m": [-0.10027086404686325, 0.07539306170936491], "yaw_deg": [0.0, 0.0]}, "action_limit_m": 0.005, "yaw_action_limit_deg": 5.0, "start_clearance_m": 0.025, "start_duration_sec": 1.2, "step_duration_sec": 1.0, "step_timeout_wall_sec": 120.0, "step_settle_joint_error_rad": 0.01, "step_settle_velocity_rad_sec": 0.05, "step_settle_sim_sec": 0.2, "position_trigger_m": 0.006, "yaw_trigger_deg": 8.0, "max_steps": 20, "invalid_action_limit": 3, "reset_attempts": 5, "reward": {"approach_scale": 100.0, "success": 50.0, "drop": -30.0, "collision": -30.0}, "smoke": {"episodes": 100, "base_seed": 20260828, "policy_gain": 0.8, "minimum_grasp_attempt_rate": 0.9}, "step_min_execution_fraction": 1.0}, "day6": {"enable_residual": true, "model_path": "models/sac_smoke.zip", "deterministic": true, "residual_limit_m": 0.001, "residual_yaw_limit_deg": 1.0, "low_pass_alpha": 0.25, "live_check": {"fixed_center": true, "seed": 20260902}, "provenance": {"day5_tree_sha256": "2ee2feece30cfa6bce7f8960b7a4b3362d6d02cf7176ff8150147ff32d868155", "day5_file_count": 2099, "day5_directory_count": 281, "day5_symlink_count": 4, "source_model_sha256": "69e3b9cec696129805ec96969be9e738f553fc1d5ac93e8f47384033af11c9a5"}}, "day8": {"mode": "auto", "initial_level": "L0", "seed": 20260913, "results_path": "results/white_area_episodes.jsonl", "state_path": "runtime/white_area_curriculum_state.json", "window": 100, "minimum_dwell": 100, "promote_rate": 0.8, "demote_rate": 0.55, "technical_retries": 5, "stage_restarts": 2, "sdf_readback_significant_digits": 6, "service_timeout_sec": 30.0, "episode_timeout_sec": 1200, "perception_node": "/perception", "world_sdf": "simulations/robot_gazebo/worlds/grasp_table.sdf", "episode_sdf": "runtime/wood_block_episode.sdf", "nominal": {"mass_kg": 0.03, "mu": 6.0, "mu2": 6.0, "brightness": 1.0, "contrast": 1.0, "side_m": 0.03}, "levels": {"L0": {"position_fraction": 1.0, "mass_fraction": 0.0, "friction_fraction": 0.0, "rgb_fraction": 0.0, "pixel_std": 0.0, "depth_std_mm": 0.0, "invalid_fraction": 0.0, "translation_mm": 0.0, "rotation_deg": 0.0, "delay_ms": 0.0, "size_fraction": 0}, "L1": {"position_fraction": 1.0, "mass_fraction": 0.1, "friction_fraction": 0.1, "rgb_fraction": 0.1, "pixel_std": 2.0, "depth_std_mm": 0.1, "invalid_fraction": 0.01, "translation_mm": 2.0, "rotation_deg": 0.5, "delay_ms": 20.0, "size_fraction": 0.02}, "L2": {"position_fraction": 1.0, "mass_fraction": 0.2, "friction_fraction": 0.2, "rgb_fraction": 0.2, "pixel_std": 5.0, "depth_std_mm": 0.2, "invalid_fraction": 0.03, "translation_mm": 5.0, "rotation_deg": 1.0, "delay_ms": 50.0, "size_fraction": 0.035}, "L3": {"position_fraction": 1.0, "mass_fraction": 0.3, "friction_fraction": 0.3, "rgb_fraction": 0.3, "pixel_std": 8.0, "depth_std_mm": 0.3, "invalid_fraction": 0.05, "translation_mm": 8.0, "rotation_deg": 2.0, "delay_ms": 100.0, "size_fraction": 0.05}}, "position_grid_path": "results/position_grid.json", "white_area": {"frame": "base_link", "center_base_m": [0.18459222659243593, -0.012438901168749173, 0.0], "size_xy_m": [0.135, 0.175], "yaw_rad": -3.1366588877894728, "sampling": "continuous_uniform_full_footprint", "source": "GJYfighting/source-code@70502c8:jetarm/src/hiwonder_imgproc/color_detection/config/config.yaml", "table_projection": true}, "camera_mount": {"reference": "camera_calibration_hand", "hand_reference_z_m": 0.17145583202, "link4_translation_m": [-0.04500000000000002, 0.0, 0.07045583202000001], "source_hand_to_optical": [[0.0, 0.0, 1.0, -0.101], [-1.0, 0.0, 0.0, 0.0], [0.0, -1.0, 0.0, 0.045], [0.0, 0.0, 0.0, 1.0]], "derivation": "results/camera_repair_geometry.json"}}, "day9": {"status": "CANDIDATE_UNVALIDATED", "profile": "combined", "methods": ["A", "B", "F"], "seed_diagnostic": 20260908, "seed_pilot": 20260909, "seed_validation": 20260910, "formal_seeds": [20260911, 20260912, 20260913], "pilot_steps_per_method": 3000, "formal_steps_per_method_seed": 10000, "task_reset_failure": "count_failure_without_fake_transition", "P1": {"learning_rate": 0.0003, "gamma": 0.99, "tau": 0.005, "buffer_size": 100000, "batch_size": 128, "learning_starts": 1000, "train_freq": [1, "step"], "gradient_steps": 1, "ent_coef": "auto", "target_entropy": "auto", "target_update_interval": 1, "action_noise": null, "use_sde": false, "optimize_memory_usage": false, "device": "cpu"}, "policy_kwargs": {"net_arch": [64, 64], "activation_fn": "torch.nn.ReLU", "n_critics": 2, "optimizer_class": "torch.optim.Adam", "optimizer_kwargs": {"betas": [0.9, 0.999], "eps": 1e-08, "weight_decay": 0}}, "accepted_optimizations": ["open_servo", "reset_once", "no_resend"], "selection_note": "functional execution candidate; standalone speed benefits not established; opening target control costs time", "control_overrides": {"implemented_in": "day9_env.install_execution_audit", "closing_search_velocity_reference_rad_sec": -0.1, "closing_feedback_hard_bound_verified": false, "search_to_hold_preserve_integral": true, "opening_target_rad": 1.3, "opening_position_tolerance_rad": 0.01, "opening_velocity_reference_cap_rad_sec": 0.1, "opening_pi": [0.75, 2.0], "opening_effort_cap_nm": 1.5, "hold_unchanged": true}}}, "code_hashes": {"analyze_day9.py": "732a6277653843666fb63e0edb79d626c5a259e146a24e419812d5d7db2a12f9", "analyze_self_occlusion.py": "021159e7da66f9dde02fc6c62abdf58864cf33a4787a53ce369de707892a46bf", "config.yaml": "e9f60a524e088d1a0fe6572a085eb5a001839e76db71d1244f9a80c90b61e54d", "day4_env.py": "710b07661208fcf8474e14ae853d5d872d3ea04cf3660f6df5350760b3b53522", "day8_check.py": "9393336635604aba50938a0adcf0f3fdee36f97cc935f85d2f1bf6441b5fe08f", "day8_env.py": "c20c8c59cfafb9ecf3d222deb621af64bddcaf8f1a29b3bde434cfa1269fc537", "day9_env.py": "1a66fc310648c9d45eac697b058b2d03438b65975d7b004ae3ed85277ac30257", "day9_training.py": "51d28abe6cc02e620db77a9c10c93f623d0de6509223dd9de3af8c57497bebf7", "generated/camera_baseline/day3_v5_robot.sdf": "7316b273a6d2bed98ddc6853af26c76470b69d0e736d11a79e04e669a76d9595", "generated/camera_baseline/day3_v5_robot.urdf": "479818df56947f89bd0bfa6db6bed642f1b892a423aa4dcbb5571c88ec469fdc", "generated/day3_v5_robot.sdf": "ede63437936c6597baf51f0f42f1d094e63750ae42616768373defc2102086e1", "generated/day3_v5_robot.urdf": "928b1da749265fd660662bb42779c37dd7d4ba5001cbed816e59bdea1a1085ef", "grasp_geometry_v5.py": "fc1815d10cbcfbb64563268a1b2e978d952b76dc85bb4da522dacc6f46a80352", "io_probe.py": "01c5cd5cc8c6817658778fbb20815a75251ec78145065ad405c7bd97f9b212cc", "manage_day8.py": "3790ff7f3621944df43d904721715a1bde15da3216fd74b024bf907bbc4cfa4c", "manage_day9.py": "a149b0fab4e8862c6fef035c894423b528f0eb2c019c1e93d9845d70ecc910e1", "moveit.launch.py": "5f4395e957478022f0bc32acbbcf1f27e565cdf793a46169005a86a1312a01b5", "moveit_v5/jetarm_6dof.srdf": "050e781b46de6e20a8e380889c80fa323864715766db22108718a7ab7a41f358", "moveit_v5/joint_limits.yaml": "34100799bd26830db251e4384988c390fcf6d52da34f7f668b9d1c78b98d4f3f", "moveit_v5/kinematics.yaml": "1501ebb454f62845ae94011e0d7cb9150185b05fbd45cffd8fec181a750182b9", "moveit_v5/launch_defaults.yaml": "9b52d3771161f749276f21709054fbb411ccddd54c479accf797c9e7e36dd4e6", "moveit_v5/moveit_controllers.yaml": "6e81d67a80a63f0db24406a99e8efc8993a3a24482c20e7c523497bce4c5248f", "moveit_v5/pilz_cartesian_limits.yaml": "fed80b213b77f13fb7b913d703609a66caa72ccb0617b41e83d3057e31749047", "moveit_v5/sensors_3d.yaml": "2da018b37e1038d2d868499d8c6cdf56b95ceda2d859eba80744ed2e7ec246c2", "perception_v5.py": "8c0cd48399360b78dd807550332ef132cc397abdb1576bad2eda2020bd322b99", "perception_v5.yaml": "927b371725cc84f6c939ec085161c6037c2ae221c309213e140dd5090ae1afad", "repair_camera.py": "86eb2db1b1236f4b72859ac8327c6c187de73e02768bc612f08c38696e838a10", "residual_env.py": "caee2ca833a1b226216a80d71be626870e055b79d16824fc35d251c8c92afd95", "run_day9.py": "53e818b9a947d6d46ade067ebd735c866541bdc76168390fff49b275bb48e89c", "run_validation.py": "28ac3bea09c5c53475ea9f33098563dcc4075fb9f557bff598cb8740ac41c1b6", "session_env.sh": "5fa52760e00d761c6d62ecbac5faf769e2610749a0242c00f95e4a370e201502", "simulations/robot_gazebo/config/robot_config.yaml": "37ec82d26af5103bd193a50325465c55b993e43c05589fbf2f6fd9a848d6c35d", "simulations/robot_gazebo/worlds/grasp_table.sdf": "c626376a90506a7f4834ec1124ad66fcc4ac8ab067fcba2964cb6508c2873d6f", "test_day9_contract.py": "881124e19ae379729dffa0012363c21944508a001fef38e91860a23caaceda18", "visual_grasp_v5.py": "6c427a085323aba690965df860ac81f7f2e0e53be9458aea3ef44405f857d4c0", "white_area.py": "72fe11ce9de3f9470851f389c908c922f1bbe692b78eddc29adfe76506795069", "white_area_check.py": "a8707b567eaba2687a0748079a2b813dbd4e160cad3b133caffe30b051cff09c", "world.launch.py": "811932079c7c959111b394aedef8eb83227fb48cc2ec911dddf603ea42cd1446", "write_review.py": "1080defad05d80afad9ef4375d011ac45547f6d38e2682281973076d5a06e93f"}, "fresh": false, "initial": "models/pilot/B_20260909/latest.json", "resolved_execution": {"method": "B", "phase": "train", "profile": "combined", "flags": ["open_servo", "reset_once", "no_resend"], "curriculum_mode": "off", "domain_mode": "off", "internal_smoke_model_loaded": false, "source_reset_attempts": 5, "effective_reset_attempts": 1, "action": "direct SAC physical action", "action_limit_m": 0.005, "yaw_limit_rad": 0.08726646259971647, "base_gain": null, "residual_scale": null, "filter_alpha": null, "confidence_fusion_gate": false, "perception_validity_threshold": 0.66, "closing_search_reference_rad_sec": -0.1, "closing_actual_hard_speed_bound_verified": false, "closing_hold_pi": [0.75, 2.0], "hold_effort_limit_nm": 0.6, "overclose_rad": 0.04, "reward": {"approach_scale": 100.0, "success": 50.0, "drop": -30.0, "collision": -30.0}, "max_steps": 20, "hold_sim_sec": 5.0, "hold_wall_sec": 5.0, "full_trajectory_completion_required": true, "physics_step_sec": 0.002}, "max_task_reset_failures_consecutive": 20, "max_scene_attempts": 6000, "max_technical_retries": 1, "validation_steps": 0, "update_budget": 2000, "checkpoint_every_steps": 200, "checkpoint_max_wall_sec": 1800}
TRIAL=000 PHASE=CHECK_INTERFACES
DAY4_RESET_GRIPPER=OPEN ANGLE_RAD=1.291334 EFFORT_NM=0.011939
DAY4_RESET_GRIPPER=AFTER_INITIAL_MOVE ANGLE_RAD=1.291256 EFFORT_NM=0.534185
TRIAL=001 VISUAL_CENTER=[0.22228825092315674, 0.026418585097417235, 0.015101163172578327] SURFACE=[0.22228825092315674, 0.026418585097417235, 0.030101163172578327] CONTOUR_DEG=0.00 AXIS_STD_DEG=0.00 FOOTPRINT=[0.029761383309960365, 0.029761383309960365] CONFIDENCE=0.9912
TRIAL=001 PHASE=OPEN_GRIPPER
TRIAL=001 PHASE=RETURN_OBSERVATION
DAY4_RESET_GRIPPER=OPEN ANGLE_RAD=1.291170 EFFORT_NM=0.534142
DAY4_RESET_GRIPPER=AFTER_INITIAL_MOVE ANGLE_RAD=1.298051 EFFORT_NM=0.531546
TRIAL=002 PHASE=OPEN_GRIPPER
TRIAL=002 PHASE=RETURN_OBSERVATION
DAY4_RESET_GRIPPER=OPEN ANGLE_RAD=1.291146 EFFORT_NM=0.534172
DAY4_RESET_GRIPPER=AFTER_INITIAL_MOVE ANGLE_RAD=1.298056 EFFORT_NM=0.531558
TRIAL=003 VISUAL_CENTER=[0.15220743417739868, 0.010111938696354628, 0.015094188579738002] SURFACE=[0.15220743417739868, 0.010111938696354628, 0.030094188579738] CONTOUR_DEG=0.00 AXIS_STD_DEG=0.00 FOOTPRINT=[0.029659569263458252, 0.029659569263458252] CONFIDENCE=0.9941
TRIAL=003 SELECTED_CONTOUR_ORIENTATION=+90.00deg TILT=0.0 LEAN=-1 SYMMETRY=1 IK_FK_POS_ERROR=0.000000m IK_FK_ORIENTATION_ERROR=0.000000rad FINGER_FK_LIFT=0.080000m FINGER_FK_DRIFT=0.000000m JOINT_MOTION=1.933956rad
DAY4_MOTION_DONE=1 ELAPSED_SIM=1.200 INITIAL_ERR=0.04248 FINAL_ERR=0.00057 ARM_V=0.00638
DAY4_STEP=1 EPISODE=003 STEP=01 DIST=0.026510 YAW_ERR_DEG=2.633 REQUESTED_MOVE=0.006595 EXECUTED_MOVE=0.006506 ATTEMPT=0 SUCCESS=0 TERMINATED=0 TRUNCATED=0
DAY4_MOTION_DONE=1 ELAPSED_SIM=1.272 INITIAL_ERR=0.09238 FINAL_ERR=0.00060 ARM_V=0.00663
DAY4_STEP=1 EPISODE=003 STEP=02 DIST=0.024469 YAW_ERR_DEG=7.135 REQUESTED_MOVE=0.004459 EXECUTED_MOVE=0.004430 ATTEMPT=0 SUCCESS=0 TERMINATED=0 TRUNCATED=0
DAY4_MOTION_DONE=1 ELAPSED_SIM=1.200 INITIAL_ERR=0.04930 FINAL_ERR=0.00074 ARM_V=0.00822
DAY4_STEP=1 EPISODE=003 STEP=03 DIST=0.022903 YAW_ERR_DEG=8.992 REQUESTED_MOVE=0.006255 EXECUTED_MOVE=0.006161 ATTEMPT=0 SUCCESS=0 TERMINATED=0 TRUNCATED=0
DAY4_MOTION_DONE=1 ELAPSED_SIM=1.200 INITIAL_ERR=0.04678 FINAL_ERR=0.00063 ARM_V=0.00702
DAY4_STEP=1 EPISODE=003 STEP=04 DIST=0.022550 YAW_ERR_DEG=9.909 REQUESTED_MOVE=0.005355 EXECUTED_MOVE=0.005282 ATTEMPT=0 SUCCESS=0 TERMINATED=0 TRUNCATED=0
DAY4_MOTION_DONE=1 ELAPSED_SIM=1.200 INITIAL_ERR=0.02930 FINAL_ERR=0.00044 ARM_V=0.00489
DAY4_STEP=1 EPISODE=003 STEP=05 DIST=0.020600 YAW_ERR_DEG=9.854 REQUESTED_MOVE=0.002965 EXECUTED_MOVE=0.002920 ATTEMPT=0 SUCCESS=0 TERMINATED=0 TRUNCATED=0
DAY4_MOTION_DONE=1 ELAPSED_SIM=1.202 INITIAL_ERR=0.03312 FINAL_ERR=0.00045 ARM_V=0.00497
DAY4_STEP=1 EPISODE=003 STEP=06 DIST=0.021510 YAW_ERR_DEG=11.575 REQUESTED_MOVE=0.003715 EXECUTED_MOVE=0.003665 ATTEMPT=0 SUCCESS=0 TERMINATED=0 TRUNCATED=0
DAY4_MOTION_DONE=1 ELAPSED_SIM=1.200 INITIAL_ERR=0.04906 FINAL_ERR=0.00074 ARM_V=0.00819
DAY4_STEP=1 EPISODE=003 STEP=07 DIST=0.024052 YAW_ERR_DEG=10.158 REQUESTED_MOVE=0.005862 EXECUTED_MOVE=0.005774 ATTEMPT=0 SUCCESS=0 TERMINATED=0 TRUNCATED=0
DAY4_MOTION_DONE=1 ELAPSED_SIM=1.200 INITIAL_ERR=0.02914 FINAL_ERR=0.00039 ARM_V=0.00438
DAY4_STEP=1 EPISODE=003 STEP=08 DIST=0.021813 YAW_ERR_DEG=10.508 REQUESTED_MOVE=0.004026 EXECUTED_MOVE=0.003972 ATTEMPT=0 SUCCESS=0 TERMINATED=0 TRUNCATED=0
DAY4_MOTION_DONE=1 ELAPSED_SIM=1.200 INITIAL_ERR=0.04128 FINAL_ERR=0.00062 ARM_V=0.00688
DAY4_STEP=1 EPISODE=003 STEP=09 DIST=0.017665 YAW_ERR_DEG=11.483 REQUESTED_MOVE=0.004857 EXECUTED_MOVE=0.004784 ATTEMPT=0 SUCCESS=0 TERMINATED=0 TRUNCATED=0
DAY4_MOTION_DONE=1 ELAPSED_SIM=1.202 INITIAL_ERR=0.04111 FINAL_ERR=0.00056 ARM_V=0.00618
DAY4_STEP=1 EPISODE=003 STEP=10 DIST=0.019974 YAW_ERR_DEG=10.564 REQUESTED_MOVE=0.004752 EXECUTED_MOVE=0.004688 ATTEMPT=0 SUCCESS=0 TERMINATED=0 TRUNCATED=0
DAY4_MOTION_DONE=1 ELAPSED_SIM=1.200 INITIAL_ERR=0.02024 FINAL_ERR=0.00030 ARM_V=0.00338
DAY4_STEP=1 EPISODE=003 STEP=11 DIST=0.020221 YAW_ERR_DEG=11.927 REQUESTED_MOVE=0.001399 EXECUTED_MOVE=0.001378 ATTEMPT=0 SUCCESS=0 TERMINATED=0 TRUNCATED=0
DAY4_MOTION_DONE=1 ELAPSED_SIM=1.200 INITIAL_ERR=0.02841 FINAL_ERR=0.00043 ARM_V=0.00474
DAY4_STEP=1 EPISODE=003 STEP=12 DIST=0.018883 YAW_ERR_DEG=9.857 REQUESTED_MOVE=0.004610 EXECUTED_MOVE=0.004541 ATTEMPT=0 SUCCESS=0 TERMINATED=0 TRUNCATED=0
DAY4_MOTION_DONE=1 ELAPSED_SIM=1.200 INITIAL_ERR=0.03292 FINAL_ERR=0.00049 ARM_V=0.00549
DAY4_STEP=1 EPISODE=003 STEP=13 DIST=0.020697 YAW_ERR_DEG=9.491 REQUESTED_MOVE=0.004538 EXECUTED_MOVE=0.004470 ATTEMPT=0 SUCCESS=0 TERMINATED=0 TRUNCATED=0
DAY4_MOTION_DONE=1 ELAPSED_SIM=1.200 INITIAL_ERR=0.01691 FINAL_ERR=0.00025 ARM_V=0.00283
DAY4_STEP=1 EPISODE=003 STEP=14 DIST=0.019885 YAW_ERR_DEG=10.038 REQUESTED_MOVE=0.003426 EXECUTED_MOVE=0.003374 ATTEMPT=0 SUCCESS=0 TERMINATED=0 TRUNCATED=0
DAY4_MOTION_DONE=1 ELAPSED_SIM=1.202 INITIAL_ERR=0.03141 FINAL_ERR=0.00047 ARM_V=0.00524
DAY4_STEP=1 EPISODE=003 STEP=15 DIST=0.020771 YAW_ERR_DEG=10.322 REQUESTED_MOVE=0.004830 EXECUTED_MOVE=0.004758 ATTEMPT=0 SUCCESS=0 TERMINATED=0 TRUNCATED=0
DAY4_MOTION_DONE=1 ELAPSED_SIM=1.264 INITIAL_ERR=0.06857 FINAL_ERR=0.00055 ARM_V=0.00608
DAY4_STEP=1 EPISODE=003 STEP=16 DIST=0.022865 YAW_ERR_DEG=14.101 REQUESTED_MOVE=0.003443 EXECUTED_MOVE=0.003416 ATTEMPT=0 SUCCESS=0 TERMINATED=0 TRUNCATED=0
DAY4_MOTION_DONE=1 ELAPSED_SIM=1.266 INITIAL_ERR=0.08268 FINAL_ERR=0.00053 ARM_V=0.00594
DAY4_STEP=1 EPISODE=003 STEP=17 DIST=0.026000 YAW_ERR_DEG=10.152 REQUESTED_MOVE=0.004800 EXECUTED_MOVE=0.004769 ATTEMPT=0 SUCCESS=0 TERMINATED=0 TRUNCATED=0
DAY4_MOTION_DONE=1 ELAPSED_SIM=1.200 INITIAL_ERR=0.04874 FINAL_ERR=0.00073 ARM_V=0.00814
DAY4_STEP=1 EPISODE=003 STEP=18 DIST=0.023173 YAW_ERR_DEG=10.986 REQUESTED_MOVE=0.007078 EXECUTED_MOVE=0.006972 ATTEMPT=0 SUCCESS=0 TERMINATED=0 TRUNCATED=0
DAY4_MOTION_DONE=1 ELAPSED_SIM=1.258 INITIAL_ERR=0.06892 FINAL_ERR=0.00055 ARM_V=0.00610
DAY4_STEP=1 EPISODE=003 STEP=19 DIST=0.021691 YAW_ERR_DEG=6.108 REQUESTED_MOVE=0.003876 EXECUTED_MOVE=0.003845 ATTEMPT=0 SUCCESS=0 TERMINATED=0 TRUNCATED=0
DAY4_MOTION_DONE=1 ELAPSED_SIM=1.228 INITIAL_ERR=0.05244 FINAL_ERR=0.00052 ARM_V=0.00573
DAY4_STEP=1 EPISODE=003 STEP=20 DIST=0.023299 YAW_ERR_DEG=1.679 REQUESTED_MOVE=0.004913 EXECUTED_MOVE=0.004864 ATTEMPT=0 SUCCESS=0 TERMINATED=0 TRUNCATED=1
DAY4_RESET_GRIPPER=OPEN ANGLE_RAD=1.291142 EFFORT_NM=0.542508
DAY4_RESET_GRIPPER=AFTER_INITIAL_MOVE ANGLE_RAD=1.301617 EFFORT_NM=0.533352
TRIAL=004 VISUAL_CENTER=[0.16551843285560608, -0.06277760863304138, 0.015096041191009837] SURFACE=[0.16551843285560608, -0.06277760863304138, 0.030096041191009837] CONTOUR_DEG=0.00 AXIS_STD_DEG=0.00 FOOTPRINT=[0.029996078461408615, 0.029996078461408615] CONFIDENCE=0.9924
TRIAL=004 SELECTED_CONTOUR_ORIENTATION=+90.00deg TILT=0.0 LEAN=+1 SYMMETRY=1 IK_FK_POS_ERROR=0.000000m IK_FK_ORIENTATION_ERROR=0.000000rad FINGER_FK_LIFT=0.080000m FINGER_FK_DRIFT=0.000000m JOINT_MOTION=2.189597rad
DAY4_MOTION_DONE=1 ELAPSED_SIM=1.256 INITIAL_ERR=0.05773 FINAL_ERR=0.00057 ARM_V=0.00632
DAY4_STEP=1 EPISODE=004 STEP=01 DIST=0.029155 YAW_ERR_DEG=2.097 REQUESTED_MOVE=0.005484 EXECUTED_MOVE=0.005430 ATTEMPT=0 SUCCESS=0 TERMINATED=0 TRUNCATED=0
DAY4_MOTION_DONE=1 ELAPSED_SIM=1.202 INITIAL_ERR=0.04808 FINAL_ERR=0.00065 ARM_V=0.00721
DAY4_STEP=1 EPISODE=004 STEP=02 DIST=0.028081 YAW_ERR_DEG=6.393 REQUESTED_MOVE=0.005010 EXECUTED_MOVE=0.004943 ATTEMPT=0 SUCCESS=0 TERMINATED=0 TRUNCATED=0
DAY4_MOTION_DONE=1 ELAPSED_SIM=1.202 INITIAL_ERR=0.02717 FINAL_ERR=0.00041 ARM_V=0.00453
DAY4_STEP=1 EPISODE=004 STEP=03 DIST=0.028252 YAW_ERR_DEG=4.973 REQUESTED_MOVE=0.003176 EXECUTED_MOVE=0.003128 ATTEMPT=0 SUCCESS=0 TERMINATED=0 TRUNCATED=0
DAY4_MOTION_DONE=1 ELAPSED_SIM=1.268 INITIAL_ERR=0.07344 FINAL_ERR=0.00059 ARM_V=0.00651
DAY4_STEP=1 EPISODE=004 STEP=04 DIST=0.025877 YAW_ERR_DEG=0.955 REQUESTED_MOVE=0.002654 EXECUTED_MOVE=0.002633 ATTEMPT=0 SUCCESS=0 TERMINATED=0 TRUNCATED=0
DAY4_MOTION_DONE=1 ELAPSED_SIM=1.200 INITIAL_ERR=0.02228 FINAL_ERR=0.00030 ARM_V=0.00334
DAY4_STEP=1 EPISODE=004 STEP=05 DIST=0.025263 YAW_ERR_DEG=1.305 REQUESTED_MOVE=0.003728 EXECUTED_MOVE=0.003677 ATTEMPT=0 SUCCESS=0 TERMINATED=0 TRUNCATED=0
DAY4_MOTION_DONE=1 ELAPSED_SIM=1.200 INITIAL_ERR=0.02000 FINAL_ERR=0.00030 ARM_V=0.00334
DAY4_STEP=1 EPISODE=004 STEP=06 DIST=0.023934 YAW_ERR_DEG=0.911 REQUESTED_MOVE=0.003985 EXECUTED_MOVE=0.003925 ATTEMPT=0 SUCCESS=0 TERMINATED=0 TRUNCATED=0
DAY4_MOTION_DONE=1 ELAPSED_SIM=1.268 INITIAL_ERR=0.07048 FINAL_ERR=0.00056 ARM_V=0.00624
DAY4_STEP=1 EPISODE=004 STEP=07 DIST=0.026016 YAW_ERR_DEG=3.825 REQUESTED_MOVE=0.004420 EXECUTED_MOVE=0.004385 ATTEMPT=0 SUCCESS=0 TERMINATED=0 TRUNCATED=0
DAY4_MOTION_DONE=1 ELAPSED_SIM=1.294 INITIAL_ERR=0.10252 FINAL_ERR=0.00054 ARM_V=0.00597
DAY4_STEP=1 EPISODE=004 STEP=08 DIST=0.029755 YAW_ERR_DEG=0.793 REQUESTED_MOVE=0.005879 EXECUTED_MOVE=0.005848 ATTEMPT=0 SUCCESS=0 TERMINATED=0 TRUNCATED=0
DAY4_MOTION_DONE=1 ELAPSED_SIM=1.244 INITIAL_ERR=0.05871 FINAL_ERR=0.00052 ARM_V=0.00579
DAY4_STEP=1 EPISODE=004 STEP=09 DIST=0.025239 YAW_ERR_DEG=2.607 REQUESTED_MOVE=0.006426 EXECUTED_MOVE=0.006369 ATTEMPT=0 SUCCESS=0 TERMINATED=0 TRUNCATED=0
DAY4_MOTION_DONE=1 ELAPSED_SIM=1.200 INITIAL_ERR=0.04931 FINAL_ERR=0.00067 ARM_V=0.00740
DAY4_STEP=1 EPISODE=004 STEP=10 DIST=0.028690 YAW_ERR_DEG=6.794 REQUESTED_MOVE=0.005130 EXECUTED_MOVE=0.005061 ATTEMPT=0 SUCCESS=0 TERMINATED=0 TRUNCATED=0
DAY4_MOTION_DONE=1 ELAPSED_SIM=1.202 INITIAL_ERR=0.04987 FINAL_ERR=0.00067 ARM_V=0.00749
DAY4_STEP=1 EPISODE=004 STEP=11 DIST=0.026151 YAW_ERR_DEG=3.344 REQUESTED_MOVE=0.002973 EXECUTED_MOVE=0.002933 ATTEMPT=0 SUCCESS=0 TERMINATED=0 TRUNCATED=0
DAY4_MOTION_DONE=1 ELAPSED_SIM=1.276 INITIAL_ERR=0.08644 FINAL_ERR=0.00050 ARM_V=0.00559
DAY4_STEP=1 EPISODE=004 STEP=12 DIST=0.023216 YAW_ERR_DEG=8.032 REQUESTED_MOVE=0.003653 EXECUTED_MOVE=0.003632 ATTEMPT=0 SUCCESS=0 TERMINATED=0 TRUNCATED=0
DAY4_MOTION_DONE=1 ELAPSED_SIM=1.202 INITIAL_ERR=0.04961 FINAL_ERR=0.00067 ARM_V=0.00744
DAY4_STEP=1 EPISODE=004 STEP=13 DIST=0.027625 YAW_ERR_DEG=12.376 REQUESTED_MOVE=0.005848 EXECUTED_MOVE=0.005769 ATTEMPT=0 SUCCESS=0 TERMINATED=0 TRUNCATED=0
DAY4_MOTION_DONE=1 ELAPSED_SIM=1.246 INITIAL_ERR=0.06538 FINAL_ERR=0.00058 ARM_V=0.00644
DAY4_STEP=1 EPISODE=004 STEP=14 DIST=0.028061 YAW_ERR_DEG=9.895 REQUESTED_MOVE=0.004440 EXECUTED_MOVE=0.004401 ATTEMPT=0 SUCCESS=0 TERMINATED=0 TRUNCATED=0
DAY4_MOTION_DONE=1 ELAPSED_SIM=1.278 INITIAL_ERR=0.08949 FINAL_ERR=0.00058 ARM_V=0.00643
DAY4_STEP=1 EPISODE=004 STEP=15 DIST=0.026855 YAW_ERR_DEG=13.752 REQUESTED_MOVE=0.005165 EXECUTED_MOVE=0.005132 ATTEMPT=0 SUCCESS=0 TERMINATED=0 TRUNCATED=0
DAY4_MOTION_DONE=1 ELAPSED_SIM=1.274 INITIAL_ERR=0.08587 FINAL_ERR=0.00056 ARM_V=0.00617
DAY4_STEP=1 EPISODE=004 STEP=16 DIST=0.032462 YAW_ERR_DEG=10.072 REQUESTED_MOVE=0.005921 EXECUTED_MOVE=0.005883 ATTEMPT=0 SUCCESS=0 TERMINATED=0 TRUNCATED=0
DAY4_MOTION_DONE=1 ELAPSED_SIM=1.202 INITIAL_ERR=0.03826 FINAL_ERR=0.00052 ARM_V=0.00575
DAY4_STEP=1 EPISODE=004 STEP=17 DIST=0.033736 YAW_ERR_DEG=13.111 REQUESTED_MOVE=0.002765 EXECUTED_MOVE=0.002728 ATTEMPT=0 SUCCESS=0 TERMINATED=0 TRUNCATED=0
DAY4_MOTION_DONE=1 ELAPSED_SIM=1.202 INITIAL_ERR=0.03877 FINAL_ERR=0.00052 ARM_V=0.00581
DAY4_STEP=1 EPISODE=004 STEP=18 DIST=0.032068 YAW_ERR_DEG=15.981 REQUESTED_MOVE=0.004287 EXECUTED_MOVE=0.004229 ATTEMPT=0 SUCCESS=0 TERMINATED=0 TRUNCATED=0
DAY4_MOTION_DONE=1 ELAPSED_SIM=1.200 INITIAL_ERR=0.03130 FINAL_ERR=0.00047 ARM_V=0.00522
DAY4_STEP=1 EPISODE=004 STEP=19 DIST=0.037264 YAW_ERR_DEG=16.378 REQUESTED_MOVE=0.005988 EXECUTED_MOVE=0.005898 ATTEMPT=0 SUCCESS=0 TERMINATED=0 TRUNCATED=0
DAY4_MOTION_DONE=1 ELAPSED_SIM=1.228 INITIAL_ERR=0.05339 FINAL_ERR=0.00053 ARM_V=0.00584
DAY4_STEP=1 EPISODE=004 STEP=20 DIST=0.039371 YAW_ERR_DEG=14.775 REQUESTED_MOVE=0.005058 EXECUTED_MOVE=0.005009 ATTEMPT=0 SUCCESS=0 TERMINATED=0 TRUNCATED=1
DAY4_RESET_GRIPPER=OPEN ANGLE_RAD=1.291180 EFFORT_NM=0.554180
DAY4_RESET_GRIPPER=AFTER_INITIAL_MOVE ANGLE_RAD=1.303860 EFFORT_NM=0.536905
TRIAL=005 VISUAL_CENTER=[0.18568027019500732, -0.07425365969538689, 0.015097734501658619] SURFACE=[0.18568027019500732, -0.07425365969538689, 0.03009773450165862] CONTOUR_DEG=0.00 AXIS_STD_DEG=0.00 FOOTPRINT=[0.029994234442710876, 0.029994234442710876] CONFIDENCE=0.9947
TRIAL=005 SELECTED_CONTOUR_ORIENTATION=+90.00deg TILT=0.0 LEAN=-1 SYMMETRY=1 IK_FK_POS_ERROR=0.000000m IK_FK_ORIENTATION_ERROR=0.000000rad FINGER_FK_LIFT=0.080000m FINGER_FK_DRIFT=0.000000m JOINT_MOTION=2.437535rad
DAY4_MOTION_DONE=1 ELAPSED_SIM=1.256 INITIAL_ERR=0.07422 FINAL_ERR=0.00059 ARM_V=0.00658
DAY4_STEP=1 EPISODE=005 STEP=01 DIST=0.021643 YAW_ERR_DEG=3.502 REQUESTED_MOVE=0.005206 EXECUTED_MOVE=0.005164 ATTEMPT=0 SUCCESS=0 TERMINATED=0 TRUNCATED=0
DAY4_MOTION_DONE=1 ELAPSED_SIM=1.202 INITIAL_ERR=0.02873 FINAL_ERR=0.00039 ARM_V=0.00431
DAY4_STEP=1 EPISODE=005 STEP=02 DIST=0.026395 YAW_ERR_DEG=4.165 REQUESTED_MOVE=0.007832 EXECUTED_MOVE=0.007726 ATTEMPT=0 SUCCESS=0 TERMINATED=0 TRUNCATED=0
DAY4_MOTION_DONE=1 ELAPSED_SIM=1.200 INITIAL_ERR=0.03149 FINAL_ERR=0.00043 ARM_V=0.00473
DAY4_STEP=1 EPISODE=005 STEP=03 DIST=0.029202 YAW_ERR_DEG=4.818 REQUESTED_MOVE=0.005082 EXECUTED_MOVE=0.005014 ATTEMPT=0 SUCCESS=0 TERMINATED=0 TRUNCATED=0
DAY4_MOTION_DONE=1 ELAPSED_SIM=1.270 INITIAL_ERR=0.08319 FINAL_ERR=0.00060 ARM_V=0.00664
DAY4_STEP=1 EPISODE=005 STEP=04 DIST=0.028709 YAW_ERR_DEG=9.702 REQUESTED_MOVE=0.000852 EXECUTED_MOVE=0.000846 ATTEMPT=0 SUCCESS=0 TERMINATED=0 TRUNCATED=0
DAY4_MOTION_DONE=1 ELAPSED_SIM=1.202 INITIAL_ERR=0.04097 FINAL_ERR=0.00055 ARM_V=0.00614
DAY4_STEP=1 EPISODE=005 STEP=05 DIST=0.029681 YAW_ERR_DEG=12.785 REQUESTED_MOVE=0.003074 EXECUTED_MOVE=0.003032 ATTEMPT=0 SUCCESS=0 TERMINATED=0 TRUNCATED=0
DAY4_MOTION_DONE=1 ELAPSED_SIM=1.200 INITIAL_ERR=0.02837 FINAL_ERR=0.00043 ARM_V=0.00472
DAY4_STEP=1 EPISODE=005 STEP=06 DIST=0.031725 YAW_ERR_DEG=13.785 REQUESTED_MOVE=0.004221 EXECUTED_MOVE=0.004157 ATTEMPT=0 SUCCESS=0 TERMINATED=0 TRUNCATED=0
DAY4_MOTION_DONE=1 ELAPSED_SIM=1.200 INITIAL_ERR=0.02433 FINAL_ERR=0.00033 ARM_V=0.00365
DAY4_STEP=1 EPISODE=005 STEP=07 DIST=0.028162 YAW_ERR_DEG=14.658 REQUESTED_MOVE=0.003749 EXECUTED_MOVE=0.003699 ATTEMPT=0 SUCCESS=0 TERMINATED=0 TRUNCATED=0
DAY4_MOTION_DONE=1 ELAPSED_SIM=1.274 INITIAL_ERR=0.08029 FINAL_ERR=0.00052 ARM_V=0.00576
DAY4_STEP=1 EPISODE=005 STEP=08 DIST=0.029007 YAW_ERR_DEG=18.369 REQUESTED_MOVE=0.003957 EXECUTED_MOVE=0.003931 ATTEMPT=0 SUCCESS=0 TERMINATED=0 TRUNCATED=0
DAY4_MOTION_DONE=1 ELAPSED_SIM=1.324 INITIAL_ERR=0.07869 FINAL_ERR=0.00051 ARM_V=0.00565
DAY4_STEP=1 EPISODE=005 STEP=09 DIST=0.026301 YAW_ERR_DEG=22.547 REQUESTED_MOVE=0.003423 EXECUTED_MOVE=0.003401 ATTEMPT=0 SUCCESS=0 TERMINATED=0 TRUNCATED=0
DAY4_MOTION_DONE=1 ELAPSED_SIM=1.202 INITIAL_ERR=0.04230 FINAL_ERR=0.00064 ARM_V=0.00706
DAY4_STEP=1 EPISODE=005 STEP=10 DIST=0.028496 YAW_ERR_DEG=23.883 REQUESTED_MOVE=0.003645 EXECUTED_MOVE=0.003591 ATTEMPT=0 SUCCESS=0 TERMINATED=0 TRUNCATED=0
DAY4_MOTION_DONE=1 ELAPSED_SIM=1.268 INITIAL_ERR=0.07789 FINAL_ERR=0.00056 ARM_V=0.00621
DAY4_STEP=1 EPISODE=005 STEP=11 DIST=0.024517 YAW_ERR_DEG=20.221 REQUESTED_MOVE=0.006743 EXECUTED_MOVE=0.006693 ATTEMPT=0 SUCCESS=0 TERMINATED=0 TRUNCATED=0
DAY4_MOTION_DONE=1 ELAPSED_SIM=1.242 INITIAL_ERR=0.05100 FINAL_ERR=0.00050 ARM_V=0.00558
DAY4_STEP=1 EPISODE=005 STEP=12 DIST=0.020223 YAW_ERR_DEG=17.578 REQUESTED_MOVE=0.007074 EXECUTED_MOVE=0.007004 ATTEMPT=0 SUCCESS=0 TERMINATED=0 TRUNCATED=0
DAY4_MOTION_DONE=1 ELAPSED_SIM=1.234 INITIAL_ERR=0.05523 FINAL_ERR=0.00054 ARM_V=0.00604
DAY4_STEP=1 EPISODE=005 STEP=13 DIST=0.018594 YAW_ERR_DEG=19.658 REQUESTED_MOVE=0.008164 EXECUTED_MOVE=0.008083 ATTEMPT=0 SUCCESS=0 TERMINATED=0 TRUNCATED=0
DAY4_MOTION_DONE=1 ELAPSED_SIM=1.202 INITIAL_ERR=0.04816 FINAL_ERR=0.00072 ARM_V=0.00802
DAY4_STEP=1 EPISODE=005 STEP=14 DIST=0.019720 YAW_ERR_DEG=21.213 REQUESTED_MOVE=0.004254 EXECUTED_MOVE=0.004191 ATTEMPT=0 SUCCESS=0 TERMINATED=0 TRUNCATED=0
DAY4_MOTION_DONE=1 ELAPSED_SIM=1.276 INITIAL_ERR=0.05107 FINAL_ERR=0.00050 ARM_V=0.00559
DAY4_STEP=1 EPISODE=005 STEP=15 DIST=0.020066 YAW_ERR_DEG=24.646 REQUESTED_MOVE=0.004460 EXECUTED_MOVE=0.004416 ATTEMPT=0 SUCCESS=0 TERMINATED=0 TRUNCATED=0
DAY4_MOTION_DONE=1 ELAPSED_SIM=1.250 INITIAL_ERR=0.06803 FINAL_ERR=0.00054 ARM_V=0.00603
DAY4_STEP=1 EPISODE=005 STEP=16 DIST=0.014385 YAW_ERR_DEG=27.415 REQUESTED_MOVE=0.006131 EXECUTED_MOVE=0.006082 ATTEMPT=0 SUCCESS=0 TERMINATED=0 TRUNCATED=0
DAY4_MOTION_DONE=1 ELAPSED_SIM=1.202 INITIAL_ERR=0.03606 FINAL_ERR=0.00049 ARM_V=0.00542
DAY4_STEP=1 EPISODE=005 STEP=17 DIST=0.013591 YAW_ERR_DEG=24.091 REQUESTED_MOVE=0.004983 EXECUTED_MOVE=0.004916 ATTEMPT=0 SUCCESS=0 TERMINATED=0 TRUNCATED=0
DAY4_MOTION_DONE=1 ELAPSED_SIM=1.200 INITIAL_ERR=0.01856 FINAL_ERR=0.00025 ARM_V=0.00279
DAY4_STEP=1 EPISODE=005 STEP=18 DIST=0.013479 YAW_ERR_DEG=25.348 REQUESTED_MOVE=0.004084 EXECUTED_MOVE=0.004029 ATTEMPT=0 SUCCESS=0 TERMINATED=0 TRUNCATED=0
DAY4_MOTION_DONE=1 ELAPSED_SIM=1.202 INITIAL_ERR=0.01850 FINAL_ERR=0.00031 ARM_V=0.00343
DAY4_STEP=1 EPISODE=005 STEP=19 DIST=0.014930 YAW_ERR_DEG=25.617 REQUESTED_MOVE=0.004305 EXECUTED_MOVE=0.004234 ATTEMPT=0 SUCCESS=0 TERMINATED=0 TRUNCATED=0
DAY4_MOTION_DONE=1 ELAPSED_SIM=1.202 INITIAL_ERR=0.01615 FINAL_ERR=0.00030 ARM_V=0.00332
DAY4_STEP=1 EPISODE=005 STEP=20 DIST=0.013757 YAW_ERR_DEG=24.214 REQUESTED_MOVE=0.002048 EXECUTED_MOVE=0.002010 ATTEMPT=0 SUCCESS=0 TERMINATED=0 TRUNCATED=1
DAY4_RESET_GRIPPER=OPEN ANGLE_RAD=1.291197 EFFORT_NM=0.553943
DAY4_RESET_GRIPPER=AFTER_INITIAL_MOVE ANGLE_RAD=1.304137 EFFORT_NM=0.534012
TRIAL=006 VISUAL_CENTER=[0.19193555414676666, -0.03613675804808736, 0.01509905470378324] SURFACE=[0.19193555414676666, -0.03613675804808736, 0.03009905470378324] CONTOUR_DEG=0.00 AXIS_STD_DEG=0.00 FOOTPRINT=[0.02999812737107277, 0.02999812737107277] CONFIDENCE=0.9918
TRIAL=006 SELECTED_CONTOUR_ORIENTATION=+90.00deg TILT=0.0 LEAN=-1 SYMMETRY=1 IK_FK_POS_ERROR=0.000000m IK_FK_ORIENTATION_ERROR=0.000000rad FINGER_FK_LIFT=0.080000m FINGER_FK_DRIFT=0.000000m JOINT_MOTION=2.230763rad
DAY4_MOTION_DONE=1 ELAPSED_SIM=1.202 INITIAL_ERR=0.02645 FINAL_ERR=0.00040 ARM_V=0.00441
DAY4_STEP=1 EPISODE=006 STEP=01 DIST=0.020617 YAW_ERR_DEG=1.746 REQUESTED_MOVE=0.006307 EXECUTED_MOVE=0.006212 ATTEMPT=0 SUCCESS=0 TERMINATED=0 TRUNCATED=0
DAY4_MOTION_DONE=1 ELAPSED_SIM=1.200 INITIAL_ERR=0.04419 FINAL_ERR=0.00066 ARM_V=0.00737
DAY4_STEP=1 EPISODE=006 STEP=02 DIST=0.023868 YAW_ERR_DEG=2.932 REQUESTED_MOVE=0.005949 EXECUTED_MOVE=0.005860 ATTEMPT=0 SUCCESS=0 TERMINATED=0 TRUNCATED=0
DAY4_MOTION_DONE=1 ELAPSED_SIM=1.278 INITIAL_ERR=0.05360 FINAL_ERR=0.00053 ARM_V=0.00586
DAY4_STEP=1 EPISODE=006 STEP=03 DIST=0.021228 YAW_ERR_DEG=0.090 REQUESTED_MOVE=0.002895 EXECUTED_MOVE=0.002867 ATTEMPT=0 SUCCESS=0 TERMINATED=0 TRUNCATED=0
DAY4_MOTION_DONE=1 ELAPSED_SIM=1.200 INITIAL_ERR=0.04286 FINAL_ERR=0.00079 ARM_V=0.00883
DAY4_STEP=1 EPISODE=006 STEP=04 DIST=0.024687 YAW_ERR_DEG=3.143 REQUESTED_MOVE=0.005381 EXECUTED_MOVE=0.005281 ATTEMPT=0 SUCCESS=0 TERMINATED=0 TRUNCATED=0
DAY4_MOTION_DONE=1 ELAPSED_SIM=1.202 INITIAL_ERR=0.04562 FINAL_ERR=0.00105 ARM_V=0.01162
DAY4_STEP=1 EPISODE=006 STEP=05 DIST=0.025889 YAW_ERR_DEG=1.035 REQUESTED_MOVE=0.004096 EXECUTED_MOVE=0.004002 ATTEMPT=0 SUCCESS=0 TERMINATED=0 TRUNCATED=0
DAY4_MOTION_DONE=1 ELAPSED_SIM=1.202 INITIAL_ERR=0.03104 FINAL_ERR=0.00057 ARM_V=0.00638
DAY4_STEP=1 EPISODE=006 STEP=06 DIST=0.029445 YAW_ERR_DEG=3.660 REQUESTED_MOVE=0.004221 EXECUTED_MOVE=0.004143 ATTEMPT=0 SUCCESS=0 TERMINATED=0 TRUNCATED=0
DAY4_MOTION_DONE=1 ELAPSED_SIM=1.200 INITIAL_ERR=0.04340 FINAL_ERR=0.00072 ARM_V=0.00803
DAY4_STEP=1 EPISODE=006 STEP=07 DIST=0.031896 YAW_ERR_DEG=5.567 REQUESTED_MOVE=0.005105 EXECUTED_MOVE=0.005020 ATTEMPT=0 SUCCESS=0 TERMINATED=0 TRUNCATED=0
DAY4_MOTION_DONE=1 ELAPSED_SIM=1.280 INITIAL_ERR=0.07801 FINAL_ERR=0.00050 ARM_V=0.00560
DAY4_STEP=1 EPISODE=006 STEP=08 DIST=0.030418 YAW_ERR_DEG=8.946 REQUESTED_MOVE=0.004639 EXECUTED_MOVE=0.004609 ATTEMPT=0 SUCCESS=0 TERMINATED=0 TRUNCATED=0
DAY4_MOTION_DONE=1 ELAPSED_SIM=1.202 INITIAL_ERR=0.02650 FINAL_ERR=0.00049 ARM_V=0.00546
DAY4_STEP=1 EPISODE=006 STEP=09 DIST=0.035524 YAW_ERR_DEG=11.331 REQUESTED_MOVE=0.006903 EXECUTED_MOVE=0.006775 ATTEMPT=0 SUCCESS=0 TERMINATED=0 TRUNCATED=0
DAY4_MOTION_DONE=1 ELAPSED_SIM=1.200 INITIAL_ERR=0.04431 FINAL_ERR=0.00091 ARM_V=0.01014
DAY4_STEP=1 EPISODE=006 STEP=10 DIST=0.033803 YAW_ERR_DEG=9.903 REQUESTED_MOVE=0.005634 EXECUTED_MOVE=0.005518 ATTEMPT=0 SUCCESS=0 TERMINATED=0 TRUNCATED=0
DAY4_MOTION_DONE=1 ELAPSED_SIM=1.202 INITIAL_ERR=0.03175 FINAL_ERR=0.00048 ARM_V=0.00529
DAY4_STEP=1 EPISODE=006 STEP=11 DIST=0.034850 YAW_ERR_DEG=8.735 REQUESTED_MOVE=0.002319 EXECUTED_MOVE=0.002284 ATTEMPT=0 SUCCESS=0 TERMINATED=0 TRUNCATED=0
DAY4_MOTION_DONE=1 ELAPSED_SIM=1.202 INITIAL_ERR=0.04124 FINAL_ERR=0.00062 ARM_V=0.00688
DAY4_STEP=1 EPISODE=006 STEP=12 DIST=0.036038 YAW_ERR_DEG=5.641 REQUESTED_MOVE=0.004630 EXECUTED_MOVE=0.004560 ATTEMPT=0 SUCCESS=0 TERMINATED=0 TRUNCATED=0
DAY4_MOTION_DONE=1 ELAPSED_SIM=1.200 INITIAL_ERR=0.03567 FINAL_ERR=0.00066 ARM_V=0.00734
DAY4_STEP=1 EPISODE=006 STEP=13 DIST=0.037500 YAW_ERR_DEG=2.920 REQUESTED_MOVE=0.004652 EXECUTED_MOVE=0.004566 ATTEMPT=0 SUCCESS=0 TERMINATED=0 TRUNCATED=0
DAY4_MOTION_DONE=1 ELAPSED_SIM=1.202 INITIAL_ERR=0.01844 FINAL_ERR=0.00034 ARM_V=0.00379
DAY4_STEP=1 EPISODE=006 STEP=14 DIST=0.038476 YAW_ERR_DEG=2.867 REQUESTED_MOVE=0.004186 EXECUTED_MOVE=0.004109 ATTEMPT=0 SUCCESS=0 TERMINATED=0 TRUNCATED=0
DAY4_MOTION_DONE=1 ELAPSED_SIM=1.200 INITIAL_ERR=0.02618 FINAL_ERR=0.00049 ARM_V=0.00540
DAY4_STEP=1 EPISODE=006 STEP=15 DIST=0.034866 YAW_ERR_DEG=2.304 REQUESTED_MOVE=0.004045 EXECUTED_MOVE=0.003970 ATTEMPT=0 SUCCESS=0 TERMINATED=0 TRUNCATED=0
DAY4_MOTION_DONE=1 ELAPSED_SIM=1.280 INITIAL_ERR=0.06456 FINAL_ERR=0.00052 ARM_V=0.00572
DAY4_STEP=1 EPISODE=006 STEP=16 DIST=0.032081 YAW_ERR_DEG=5.023 REQUESTED_MOVE=0.004672 EXECUTED_MOVE=0.004635 ATTEMPT=0 SUCCESS=0 TERMINATED=0 TRUNCATED=0
DAY4_MOTION_DONE=1 ELAPSED_SIM=1.202 INITIAL_ERR=0.04204 FINAL_ERR=0.00070 ARM_V=0.00778
DAY4_STEP=1 EPISODE=006 STEP=17 DIST=0.029990 YAW_ERR_DEG=7.544 REQUESTED_MOVE=0.003178 EXECUTED_MOVE=0.003125 ATTEMPT=0 SUCCESS=0 TERMINATED=0 TRUNCATED=0
DAY4_MOTION_DONE=1 ELAPSED_SIM=1.266 INITIAL_ERR=0.05321 FINAL_ERR=0.00052 ARM_V=0.00583
DAY4_STEP=1 EPISODE=006 STEP=18 DIST=0.034077 YAW_ERR_DEG=3.097 REQUESTED_MOVE=0.007578 EXECUTED_MOVE=0.007504 ATTEMPT=0 SUCCESS=0 TERMINATED=0 TRUNCATED=0
DAY4_MOTION_DONE=1 ELAPSED_SIM=1.202 INITIAL_ERR=0.04010 FINAL_ERR=0.00092 ARM_V=0.01019
DAY4_STEP=1 EPISODE=006 STEP=19 DIST=0.035137 YAW_ERR_DEG=3.668 REQUESTED_MOVE=0.005075 EXECUTED_MOVE=0.004959 ATTEMPT=0 SUCCESS=0 TERMINATED=0 TRUNCATED=0
DAY4_MOTION_DONE=1 ELAPSED_SIM=1.202 INITIAL_ERR=0.03251 FINAL_ERR=0.00060 ARM_V=0.00669
DAY4_STEP=1 EPISODE=006 STEP=20 DIST=0.037377 YAW_ERR_DEG=2.291 REQUESTED_MOVE=0.004917 EXECUTED_MOVE=0.004826 ATTEMPT=0 SUCCESS=0 TERMINATED=0 TRUNCATED=1
DAY4_RESET_GRIPPER=OPEN ANGLE_RAD=1.291158 EFFORT_NM=0.564663
DAY4_RESET_GRIPPER=AFTER_INITIAL_MOVE ANGLE_RAD=1.306755 EFFORT_NM=0.535188
TRIAL=007 VISUAL_CENTER=[0.2252829372882843, -0.016418944811448455, 0.015102420084835422] SURFACE=[0.2252829372882843, -0.016418944811448455, 0.03010242008483542] CONTOUR_DEG=-0.00 AXIS_STD_DEG=0.00 FOOTPRINT=[0.029532194137573242, 0.029532194137573242] CONFIDENCE=0.9941
TRIAL=007 PHASE=OPEN_GRIPPER
TRIAL=007 PHASE=RETURN_OBSERVATION
DAY4_RESET_GRIPPER=OPEN ANGLE_RAD=1.291155 EFFORT_NM=0.534141
DAY4_RESET_GRIPPER=AFTER_INITIAL_MOVE ANGLE_RAD=1.298045 EFFORT_NM=0.531557
TRIAL=008 VISUAL_CENTER=[0.23605740815401077, 0.034558785846456885, 0.015103051873689918] SURFACE=[0.23605740815401077, 0.034558785846456885, 0.030103051873689918] CONTOUR_DEG=0.00 AXIS_STD_DEG=0.00 FOOTPRINT=[0.0299642076715827, 0.0299642076715827] CONFIDENCE=0.9944
TRIAL=008 PHASE=OPEN_GRIPPER
TRIAL=008 PHASE=RETURN_OBSERVATION
DAY4_RESET_GRIPPER=OPEN ANGLE_RAD=1.291215 EFFORT_NM=0.534121
DAY4_RESET_GRIPPER=AFTER_INITIAL_MOVE ANGLE_RAD=1.298045 EFFORT_NM=0.531537
TRIAL=009 VISUAL_CENTER=[0.2331567257642746, -0.01483388151973486, 0.01510328416629024] SURFACE=[0.2331567257642746, -0.01483388151973486, 0.03010328416629024] CONTOUR_DEG=0.00 AXIS_STD_DEG=0.00 FOOTPRINT=[0.02995287999510765, 0.02995287999510765] CONFIDENCE=0.9959
TRIAL=009 PHASE=OPEN_GRIPPER
TRIAL=009 PHASE=RETURN_OBSERVATION
DAY4_RESET_GRIPPER=OPEN ANGLE_RAD=1.291236 EFFORT_NM=0.534116
DAY4_RESET_GRIPPER=AFTER_INITIAL_MOVE ANGLE_RAD=1.298064 EFFORT_NM=0.531540
TRIAL=010 VISUAL_CENTER=[0.15638141334056854, -0.059570591896772385, 0.015094463455537915] SURFACE=[0.15638141334056854, -0.059570591896772385, 0.030094463455537915] CONTOUR_DEG=0.03 AXIS_STD_DEG=0.00 FOOTPRINT=[0.030001135542988777, 0.030001135542988777] CONFIDENCE=0.9915
TRIAL=010 SELECTED_CONTOUR_ORIENTATION=+90.03deg TILT=0.0 LEAN=-1 SYMMETRY=1 IK_FK_POS_ERROR=0.000000m IK_FK_ORIENTATION_ERROR=0.000000rad FINGER_FK_LIFT=0.080000m FINGER_FK_DRIFT=0.000000m JOINT_MOTION=2.157622rad
DAY4_MOTION_DONE=1 ELAPSED_SIM=1.202 INITIAL_ERR=0.03064 FINAL_ERR=0.00041 ARM_V=0.00460
DAY4_STEP=1 EPISODE=010 STEP=01 DIST=0.020948 YAW_ERR_DEG=1.099 REQUESTED_MOVE=0.004216 EXECUTED_MOVE=0.004160 ATTEMPT=0 SUCCESS=0 TERMINATED=0 TRUNCATED=0
DAY4_MOTION_DONE=1 ELAPSED_SIM=1.262 INITIAL_ERR=0.07522 FINAL_ERR=0.00060 ARM_V=0.00667
DAY4_STEP=1 EPISODE=010 STEP=02 DIST=0.024307 YAW_ERR_DEG=3.782 REQUESTED_MOVE=0.006495 EXECUTED_MOVE=0.006443 ATTEMPT=0 SUCCESS=0 TERMINATED=0 TRUNCATED=0
DAY4_MOTION_DONE=1 ELAPSED_SIM=1.200 INITIAL_ERR=0.04903 FINAL_ERR=0.00074 ARM_V=0.00817
DAY4_STEP=1 EPISODE=010 STEP=03 DIST=0.022863 YAW_ERR_DEG=5.666 REQUESTED_MOVE=0.003031 EXECUTED_MOVE=0.002985 ATTEMPT=0 SUCCESS=0 TERMINATED=0 TRUNCATED=0
DAY4_MOTION_DONE=1 ELAPSED_SIM=1.248 INITIAL_ERR=0.06577 FINAL_ERR=0.00058 ARM_V=0.00648
DAY4_STEP=1 EPISODE=010 STEP=04 DIST=0.026137 YAW_ERR_DEG=1.828 REQUESTED_MOVE=0.003444 EXECUTED_MOVE=0.003413 ATTEMPT=0 SUCCESS=0 TERMINATED=0 TRUNCATED=0
DAY4_MOTION_DONE=1 ELAPSED_SIM=1.200 INITIAL_ERR=0.03787 FINAL_ERR=0.00051 ARM_V=0.00569
DAY4_STEP=1 EPISODE=010 STEP=05 DIST=0.031492 YAW_ERR_DEG=4.093 REQUESTED_MOVE=0.005792 EXECUTED_MOVE=0.005714 ATTEMPT=0 SUCCESS=0 TERMINATED=0 TRUNCATED=0
DAY4_MOTION_DONE=1 ELAPSED_SIM=1.232 INITIAL_ERR=0.05091 FINAL_ERR=0.00050 ARM_V=0.00557
DAY4_STEP=1 EPISODE=010 STEP=06 DIST=0.028504 YAW_ERR_DEG=0.181 REQUESTED_MOVE=0.005628 EXECUTED_MOVE=0.005573 ATTEMPT=0 SUCCESS=0 TERMINATED=0 TRUNCATED=0
DAY4_MOTION_DONE=1 ELAPSED_SIM=1.268 INITIAL_ERR=0.07695 FINAL_ERR=0.00050 ARM_V=0.00553
DAY4_STEP=1 EPISODE=010 STEP=07 DIST=0.031192 YAW_ERR_DEG=4.544 REQUESTED_MOVE=0.007989 EXECUTED_MOVE=0.007938 ATTEMPT=0 SUCCESS=0 TERMINATED=0 TRUNCATED=0
DAY4_MOTION_DONE=1 ELAPSED_SIM=1.202 INITIAL_ERR=0.04618 FINAL_ERR=0.00069 ARM_V=0.00771
DAY4_STEP=1 EPISODE=010 STEP=08 DIST=0.030111 YAW_ERR_DEG=0.335 REQUESTED_MOVE=0.004589 EXECUTED_MOVE=0.004520 ATTEMPT=0 SUCCESS=0 TERMINATED=0 TRUNCATED=0
DAY4_MOTION_DONE=1 ELAPSED_SIM=1.202 INITIAL_ERR=0.03305 FINAL_ERR=0.00050 ARM_V=0.00552
DAY4_STEP=1 EPISODE=010 STEP=09 DIST=0.031647 YAW_ERR_DEG=2.402 REQUESTED_MOVE=0.003625 EXECUTED_MOVE=0.003571 ATTEMPT=0 SUCCESS=0 TERMINATED=0 TRUNCATED=0
DAY4_MOTION_DONE=1 ELAPSED_SIM=1.202 INITIAL_ERR=0.02803 FINAL_ERR=0.00042 ARM_V=0.00468
DAY4_STEP=1 EPISODE=010 STEP=10 DIST=0.028151 YAW_ERR_DEG=3.307 REQUESTED_MOVE=0.004184 EXECUTED_MOVE=0.004120 ATTEMPT=0 SUCCESS=0 TERMINATED=0 TRUNCATED=0
DAY4_MOTION_DONE=1 ELAPSED_SIM=1.238 INITIAL_ERR=0.05760 FINAL_ERR=0.00051 ARM_V=0.00567
DAY4_STEP=1 EPISODE=010 STEP=11 DIST=0.028468 YAW_ERR_DEG=0.642 REQUESTED_MOVE=0.003113 EXECUTED_MOVE=0.003086 ATTEMPT=0 SUCCESS=0 TERMINATED=0 TRUNCATED=0
DAY4_MOTION_DONE=1 ELAPSED_SIM=1.230 INITIAL_ERR=0.06052 FINAL_ERR=0.00060 ARM_V=0.00662
DAY4_STEP=1 EPISODE=010 STEP=12 DIST=0.025666 YAW_ERR_DEG=0.509 REQUESTED_MOVE=0.006677 EXECUTED_MOVE=0.006610 ATTEMPT=0 SUCCESS=0 TERMINATED=0 TRUNCATED=0
DAY4_MOTION_DONE=1 ELAPSED_SIM=1.262 INITIAL_ERR=0.07196 FINAL_ERR=0.00052 ARM_V=0.00574
DAY4_STEP=1 EPISODE=010 STEP=13 DIST=0.024544 YAW_ERR_DEG=3.297 REQUESTED_MOVE=0.006803 EXECUTED_MOVE=0.006754 ATTEMPT=0 SUCCESS=0 TERMINATED=0 TRUNCATED=0
DAY4_MOTION_DONE=1 ELAPSED_SIM=1.238 INITIAL_ERR=0.05682 FINAL_ERR=0.00050 ARM_V=0.00560
DAY4_STEP=1 EPISODE=010 STEP=14 DIST=0.029125 YAW_ERR_DEG=1.390 REQUESTED_MOVE=0.005357 EXECUTED_MOVE=0.005309 ATTEMPT=0 SUCCESS=0 TERMINATED=0 TRUNCATED=0
DAY4_MOTION_DONE=1 ELAPSED_SIM=1.280 INITIAL_ERR=0.08557 FINAL_ERR=0.00050 ARM_V=0.00553
DAY4_STEP=1 EPISODE=010 STEP=15 DIST=0.030039 YAW_ERR_DEG=2.628 REQUESTED_MOVE=0.002445 EXECUTED_MOVE=0.002430 ATTEMPT=0 SUCCESS=0 TERMINATED=0 TRUNCATED=0
DAY4_MOTION_DONE=1 ELAPSED_SIM=1.202 INITIAL_ERR=0.04266 FINAL_ERR=0.00088 ARM_V=0.00976
DAY4_STEP=1 EPISODE=010 STEP=16 DIST=0.029117 YAW_ERR_DEG=4.647 REQUESTED_MOVE=0.005074 EXECUTED_MOVE=0.004969 ATTEMPT=0 SUCCESS=0 TERMINATED=0 TRUNCATED=0
DAY4_MOTION_DONE=1 ELAPSED_SIM=1.202 INITIAL_ERR=0.03638 FINAL_ERR=0.00049 ARM_V=0.00545
DAY4_STEP=1 EPISODE=010 STEP=17 DIST=0.026761 YAW_ERR_DEG=6.433 REQUESTED_MOVE=0.005459 EXECUTED_MOVE=0.005386 ATTEMPT=0 SUCCESS=0 TERMINATED=0 TRUNCATED=0
DAY4_MOTION_DONE=1 ELAPSED_SIM=1.242 INITIAL_ERR=0.05941 FINAL_ERR=0.00053 ARM_V=0.00585
DAY4_STEP=1 EPISODE=010 STEP=18 DIST=0.023842 YAW_ERR_DEG=8.482 REQUESTED_MOVE=0.006605 EXECUTED_MOVE=0.006547 ATTEMPT=0 SUCCESS=0 TERMINATED=0 TRUNCATED=0
DAY4_MOTION_DONE=1 ELAPSED_SIM=1.202 INITIAL_ERR=0.03923 FINAL_ERR=0.00073 ARM_V=0.00808
DAY4_STEP=1 EPISODE=010 STEP=19 DIST=0.025046 YAW_ERR_DEG=9.739 REQUESTED_MOVE=0.007417 EXECUTED_MOVE=0.007279 ATTEMPT=0 SUCCESS=0 TERMINATED=0 TRUNCATED=0
DAY4_MOTION_DONE=1 ELAPSED_SIM=1.202 INITIAL_ERR=0.04205 FINAL_ERR=0.00057 ARM_V=0.00631
DAY4_STEP=1 EPISODE=010 STEP=20 DIST=0.027373 YAW_ERR_DEG=6.721 REQUESTED_MOVE=0.003920 EXECUTED_MOVE=0.003867 ATTEMPT=0 SUCCESS=0 TERMINATED=0 TRUNCATED=1
DAY4_RESET_GRIPPER=OPEN ANGLE_RAD=1.291214 EFFORT_NM=0.537560
DAY4_RESET_GRIPPER=AFTER_INITIAL_MOVE ANGLE_RAD=1.299578 EFFORT_NM=0.536500
TRIAL=011 VISUAL_CENTER=[0.20359664410352707, 0.03198438719846308, 0.015099834106814466] SURFACE=[0.20359664410352707, 0.03198438719846308, 0.030099834106814466] CONTOUR_DEG=0.00 AXIS_STD_DEG=0.00 FOOTPRINT=[0.02998187579214573, 0.02998187579214573] CONFIDENCE=0.9945
TRIAL=011 SELECTED_CONTOUR_ORIENTATION=+90.00deg TILT=0.0 LEAN=-1 SYMMETRY=1 IK_FK_POS_ERROR=0.000000m IK_FK_ORIENTATION_ERROR=0.000000rad FINGER_FK_LIFT=0.080000m FINGER_FK_DRIFT=0.000000m JOINT_MOTION=2.424411rad
DAY4_MOTION_DONE=1 ELAPSED_SIM=1.202 INITIAL_ERR=0.03931 FINAL_ERR=0.00059 ARM_V=0.00656
DAY4_STEP=1 EPISODE=011 STEP=01 DIST=0.029875 YAW_ERR_DEG=0.440 REQUESTED_MOVE=0.005135 EXECUTED_MOVE=0.005058 ATTEMPT=0 SUCCESS=0 TERMINATED=0 TRUNCATED=0
DAY4_MOTION_DONE=1 ELAPSED_SIM=1.200 INITIAL_ERR=0.04702 FINAL_ERR=0.00064 ARM_V=0.00706
DAY4_STEP=1 EPISODE=011 STEP=02 DIST=0.029242 YAW_ERR_DEG=2.316 REQUESTED_MOVE=0.001823 EXECUTED_MOVE=0.001798 ATTEMPT=0 SUCCESS=0 TERMINATED=0 TRUNCATED=0
DAY4_MOTION_DONE=1 ELAPSED_SIM=1.200 INITIAL_ERR=0.02014 FINAL_ERR=0.00030 ARM_V=0.00335
DAY4_STEP=1 EPISODE=011 STEP=03 DIST=0.027991 YAW_ERR_DEG=2.384 REQUESTED_MOVE=0.004322 EXECUTED_MOVE=0.004257 ATTEMPT=0 SUCCESS=0 TERMINATED=0 TRUNCATED=0
DAY4_MOTION_DONE=1 ELAPSED_SIM=1.282 INITIAL_ERR=0.08770 FINAL_ERR=0.00051 ARM_V=0.00567
DAY4_STEP=1 EPISODE=011 STEP=04 DIST=0.031951 YAW_ERR_DEG=2.030 REQUESTED_MOVE=0.004765 EXECUTED_MOVE=0.004737 ATTEMPT=0 SUCCESS=0 TERMINATED=0 TRUNCATED=0
DAY4_MOTION_DONE=1 ELAPSED_SIM=1.200 INITIAL_ERR=0.02858 FINAL_ERR=0.00043 ARM_V=0.00477
DAY4_STEP=1 EPISODE=011 STEP=05 DIST=0.036250 YAW_ERR_DEG=0.809 REQUESTED_MOVE=0.005622 EXECUTED_MOVE=0.005538 ATTEMPT=0 SUCCESS=0 TERMINATED=0 TRUNCATED=0
DAY4_MOTION_DONE=1 ELAPSED_SIM=1.200 INITIAL_ERR=0.01142 FINAL_ERR=0.00017 ARM_V=0.00191
DAY4_STEP=1 EPISODE=011 STEP=06 DIST=0.034268 YAW_ERR_DEG=0.906 REQUESTED_MOVE=0.003198 EXECUTED_MOVE=0.003150 ATTEMPT=0 SUCCESS=0 TERMINATED=0 TRUNCATED=0
DAY4_MOTION_DONE=1 ELAPSED_SIM=1.200 INITIAL_ERR=0.04834 FINAL_ERR=0.00065 ARM_V=0.00726
DAY4_STEP=1 EPISODE=011 STEP=07 DIST=0.033133 YAW_ERR_DEG=3.413 REQUESTED_MOVE=0.004001 EXECUTED_MOVE=0.003947 ATTEMPT=0 SUCCESS=0 TERMINATED=0 TRUNCATED=0
DAY4_MOTION_DONE=1 ELAPSED_SIM=1.278 INITIAL_ERR=0.08723 FINAL_ERR=0.00051 ARM_V=0.00564
DAY4_STEP=1 EPISODE=011 STEP=08 DIST=0.033529 YAW_ERR_DEG=1.439 REQUESTED_MOVE=0.004092 EXECUTED_MOVE=0.004069 ATTEMPT=0 SUCCESS=0 TERMINATED=0 TRUNCATED=0
DAY4_MOTION_DONE=1 ELAPSED_SIM=1.200 INITIAL_ERR=0.02983 FINAL_ERR=0.00045 ARM_V=0.00496
DAY4_STEP=1 EPISODE=011 STEP=09 DIST=0.035906 YAW_ERR_DEG=3.244 REQUESTED_MOVE=0.002503 EXECUTED_MOVE=0.002465 ATTEMPT=0 SUCCESS=0 TERMINATED=0 TRUNCATED=0
DAY4_MOTION_DONE=1 ELAPSED_SIM=1.300 INITIAL_ERR=0.11394 FINAL_ERR=0.00054 ARM_V=0.00596
DAY4_STEP=1 EPISODE=011 STEP=10 DIST=0.038053 YAW_ERR_DEG=8.190 REQUESTED_MOVE=0.007122 EXECUTED_MOVE=0.007088 ATTEMPT=0 SUCCESS=0 TERMINATED=0 TRUNCATED=0
DAY4_MOTION_DONE=1 ELAPSED_SIM=1.202 INITIAL_ERR=0.04470 FINAL_ERR=0.00067 ARM_V=0.00746
DAY4_STEP=1 EPISODE=011 STEP=11 DIST=0.041523 YAW_ERR_DEG=7.714 REQUESTED_MOVE=0.006511 EXECUTED_MOVE=0.006413 ATTEMPT=0 SUCCESS=0 TERMINATED=0 TRUNCATED=0
DAY4_MOTION_DONE=1 ELAPSED_SIM=1.258 INITIAL_ERR=0.06775 FINAL_ERR=0.00054 ARM_V=0.00600
DAY4_STEP=1 EPISODE=011 STEP=12 DIST=0.042179 YAW_ERR_DEG=4.292 REQUESTED_MOVE=0.004379 EXECUTED_MOVE=0.004345 ATTEMPT=0 SUCCESS=0 TERMINATED=0 TRUNCATED=0
DAY4_MOTION_DONE=1 ELAPSED_SIM=1.202 INITIAL_ERR=0.04570 FINAL_ERR=0.00069 ARM_V=0.00763
DAY4_STEP=1 EPISODE=011 STEP=13 DIST=0.041785 YAW_ERR_DEG=7.121 REQUESTED_MOVE=0.001852 EXECUTED_MOVE=0.001824 ATTEMPT=0 SUCCESS=0 TERMINATED=0 TRUNCATED=0
DAY4_MOTION_DONE=1 ELAPSED_SIM=1.200 INITIAL_ERR=0.03657 FINAL_ERR=0.00055 ARM_V=0.00610
DAY4_STEP=1 EPISODE=011 STEP=14 DIST=0.042923 YAW_ERR_DEG=5.004 REQUESTED_MOVE=0.004885 EXECUTED_MOVE=0.004812 ATTEMPT=0 SUCCESS=0 TERMINATED=0 TRUNCATED=0
DAY4_MOTION_DONE=1 ELAPSED_SIM=1.234 INITIAL_ERR=0.05301 FINAL_ERR=0.00058 ARM_V=0.00644
DAY4_STEP=1 EPISODE=011 STEP=15 DIST=0.045480 YAW_ERR_DEG=0.651 REQUESTED_MOVE=0.005370 EXECUTED_MOVE=0.005312 ATTEMPT=0 SUCCESS=0 TERMINATED=0 TRUNCATED=0
DAY4_MOTION_DONE=1 ELAPSED_SIM=1.248 INITIAL_ERR=0.06593 FINAL_ERR=0.00053 ARM_V=0.00584
DAY4_STEP=1 EPISODE=011 STEP=16 DIST=0.046009 YAW_ERR_DEG=2.483 REQUESTED_MOVE=0.004679 EXECUTED_MOVE=0.004642 ATTEMPT=0 SUCCESS=0 TERMINATED=0 TRUNCATED=0
DAY4_MOTION_DONE=1 ELAPSED_SIM=1.202 INITIAL_ERR=0.04303 FINAL_ERR=0.00072 ARM_V=0.00799
DAY4_STEP=1 EPISODE=011 STEP=17 DIST=0.043128 YAW_ERR_DEG=0.954 REQUESTED_MOVE=0.004646 EXECUTED_MOVE=0.004568 ATTEMPT=0 SUCCESS=0 TERMINATED=0 TRUNCATED=0
DAY4_MOTION_DONE=1 ELAPSED_SIM=1.202 INITIAL_ERR=0.04227 FINAL_ERR=0.00064 ARM_V=0.00706
DAY4_STEP=1 EPISODE=011 STEP=18 DIST=0.044664 YAW_ERR_DEG=0.138 REQUESTED_MOVE=0.003517 EXECUTED_MOVE=0.003465 ATTEMPT=0 SUCCESS=0 TERMINATED=0 TRUNCATED=0
DAY4_MOTION_DONE=1 ELAPSED_SIM=1.244 INITIAL_ERR=0.05908 FINAL_ERR=0.00052 ARM_V=0.00581
DAY4_STEP=1 EPISODE=011 STEP=19 DIST=0.044592 YAW_ERR_DEG=4.022 REQUESTED_MOVE=0.003643 EXECUTED_MOVE=0.003610 ATTEMPT=0 SUCCESS=0 TERMINATED=0 TRUNCATED=0
DAY4_MOTION_DONE=1 ELAPSED_SIM=1.202 INITIAL_ERR=0.03569 FINAL_ERR=0.00048 ARM_V=0.00536
DAY4_STEP=1 EPISODE=011 STEP=20 DIST=0.041511 YAW_ERR_DEG=5.240 REQUESTED_MOVE=0.005736 EXECUTED_MOVE=0.005659 ATTEMPT=0 SUCCESS=0 TERMINATED=0 TRUNCATED=1
DAY4_RESET_GRIPPER=OPEN ANGLE_RAD=1.291202 EFFORT_NM=0.545311
DAY4_RESET_GRIPPER=AFTER_INITIAL_MOVE ANGLE_RAD=1.301847 EFFORT_NM=0.532858
TRIAL=012 VISUAL_CENTER=[0.23043672740459442, 0.00306652020663023, 0.015103217017435513] SURFACE=[0.23043672740459442, 0.00306652020663023, 0.030103217017435513] CONTOUR_DEG=0.00 AXIS_STD_DEG=0.00 FOOTPRINT=[0.029855819419026375, 0.029855819419026375] CONFIDENCE=0.9950
TRIAL=012 PHASE=OPEN_GRIPPER
TRIAL=012 PHASE=RETURN_OBSERVATION
DAY4_RESET_GRIPPER=OPEN ANGLE_RAD=1.291221 EFFORT_NM=0.534130
DAY4_RESET_GRIPPER=AFTER_INITIAL_MOVE ANGLE_RAD=1.298060 EFFORT_NM=0.531554
TRIAL=013 VISUAL_CENTER=[0.14811581373214722, 0.0043191269505769014, 0.015094249805617396] SURFACE=[0.14811581373214722, 0.0043191269505769014, 0.030094249805617396] CONTOUR_DEG=0.00 AXIS_STD_DEG=0.00 FOOTPRINT=[0.029995111748576164, 0.029995111748576164] CONFIDENCE=0.9919
TRIAL=013 SELECTED_CONTOUR_ORIENTATION=+90.00deg TILT=0.0 LEAN=-1 SYMMETRY=1 IK_FK_POS_ERROR=0.000000m IK_FK_ORIENTATION_ERROR=0.000000rad FINGER_FK_LIFT=0.080000m FINGER_FK_DRIFT=0.000000m JOINT_MOTION=1.936267rad
DAY4_MOTION_DONE=1 ELAPSED_SIM=1.200 INITIAL_ERR=0.04259 FINAL_ERR=0.00058 ARM_V=0.00639
DAY4_STEP=1 EPISODE=013 STEP=01 DIST=0.023855 YAW_ERR_DEG=1.178 REQUESTED_MOVE=0.003948 EXECUTED_MOVE=0.003895 ATTEMPT=0 SUCCESS=0 TERMINATED=0 TRUNCATED=0
DAY4_MOTION_DONE=1 ELAPSED_SIM=1.202 INITIAL_ERR=0.03443 FINAL_ERR=0.00046 ARM_V=0.00516
DAY4_STEP=1 EPISODE=013 STEP=02 DIST=0.020629 YAW_ERR_DEG=4.869 REQUESTED_MOVE=0.005850 EXECUTED_MOVE=0.005771 ATTEMPT=0 SUCCESS=0 TERMINATED=0 TRUNCATED=0
DAY4_MOTION_DONE=1 ELAPSED_SIM=1.258 INITIAL_ERR=0.05914 FINAL_ERR=0.00052 ARM_V=0.00582
DAY4_STEP=1 EPISODE=013 STEP=03 DIST=0.015798 YAW_ERR_DEG=0.821 REQUESTED_MOVE=0.007586 EXECUTED_MOVE=0.007519 ATTEMPT=0 SUCCESS=0 TERMINATED=0 TRUNCATED=0
DAY4_MOTION_DONE=1 ELAPSED_SIM=1.272 INITIAL_ERR=0.07693 FINAL_ERR=0.00050 ARM_V=0.00552
DAY4_STEP=1 EPISODE=013 STEP=04 DIST=0.013059 YAW_ERR_DEG=3.821 REQUESTED_MOVE=0.006603 EXECUTED_MOVE=0.006560 ATTEMPT=0 SUCCESS=0 TERMINATED=0 TRUNCATED=0
DAY4_MOTION_DONE=1 ELAPSED_SIM=1.202 INITIAL_ERR=0.04968 FINAL_ERR=0.00075 ARM_V=0.00828
DAY4_STEP=1 EPISODE=013 STEP=05 DIST=0.018492 YAW_ERR_DEG=2.027 REQUESTED_MOVE=0.005981 EXECUTED_MOVE=0.005892 ATTEMPT=0 SUCCESS=0 TERMINATED=0 TRUNCATED=0
DAY4_MOTION_DONE=1 ELAPSED_SIM=1.272 INITIAL_ERR=0.07046 FINAL_ERR=0.00051 ARM_V=0.00562
DAY4_STEP=1 EPISODE=013 STEP=06 DIST=0.018525 YAW_ERR_DEG=2.110 REQUESTED_MOVE=0.003944 EXECUTED_MOVE=0.003915 ATTEMPT=0 SUCCESS=0 TERMINATED=0 TRUNCATED=0
DAY4_MOTION_DONE=1 ELAPSED_SIM=1.240 INITIAL_ERR=0.05685 FINAL_ERR=0.00050 ARM_V=0.00559
DAY4_STEP=1 EPISODE=013 STEP=07 DIST=0.021852 YAW_ERR_DEG=5.433 REQUESTED_MOVE=0.004327 EXECUTED_MOVE=0.004289 ATTEMPT=0 SUCCESS=0 TERMINATED=0 TRUNCATED=0
DAY4_MOTION_DONE=1 ELAPSED_SIM=1.302 INITIAL_ERR=0.11418 FINAL_ERR=0.00054 ARM_V=0.00598
DAY4_STEP=1 EPISODE=013 STEP=08 DIST=0.022167 YAW_ERR_DEG=0.742 REQUESTED_MOVE=0.005977 EXECUTED_MOVE=0.005949 ATTEMPT=0 SUCCESS=0 TERMINATED=0 TRUNCATED=0
DAY4_MOTION_DONE=1 ELAPSED_SIM=1.202 INITIAL_ERR=0.04647 FINAL_ERR=0.00063 ARM_V=0.00698
DAY4_STEP=1 EPISODE=013 STEP=09 DIST=0.025496 YAW_ERR_DEG=1.874 REQUESTED_MOVE=0.005137 EXECUTED_MOVE=0.005068 ATTEMPT=0 SUCCESS=0 TERMINATED=0 TRUNCATED=0
DAY4_MOTION_DONE=1 ELAPSED_SIM=1.202 INITIAL_ERR=0.02945 FINAL_ERR=0.00040 ARM_V=0.00443
DAY4_STEP=1 EPISODE=013 STEP=10 DIST=0.020786 YAW_ERR_DEG=4.202 REQUESTED_MOVE=0.006293 EXECUTED_MOVE=0.006208 ATTEMPT=0 SUCCESS=0 TERMINATED=0 TRUNCATED=0
DAY4_MOTION_DONE=1 ELAPSED_SIM=1.268 INITIAL_ERR=0.07895 FINAL_ERR=0.00057 ARM_V=0.00630
DAY4_STEP=1 EPISODE=013 STEP=11 DIST=0.023015 YAW_ERR_DEG=7.360 REQUESTED_MOVE=0.003767 EXECUTED_MOVE=0.003740 ATTEMPT=0 SUCCESS=0 TERMINATED=0 TRUNCATED=0
DAY4_MOTION_DONE=1 ELAPSED_SIM=1.202 INITIAL_ERR=0.03297 FINAL_ERR=0.00045 ARM_V=0.00495
DAY4_STEP=1 EPISODE=013 STEP=12 DIST=0.027495 YAW_ERR_DEG=6.057 REQUESTED_MOVE=0.005061 EXECUTED_MOVE=0.004993 ATTEMPT=0 SUCCESS=0 TERMINATED=0 TRUNCATED=0
DAY4_MOTION_DONE=1 ELAPSED_SIM=1.268 INITIAL_ERR=0.07692 FINAL_ERR=0.00050 ARM_V=0.00552
DAY4_STEP=1 EPISODE=013 STEP=13 DIST=0.031942 YAW_ERR_DEG=10.354 REQUESTED_MOVE=0.005128 EXECUTED_MOVE=0.005095 ATTEMPT=0 SUCCESS=0 TERMINATED=0 TRUNCATED=0
DAY4_MOTION_DONE=1 ELAPSED_SIM=1.274 INITIAL_ERR=0.08351 FINAL_ERR=0.00060 ARM_V=0.00666
DAY4_STEP=1 EPISODE=013 STEP=14 DIST=0.025688 YAW_ERR_DEG=7.276 REQUESTED_MOVE=0.007079 EXECUTED_MOVE=0.007029 ATTEMPT=0 SUCCESS=0 TERMINATED=0 TRUNCATED=0
DAY4_MOTION_DONE=1 ELAPSED_SIM=1.252 INITIAL_ERR=0.06416 FINAL_ERR=0.00057 ARM_V=0.00631
DAY4_STEP=1 EPISODE=013 STEP=15 DIST=0.025642 YAW_ERR_DEG=2.480 REQUESTED_MOVE=0.003730 EXECUTED_MOVE=0.003697 ATTEMPT=0 SUCCESS=0 TERMINATED=0 TRUNCATED=0
DAY4_MOTION_DONE=1 ELAPSED_SIM=1.200 INITIAL_ERR=0.04002 FINAL_ERR=0.00060 ARM_V=0.00668
DAY4_STEP=1 EPISODE=013 STEP=16 DIST=0.027085 YAW_ERR_DEG=0.877 REQUESTED_MOVE=0.006300 EXECUTED_MOVE=0.006205 ATTEMPT=0 SUCCESS=0 TERMINATED=0 TRUNCATED=0
DAY4_MOTION_DONE=1 ELAPSED_SIM=1.244 INITIAL_ERR=0.06768 FINAL_ERR=0.00054 ARM_V=0.00600
DAY4_STEP=1 EPISODE=013 STEP=17 DIST=0.030796 YAW_ERR_DEG=1.995 REQUESTED_MOVE=0.005852 EXECUTED_MOVE=0.005806 ATTEMPT=0 SUCCESS=0 TERMINATED=0 TRUNCATED=0
DAY4_MOTION_DONE=1 ELAPSED_SIM=1.202 INITIAL_ERR=0.04384 FINAL_ERR=0.00059 ARM_V=0.00658
DAY4_STEP=1 EPISODE=013 STEP=18 DIST=0.034059 YAW_ERR_DEG=2.832 REQUESTED_MOVE=0.004989 EXECUTED_MOVE=0.004922 ATTEMPT=0 SUCCESS=0 TERMINATED=0 TRUNCATED=0
DAY4_MOTION_DONE=1 ELAPSED_SIM=1.232 INITIAL_ERR=0.05113 FINAL_ERR=0.00056 ARM_V=0.00621
DAY4_STEP=1 EPISODE=013 STEP=19 DIST=0.033881 YAW_ERR_DEG=7.425 REQUESTED_MOVE=0.006638 EXECUTED_MOVE=0.006565 ATTEMPT=0 SUCCESS=0 TERMINATED=0 TRUNCATED=0
DAY4_MOTION_DONE=1 ELAPSED_SIM=1.202 INITIAL_ERR=0.03080 FINAL_ERR=0.00042 ARM_V=0.00463
DAY4_STEP=1 EPISODE=013 STEP=20 DIST=0.034922 YAW_ERR_DEG=7.052 REQUESTED_MOVE=0.005108 EXECUTED_MOVE=0.005039 ATTEMPT=0 SUCCESS=0 TERMINATED=0 TRUNCATED=1
DAY4_RESET_GRIPPER=OPEN ANGLE_RAD=1.291215 EFFORT_NM=0.548882
DAY4_RESET_GRIPPER=AFTER_INITIAL_MOVE ANGLE_RAD=1.302939 EFFORT_NM=0.534975
TRIAL=014 VISUAL_CENTER=[0.21616725623607635, -0.07719176169484854, 0.015101183531601087] SURFACE=[0.21616725623607635, -0.07719176169484854, 0.030101183531601086] CONTOUR_DEG=0.00 AXIS_STD_DEG=0.00 FOOTPRINT=[0.029994784854352474, 0.029994784854352474] CONFIDENCE=0.9930
TRIAL=014 PHASE=OPEN_GRIPPER
TRIAL=014 PHASE=RETURN_OBSERVATION
DAY4_RESET_GRIPPER=OPEN ANGLE_RAD=1.291230 EFFORT_NM=0.534152
DAY4_RESET_GRIPPER=AFTER_INITIAL_MOVE ANGLE_RAD=1.298062 EFFORT_NM=0.531553
TRIAL=015 VISUAL_CENTER=[0.2153700590133667, -0.03160124272108078, 0.015101621213786373] SURFACE=[0.2153700590133667, -0.03160124272108078, 0.030101621213786373] CONTOUR_DEG=0.00 AXIS_STD_DEG=0.00 FOOTPRINT=[0.02996150776743889, 0.02996150776743889] CONFIDENCE=0.9940
TRIAL=015 SELECTED_CONTOUR_ORIENTATION=+90.00deg TILT=0.0 LEAN=+1 SYMMETRY=1 IK_FK_POS_ERROR=0.000000m IK_FK_ORIENTATION_ERROR=0.000000rad FINGER_FK_LIFT=0.080000m FINGER_FK_DRIFT=0.000000m JOINT_MOTION=2.811610rad
DAY4_MOTION_DONE=1 ELAPSED_SIM=1.298 INITIAL_ERR=0.09946 FINAL_ERR=0.00058 ARM_V=0.00643
DAY4_STEP=1 EPISODE=015 STEP=01 DIST=0.028141 YAW_ERR_DEG=4.523 REQUESTED_MOVE=0.006718 EXECUTED_MOVE=0.006679 ATTEMPT=0 SUCCESS=0 TERMINATED=0 TRUNCATED=0
DAY4_MOTION_DONE=1 ELAPSED_SIM=1.278 INITIAL_ERR=0.08460 FINAL_ERR=0.00055 ARM_V=0.00607
DAY4_STEP=1 EPISODE=015 STEP=02 DIST=0.024130 YAW_ERR_DEG=9.008 REQUESTED_MOVE=0.007788 EXECUTED_MOVE=0.007737 ATTEMPT=0 SUCCESS=0 TERMINATED=0 TRUNCATED=0
DAY4_MOTION_DONE=1 ELAPSED_SIM=1.268 INITIAL_ERR=0.08338 FINAL_ERR=0.00060 ARM_V=0.00665
DAY4_STEP=1 EPISODE=015 STEP=03 DIST=0.027193 YAW_ERR_DEG=9.671 REQUESTED_MOVE=0.006218 EXECUTED_MOVE=0.006174 ATTEMPT=0 SUCCESS=0 TERMINATED=0 TRUNCATED=0
DAY4_MOTION_DONE=1 ELAPSED_SIM=1.232 INITIAL_ERR=0.05194 FINAL_ERR=0.00057 ARM_V=0.00631
DAY4_STEP=1 EPISODE=015 STEP=04 DIST=0.028953 YAW_ERR_DEG=13.516 REQUESTED_MOVE=0.004356 EXECUTED_MOVE=0.004309 ATTEMPT=0 SUCCESS=0 TERMINATED=0 TRUNCATED=0
DAY4_MOTION_DONE=1 ELAPSED_SIM=1.200 INITIAL_ERR=0.04144 FINAL_ERR=0.00062 ARM_V=0.00692
DAY4_STEP=1 EPISODE=015 STEP=05 DIST=0.024436 YAW_ERR_DEG=10.032 REQUESTED_MOVE=0.006296 EXECUTED_MOVE=0.006202 ATTEMPT=0 SUCCESS=0 TERMINATED=0 TRUNCATED=0
DAY4_MOTION_DONE=1 ELAPSED_SIM=1.276 INITIAL_ERR=0.08033 FINAL_ERR=0.00052 ARM_V=0.00576
DAY4_STEP=1 EPISODE=015 STEP=06 DIST=0.020358 YAW_ERR_DEG=6.285 REQUESTED_MOVE=0.005218 EXECUTED_MOVE=0.005184 ATTEMPT=0 SUCCESS=0 TERMINATED=0 TRUNCATED=0
DAY4_MOTION_DONE=1 ELAPSED_SIM=1.200 INITIAL_ERR=0.03075 FINAL_ERR=0.00051 ARM_V=0.00570
DAY4_STEP=1 EPISODE=015 STEP=07 DIST=0.017756 YAW_ERR_DEG=7.119 REQUESTED_MOVE=0.004865 EXECUTED_MOVE=0.004784 ATTEMPT=0 SUCCESS=0 TERMINATED=0 TRUNCATED=0
DAY4_MOTION_DONE=1 ELAPSED_SIM=1.200 INITIAL_ERR=0.04816 FINAL_ERR=0.00072 ARM_V=0.00803
DAY4_STEP=1 EPISODE=015 STEP=08 DIST=0.019350 YAW_ERR_DEG=7.054 REQUESTED_MOVE=0.005531 EXECUTED_MOVE=0.005448 ATTEMPT=0 SUCCESS=0 TERMINATED=0 TRUNCATED=0
DAY4_MOTION_DONE=1 ELAPSED_SIM=1.256 INITIAL_ERR=0.06202 FINAL_ERR=0.00055 ARM_V=0.00611
DAY4_STEP=1 EPISODE=015 STEP=09 DIST=0.020540 YAW_ERR_DEG=2.596 REQUESTED_MOVE=0.003894 EXECUTED_MOVE=0.003859 ATTEMPT=0 SUCCESS=0 TERMINATED=0 TRUNCATED=0
DAY4_MOTION_DONE=1 ELAPSED_SIM=1.280 INITIAL_ERR=0.07141 FINAL_ERR=0.00051 ARM_V=0.00570
DAY4_STEP=1 EPISODE=015 STEP=10 DIST=0.025190 YAW_ERR_DEG=5.431 REQUESTED_MOVE=0.005928 EXECUTED_MOVE=0.005885 ATTEMPT=0 SUCCESS=0 TERMINATED=0 TRUNCATED=0
DAY4_MOTION_DONE=1 ELAPSED_SIM=1.250 INITIAL_ERR=0.06450 FINAL_ERR=0.00057 ARM_V=0.00635
DAY4_STEP=1 EPISODE=015 STEP=11 DIST=0.024122 YAW_ERR_DEG=9.585 REQUESTED_MOVE=0.002814 EXECUTED_MOVE=0.002789 ATTEMPT=0 SUCCESS=0 TERMINATED=0 TRUNCATED=0
DAY4_MOTION_DONE=1 ELAPSED_SIM=1.234 INITIAL_ERR=0.05355 FINAL_ERR=0.00059 ARM_V=0.00651
DAY4_STEP=1 EPISODE=015 STEP=12 DIST=0.022205 YAW_ERR_DEG=13.372 REQUESTED_MOVE=0.003717 EXECUTED_MOVE=0.003676 ATTEMPT=0 SUCCESS=0 TERMINATED=0 TRUNCATED=0
DAY4_MOTION_DONE=1 ELAPSED_SIM=1.266 INITIAL_ERR=0.06541 FINAL_ERR=0.00052 ARM_V=0.00579
DAY4_STEP=1 EPISODE=015 STEP=13 DIST=0.024532 YAW_ERR_DEG=16.506 REQUESTED_MOVE=0.004233 EXECUTED_MOVE=0.004199 ATTEMPT=0 SUCCESS=0 TERMINATED=0 TRUNCATED=0
DAY4_MOTION_DONE=1 ELAPSED_SIM=1.290 INITIAL_ERR=0.09723 FINAL_ERR=0.00057 ARM_V=0.00628
DAY4_STEP=1 EPISODE=015 STEP=14 DIST=0.028655 YAW_ERR_DEG=17.455 REQUESTED_MOVE=0.006901 EXECUTED_MOVE=0.006862 ATTEMPT=0 SUCCESS=0 TERMINATED=0 TRUNCATED=0
DAY4_MOTION_DONE=1 ELAPSED_SIM=1.256 INITIAL_ERR=0.06629 FINAL_ERR=0.00053 ARM_V=0.00587
DAY4_STEP=1 EPISODE=015 STEP=15 DIST=0.030363 YAW_ERR_DEG=13.723 REQUESTED_MOVE=0.004757 EXECUTED_MOVE=0.004719 ATTEMPT=0 SUCCESS=0 TERMINATED=0 TRUNCATED=0
DAY4_MOTION_DONE=1 ELAPSED_SIM=1.248 INITIAL_ERR=0.06029 FINAL_ERR=0.00059 ARM_V=0.00659
DAY4_STEP=1 EPISODE=015 STEP=16 DIST=0.027805 YAW_ERR_DEG=13.089 REQUESTED_MOVE=0.004183 EXECUTED_MOVE=0.004141 ATTEMPT=0 SUCCESS=0 TERMINATED=0 TRUNCATED=0
DAY4_MOTION_DONE=1 ELAPSED_SIM=1.240 INITIAL_ERR=0.05422 FINAL_ERR=0.00059 ARM_V=0.00658
DAY4_STEP=1 EPISODE=015 STEP=17 DIST=0.031065 YAW_ERR_DEG=12.854 REQUESTED_MOVE=0.005657 EXECUTED_MOVE=0.005595 ATTEMPT=0 SUCCESS=0 TERMINATED=0 TRUNCATED=0
DAY4_MOTION_DONE=1 ELAPSED_SIM=1.260 INITIAL_ERR=0.07025 FINAL_ERR=0.00050 ARM_V=0.00561
DAY4_STEP=1 EPISODE=015 STEP=18 DIST=0.033310 YAW_ERR_DEG=8.381 REQUESTED_MOVE=0.006352 EXECUTED_MOVE=0.006307 ATTEMPT=0 SUCCESS=0 TERMINATED=0 TRUNCATED=0
DAY4_MOTION_DONE=1 ELAPSED_SIM=1.248 INITIAL_ERR=0.05656 FINAL_ERR=0.00056 ARM_V=0.00619
DAY4_STEP=1 EPISODE=015 STEP=19 DIST=0.032371 YAW_ERR_DEG=6.293 REQUESTED_MOVE=0.004270 EXECUTED_MOVE=0.004228 ATTEMPT=0 SUCCESS=0 TERMINATED=0 TRUNCATED=0
DAY4_MOTION_DONE=1 ELAPSED_SIM=1.250 INITIAL_ERR=0.05892 FINAL_ERR=0.00052 ARM_V=0.00580
DAY4_STEP=1 EPISODE=015 STEP=20 DIST=0.028007 YAW_ERR_DEG=4.022 REQUESTED_MOVE=0.005941 EXECUTED_MOVE=0.005888 ATTEMPT=0 SUCCESS=0 TERMINATED=0 TRUNCATED=1
DAY4_RESET_GRIPPER=OPEN ANGLE_RAD=1.291143 EFFORT_NM=0.558341
DAY4_RESET_GRIPPER=AFTER_INITIAL_MOVE ANGLE_RAD=1.305183 EFFORT_NM=0.534328
TRIAL=016 PHASE=OPEN_GRIPPER
TRIAL=016 PHASE=RETURN_OBSERVATION
DAY4_RESET_GRIPPER=OPEN ANGLE_RAD=1.291143 EFFORT_NM=0.534156
DAY4_RESET_GRIPPER=AFTER_INITIAL_MOVE ANGLE_RAD=1.298043 EFFORT_NM=0.531544
TRIAL=017 VISUAL_CENTER=[0.22967998683452606, -0.05875140801072121, 0.015102795875694144] SURFACE=[0.22967998683452606, -0.05875140801072121, 0.030102795875694144] CONTOUR_DEG=0.00 AXIS_STD_DEG=0.00 FOOTPRINT=[0.029999664053320885, 0.029999664053320885] CONFIDENCE=0.9938
TRIAL=017 PHASE=OPEN_GRIPPER
TRIAL=017 PHASE=RETURN_OBSERVATION
DAY4_RESET_GRIPPER=OPEN ANGLE_RAD=1.291138 EFFORT_NM=0.534103
DAY4_RESET_GRIPPER=AFTER_INITIAL_MOVE ANGLE_RAD=1.298056 EFFORT_NM=0.531540
TRIAL=018 VISUAL_CENTER=[0.22581535577774048, -0.015816697850823402, 0.015102352308127884] SURFACE=[0.22581535577774048, -0.015816697850823402, 0.030102352308127883] CONTOUR_DEG=0.00 AXIS_STD_DEG=0.00 FOOTPRINT=[0.02997901290655136, 0.02997901290655136] CONFIDENCE=0.9961
TRIAL=018 PHASE=OPEN_GRIPPER
TRIAL=018 PHASE=RETURN_OBSERVATION
DAY4_RESET_GRIPPER=OPEN ANGLE_RAD=1.291199 EFFORT_NM=0.534184
DAY4_RESET_GRIPPER=AFTER_INITIAL_MOVE ANGLE_RAD=1.298055 EFFORT_NM=0.531542
TRIAL=019 VISUAL_CENTER=[0.14472711086273193, 4.656612873077393e-10, 0.015093618763179925] SURFACE=[0.14472711086273193, 4.656612873077393e-10, 0.030093618763179925] CONTOUR_DEG=0.00 AXIS_STD_DEG=0.00 FOOTPRINT=[0.029566533863544464, 0.029566533863544464] CONFIDENCE=0.9877
TRIAL=019 SELECTED_CONTOUR_ORIENTATION=+90.00deg TILT=2.3 LEAN=-1 SYMMETRY=1 IK_FK_POS_ERROR=0.000000m IK_FK_ORIENTATION_ERROR=0.000000rad FINGER_FK_LIFT=0.080000m FINGER_FK_DRIFT=0.000000m JOINT_MOTION=2.030626rad
DAY4_MOTION_DONE=1 ELAPSED_SIM=1.200 INITIAL_ERR=0.03666 FINAL_ERR=0.00055 ARM_V=0.00611
DAY4_STEP=1 EPISODE=019 STEP=01 DIST=0.023569 YAW_ERR_DEG=2.525 REQUESTED_MOVE=0.002381 EXECUTED_MOVE=0.002345 ATTEMPT=0 SUCCESS=0 TERMINATED=0 TRUNCATED=0
DAY4_MOTION_DONE=1 ELAPSED_SIM=1.202 INITIAL_ERR=0.03928 FINAL_ERR=0.00066 ARM_V=0.00728
DAY4_STEP=1 EPISODE=019 STEP=02 DIST=0.023992 YAW_ERR_DEG=0.036 REQUESTED_MOVE=0.001470 EXECUTED_MOVE=0.001445 ATTEMPT=0 SUCCESS=0 TERMINATED=0 TRUNCATED=0
DAY4_MOTION_DONE=1 ELAPSED_SIM=1.200 INITIAL_ERR=0.03837 FINAL_ERR=0.00064 ARM_V=0.00712
DAY4_STEP=1 EPISODE=019 STEP=03 DIST=0.026724 YAW_ERR_DEG=2.412 REQUESTED_MOVE=0.003260 EXECUTED_MOVE=0.003206 ATTEMPT=0 SUCCESS=0 TERMINATED=0 TRUNCATED=0
DAY4_MOTION_DONE=1 ELAPSED_SIM=1.254 INITIAL_ERR=0.07410 FINAL_ERR=0.00059 ARM_V=0.00656
DAY4_STEP=1 EPISODE=019 STEP=04 DIST=0.025174 YAW_ERR_DEG=4.754 REQUESTED_MOVE=0.006091 EXECUTED_MOVE=0.006043 ATTEMPT=0 SUCCESS=0 TERMINATED=0 TRUNCATED=0
DAY4_MOTION_DONE=1 ELAPSED_SIM=1.282 INITIAL_ERR=0.09105 FINAL_ERR=0.00059 ARM_V=0.00654
DAY4_STEP=1 EPISODE=019 STEP=05 DIST=0.028531 YAW_ERR_DEG=0.348 REQUESTED_MOVE=0.005144 EXECUTED_MOVE=0.005111 ATTEMPT=0 SUCCESS=0 TERMINATED=0 TRUNCATED=0
DAY4_MOTION_DONE=1 ELAPSED_SIM=1.292 INITIAL_ERR=0.10333 FINAL_ERR=0.00054 ARM_V=0.00601
DAY4_STEP=1 EPISODE=019 STEP=06 DIST=0.026069 YAW_ERR_DEG=4.996 REQUESTED_MOVE=0.004483 EXECUTED_MOVE=0.004460 ATTEMPT=0 SUCCESS=0 TERMINATED=0 TRUNCATED=0
DAY4_MOTION_DONE=1 ELAPSED_SIM=1.262 INITIAL_ERR=0.06405 FINAL_ERR=0.00057 ARM_V=0.00630
DAY4_STEP=1 EPISODE=019 STEP=07 DIST=0.024912 YAW_ERR_DEG=7.084 REQUESTED_MOVE=0.004812 EXECUTED_MOVE=0.004769 ATTEMPT=0 SUCCESS=0 TERMINATED=0 TRUNCATED=0
DAY4_MOTION_DONE=1 ELAPSED_SIM=1.242 INITIAL_ERR=0.05756 FINAL_ERR=0.00057 ARM_V=0.00630
DAY4_STEP=1 EPISODE=019 STEP=08 DIST=0.022853 YAW_ERR_DEG=3.864 REQUESTED_MOVE=0.002237 EXECUTED_MOVE=0.002215 ATTEMPT=0 SUCCESS=0 TERMINATED=0 TRUNCATED=0
DAY4_MOTION_DONE=1 ELAPSED_SIM=1.242 INITIAL_ERR=0.06019 FINAL_ERR=0.00059 ARM_V=0.00658
DAY4_STEP=1 EPISODE=019 STEP=09 DIST=0.023302 YAW_ERR_DEG=0.198 REQUESTED_MOVE=0.000724 EXECUTED_MOVE=0.000717 ATTEMPT=0 SUCCESS=0 TERMINATED=0 TRUNCATED=0
DAY4_MOTION_DONE=1 ELAPSED_SIM=1.268 INITIAL_ERR=0.07869 FINAL_ERR=0.00051 ARM_V=0.00565
DAY4_STEP=1 EPISODE=019 STEP=10 DIST=0.020041 YAW_ERR_DEG=4.267 REQUESTED_MOVE=0.005186 EXECUTED_MOVE=0.005153 ATTEMPT=0 SUCCESS=0 TERMINATED=0 TRUNCATED=0
DAY4_MOTION_DONE=1 ELAPSED_SIM=1.248 INITIAL_ERR=0.05906 FINAL_ERR=0.00058 ARM_V=0.00647
DAY4_STEP=1 EPISODE=019 STEP=11 DIST=0.023884 YAW_ERR_DEG=0.220 REQUESTED_MOVE=0.004057 EXECUTED_MOVE=0.004016 ATTEMPT=0 SUCCESS=0 TERMINATED=0 TRUNCATED=0
DAY4_MOTION_DONE=1 ELAPSED_SIM=1.250 INITIAL_ERR=0.06569 FINAL_ERR=0.00058 ARM_V=0.00647
DAY4_STEP=1 EPISODE=019 STEP=12 DIST=0.025713 YAW_ERR_DEG=2.956 REQUESTED_MOVE=0.001951 EXECUTED_MOVE=0.001934 ATTEMPT=0 SUCCESS=0 TERMINATED=0 TRUNCATED=0
DAY4_MOTION_DONE=1 ELAPSED_SIM=1.200 INITIAL_ERR=0.03380 FINAL_ERR=0.00051 ARM_V=0.00565
DAY4_STEP=1 EPISODE=019 STEP=13 DIST=0.025271 YAW_ERR_DEG=2.053 REQUESTED_MOVE=0.002969 EXECUTED_MOVE=0.002924 ATTEMPT=0 SUCCESS=0 TERMINATED=0 TRUNCATED=0
DAY4_MOTION_DONE=1 ELAPSED_SIM=1.304 INITIAL_ERR=0.09705 FINAL_ERR=0.00051 ARM_V=0.00565
DAY4_STEP=1 EPISODE=019 STEP=14 DIST=0.031196 YAW_ERR_DEG=6.055 REQUESTED_MOVE=0.006257 EXECUTED_MOVE=0.006224 ATTEMPT=0 SUCCESS=0 TERMINATED=0 TRUNCATED=0
DAY4_MOTION_DONE=1 ELAPSED_SIM=1.200 INITIAL_ERR=0.02880 FINAL_ERR=0.00039 ARM_V=0.00432
DAY4_STEP=1 EPISODE=019 STEP=15 DIST=0.034632 YAW_ERR_DEG=5.551 REQUESTED_MOVE=0.003917 EXECUTED_MOVE=0.003864 ATTEMPT=0 SUCCESS=0 TERMINATED=0 TRUNCATED=0
DAY4_MOTION_DONE=1 ELAPSED_SIM=1.226 INITIAL_ERR=0.05058 FINAL_ERR=0.00050 ARM_V=0.00554
DAY4_STEP=1 EPISODE=019 STEP=16 DIST=0.028834 YAW_ERR_DEG=9.398 REQUESTED_MOVE=0.006251 EXECUTED_MOVE=0.006189 ATTEMPT=0 SUCCESS=0 TERMINATED=0 TRUNCATED=0
DAY4_MOTION_DONE=1 ELAPSED_SIM=1.270 INITIAL_ERR=0.06947 FINAL_ERR=0.00050 ARM_V=0.00554
DAY4_STEP=1 EPISODE=019 STEP=17 DIST=0.024277 YAW_ERR_DEG=7.457 REQUESTED_MOVE=0.008265 EXECUTED_MOVE=0.008205 ATTEMPT=0 SUCCESS=0 TERMINATED=0 TRUNCATED=0
DAY4_MOTION_DONE=1 ELAPSED_SIM=1.278 INITIAL_ERR=0.08577 FINAL_ERR=0.00055 ARM_V=0.00615
DAY4_STEP=1 EPISODE=019 STEP=18 DIST=0.022305 YAW_ERR_DEG=2.952 REQUESTED_MOVE=0.004064 EXECUTED_MOVE=0.004037 ATTEMPT=0 SUCCESS=0 TERMINATED=0 TRUNCATED=0
DAY4_MOTION_DONE=1 ELAPSED_SIM=1.200 INITIAL_ERR=0.04161 FINAL_ERR=0.00062 ARM_V=0.00693
DAY4_STEP=1 EPISODE=019 STEP=19 DIST=0.022723 YAW_ERR_DEG=0.467 REQUESTED_MOVE=0.002719 EXECUTED_MOVE=0.002678 ATTEMPT=0 SUCCESS=0 TERMINATED=0 TRUNCATED=0
DAY4_MOTION_DONE=1 ELAPSED_SIM=1.200 INITIAL_ERR=0.01337 FINAL_ERR=0.00018 ARM_V=0.00200
DAY4_STEP=1 EPISODE=019 STEP=20 DIST=0.022270 YAW_ERR_DEG=0.012 REQUESTED_MOVE=0.000872 EXECUTED_MOVE=0.000860 ATTEMPT=0 SUCCESS=0 TERMINATED=0 TRUNCATED=1
DAY4_RESET_GRIPPER=OPEN ANGLE_RAD=1.291162 EFFORT_NM=0.539972
DAY4_RESET_GRIPPER=AFTER_INITIAL_MOVE ANGLE_RAD=1.301030 EFFORT_NM=0.533807
TRIAL=020 VISUAL_CENTER=[0.14699053764343262, 0.039675721898674965, 0.015093456563788937] SURFACE=[0.14699053764343262, 0.039675721898674965, 0.030093456563788937] CONTOUR_DEG=0.00 AXIS_STD_DEG=0.00 FOOTPRINT=[0.02998836524784565, 0.02998836524784565] CONFIDENCE=0.9907
TRIAL=020 SELECTED_CONTOUR_ORIENTATION=+90.00deg TILT=0.0 LEAN=-1 SYMMETRY=1 IK_FK_POS_ERROR=0.000000m IK_FK_ORIENTATION_ERROR=0.000000rad FINGER_FK_LIFT=0.080000m FINGER_FK_DRIFT=0.000000m JOINT_MOTION=2.057907rad
DAY4_MOTION_DONE=1 ELAPSED_SIM=1.252 INITIAL_ERR=0.06226 FINAL_ERR=0.00050 ARM_V=0.00552
DAY4_STEP=1 EPISODE=020 STEP=01 DIST=0.023766 YAW_ERR_DEG=3.601 REQUESTED_MOVE=0.003906 EXECUTED_MOVE=0.003875 ATTEMPT=0 SUCCESS=0 TERMINATED=0 TRUNCATED=0
DAY4_MOTION_DONE=1 ELAPSED_SIM=1.200 INITIAL_ERR=0.04088 FINAL_ERR=0.00055 ARM_V=0.00614
DAY4_STEP=1 EPISODE=020 STEP=02 DIST=0.021384 YAW_ERR_DEG=6.594 REQUESTED_MOVE=0.006144 EXECUTED_MOVE=0.006060 ATTEMPT=0 SUCCESS=0 TERMINATED=0 TRUNCATED=0
DAY4_MOTION_DONE=1 ELAPSED_SIM=1.200 INITIAL_ERR=0.04510 FINAL_ERR=0.00061 ARM_V=0.00677
DAY4_STEP=1 EPISODE=020 STEP=03 DIST=0.022275 YAW_ERR_DEG=4.243 REQUESTED_MOVE=0.003008 EXECUTED_MOVE=0.002967 ATTEMPT=0 SUCCESS=0 TERMINATED=0 TRUNCATED=0
DAY4_MOTION_DONE=1 ELAPSED_SIM=1.202 INITIAL_ERR=0.03193 FINAL_ERR=0.00048 ARM_V=0.00532
DAY4_STEP=1 EPISODE=020 STEP=04 DIST=0.026962 YAW_ERR_DEG=5.252 REQUESTED_MOVE=0.006074 EXECUTED_MOVE=0.005983 ATTEMPT=0 SUCCESS=0 TERMINATED=0 TRUNCATED=0
DAY4_MOTION_DONE=1 ELAPSED_SIM=1.262 INITIAL_ERR=0.06568 FINAL_ERR=0.00058 ARM_V=0.00647
DAY4_STEP=1 EPISODE=020 STEP=05 DIST=0.029371 YAW_ERR_DEG=2.020 REQUESTED_MOVE=0.005242 EXECUTED_MOVE=0.005196 ATTEMPT=0 SUCCESS=0 TERMINATED=0 TRUNCATED=0
DAY4_MOTION_DONE=1 ELAPSED_SIM=1.232 INITIAL_ERR=0.05846 FINAL_ERR=0.00058 ARM_V=0.00639
DAY4_STEP=1 EPISODE=020 STEP=06 DIST=0.033387 YAW_ERR_DEG=3.603 REQUESTED_MOVE=0.005777 EXECUTED_MOVE=0.005721 ATTEMPT=0 SUCCESS=0 TERMINATED=0 TRUNCATED=0
DAY4_MOTION_DONE=1 ELAPSED_SIM=1.224 INITIAL_ERR=0.05222 FINAL_ERR=0.00057 ARM_V=0.00634
DAY4_STEP=1 EPISODE=020 STEP=07 DIST=0.038896 YAW_ERR_DEG=3.999 REQUESTED_MOVE=0.006522 EXECUTED_MOVE=0.006451 ATTEMPT=0 SUCCESS=0 TERMINATED=0 TRUNCATED=0
DAY4_MOTION_DONE=1 ELAPSED_SIM=1.202 INITIAL_ERR=0.02864 FINAL_ERR=0.00048 ARM_V=0.00530
DAY4_STEP=1 EPISODE=020 STEP=08 DIST=0.038089 YAW_ERR_DEG=4.782 REQUESTED_MOVE=0.005463 EXECUTED_MOVE=0.005372 ATTEMPT=0 SUCCESS=0 TERMINATED=0 TRUNCATED=0
DAY4_MOTION_DONE=1 ELAPSED_SIM=1.232 INITIAL_ERR=0.05298 FINAL_ERR=0.00058 ARM_V=0.00644
DAY4_STEP=1 EPISODE=020 STEP=09 DIST=0.037174 YAW_ERR_DEG=0.299 REQUESTED_MOVE=0.004463 EXECUTED_MOVE=0.004414 ATTEMPT=0 SUCCESS=0 TERMINATED=0 TRUNCATED=0
DAY4_MOTION_DONE=1 ELAPSED_SIM=1.202 INITIAL_ERR=0.03750 FINAL_ERR=0.00056 ARM_V=0.00625
DAY4_STEP=1 EPISODE=020 STEP=10 DIST=0.034869 YAW_ERR_DEG=2.773 REQUESTED_MOVE=0.003159 EXECUTED_MOVE=0.003111 ATTEMPT=0 SUCCESS=0 TERMINATED=0 TRUNCATED=0
DAY4_MOTION_DONE=1 ELAPSED_SIM=1.226 INITIAL_ERR=0.05095 FINAL_ERR=0.00056 ARM_V=0.00620
DAY4_STEP=1 EPISODE=020 STEP=11 DIST=0.038997 YAW_ERR_DEG=1.739 REQUESTED_MOVE=0.004931 EXECUTED_MOVE=0.004877 ATTEMPT=0 SUCCESS=0 TERMINATED=0 TRUNCATED=0
DAY4_MOTION_DONE=1 ELAPSED_SIM=1.248 INITIAL_ERR=0.06347 FINAL_ERR=0.00056 ARM_V=0.00625
DAY4_STEP=1 EPISODE=020 STEP=12 DIST=0.037895 YAW_ERR_DEG=5.341 REQUESTED_MOVE=0.001358 EXECUTED_MOVE=0.001346 ATTEMPT=0 SUCCESS=0 TERMINATED=0 TRUNCATED=0
DAY4_MOTION_DONE=1 ELAPSED_SIM=1.200 INITIAL_ERR=0.02254 FINAL_ERR=0.00034 ARM_V=0.00376
DAY4_STEP=1 EPISODE=020 STEP=13 DIST=0.036748 YAW_ERR_DEG=3.438 REQUESTED_MOVE=0.002637 EXECUTED_MOVE=0.002597 ATTEMPT=0 SUCCESS=0 TERMINATED=0 TRUNCATED=0
DAY4_MOTION_DONE=1 ELAPSED_SIM=1.242 INITIAL_ERR=0.05602 FINAL_ERR=0.00050 ARM_V=0.00551
DAY4_STEP=1 EPISODE=020 STEP=14 DIST=0.040284 YAW_ERR_DEG=0.405 REQUESTED_MOVE=0.004973 EXECUTED_MOVE=0.004930 ATTEMPT=0 SUCCESS=0 TERMINATED=0 TRUNCATED=0
DAY4_MOTION_DONE=1 ELAPSED_SIM=1.282 INITIAL_ERR=0.07786 FINAL_ERR=0.00050 ARM_V=0.00559
DAY4_STEP=1 EPISODE=020 STEP=15 DIST=0.047269 YAW_ERR_DEG=1.329 REQUESTED_MOVE=0.007564 EXECUTED_MOVE=0.007516 ATTEMPT=0 SUCCESS=0 TERMINATED=0 TRUNCATED=0
DAY4_MOTION_DONE=1 ELAPSED_SIM=1.200 INITIAL_ERR=0.04986 FINAL_ERR=0.00083 ARM_V=0.00924
DAY4_STEP=1 EPISODE=020 STEP=16 DIST=0.045961 YAW_ERR_DEG=0.507 REQUESTED_MOVE=0.003870 EXECUTED_MOVE=0.003806 ATTEMPT=0 SUCCESS=0 TERMINATED=0 TRUNCATED=0
DAY4_MOTION_DONE=1 ELAPSED_SIM=1.296 INITIAL_ERR=0.11282 FINAL_ERR=0.00053 ARM_V=0.00590
DAY4_STEP=1 EPISODE=020 STEP=17 DIST=0.050303 YAW_ERR_DEG=5.168 REQUESTED_MOVE=0.005971 EXECUTED_MOVE=0.005943 ATTEMPT=0 SUCCESS=0 TERMINATED=0 TRUNCATED=0
DAY4_MOTION_DONE=1 ELAPSED_SIM=1.282 INITIAL_ERR=0.09295 FINAL_ERR=0.00060 ARM_V=0.00667
DAY4_STEP=1 EPISODE=020 STEP=18 DIST=0.048172 YAW_ERR_DEG=8.871 REQUESTED_MOVE=0.007030 EXECUTED_MOVE=0.006984 ATTEMPT=0 SUCCESS=0 TERMINATED=0 TRUNCATED=0
DAY4_MOTION_DONE=1 ELAPSED_SIM=1.200 INITIAL_ERR=0.02274 FINAL_ERR=0.00034 ARM_V=0.00379
DAY4_STEP=1 EPISODE=020 STEP=19 DIST=0.048381 YAW_ERR_DEG=10.988 REQUESTED_MOVE=0.004064 EXECUTED_MOVE=0.004003 ATTEMPT=0 SUCCESS=0 TERMINATED=0 TRUNCATED=0
DAY4_MOTION_DONE=1 ELAPSED_SIM=1.228 INITIAL_ERR=0.05083 FINAL_ERR=0.00056 ARM_V=0.00618
DAY4_STEP=1 EPISODE=020 STEP=20 DIST=0.053570 YAW_ERR_DEG=9.334 REQUESTED_MOVE=0.005733 EXECUTED_MOVE=0.005670 ATTEMPT=0 SUCCESS=0 TERMINATED=0 TRUNCATED=1
DAY4_RESET_GRIPPER=OPEN ANGLE_RAD=1.291233 EFFORT_NM=0.541749
DAY4_RESET_GRIPPER=AFTER_INITIAL_MOVE ANGLE_RAD=1.301865 EFFORT_NM=0.530370
TRIAL=021 VISUAL_CENTER=[0.20380527526140213, -0.048826878890395164, 0.015099717894382789] SURFACE=[0.20380527526140213, -0.048826878890395164, 0.030099717894382788] CONTOUR_DEG=-0.00 AXIS_STD_DEG=0.00 FOOTPRINT=[0.029970461502671242, 0.029970461502671242] CONFIDENCE=0.9947
TRIAL=021 SELECTED_CONTOUR_ORIENTATION=+90.00deg TILT=0.0 LEAN=-1 SYMMETRY=1 IK_FK_POS_ERROR=0.000000m IK_FK_ORIENTATION_ERROR=0.000000rad FINGER_FK_LIFT=0.080000m FINGER_FK_DRIFT=0.000000m JOINT_MOTION=2.549847rad
DAY4_MOTION_DONE=1 ELAPSED_SIM=1.238 INITIAL_ERR=0.06092 FINAL_ERR=0.00060 ARM_V=0.00667
DAY4_STEP=1 EPISODE=021 STEP=01 DIST=0.026346 YAW_ERR_DEG=2.886 REQUESTED_MOVE=0.003556 EXECUTED_MOVE=0.003521 ATTEMPT=0 SUCCESS=0 TERMINATED=0 TRUNCATED=0
DAY4_MOTION_DONE=1 ELAPSED_SIM=1.230 INITIAL_ERR=0.05550 FINAL_ERR=0.00061 ARM_V=0.00675
DAY4_STEP=1 EPISODE=021 STEP=02 DIST=0.027627 YAW_ERR_DEG=1.142 REQUESTED_MOVE=0.004333 EXECUTED_MOVE=0.004285 ATTEMPT=0 SUCCESS=0 TERMINATED=0 TRUNCATED=0
DAY4_MOTION_DONE=1 ELAPSED_SIM=1.276 INITIAL_ERR=0.09064 FINAL_ERR=0.00053 ARM_V=0.00586
DAY4_STEP=1 EPISODE=021 STEP=03 DIST=0.029965 YAW_ERR_DEG=2.686 REQUESTED_MOVE=0.005036 EXECUTED_MOVE=0.005007 ATTEMPT=0 SUCCESS=0 TERMINATED=0 TRUNCATED=0
DAY4_MOTION_DONE=1 ELAPSED_SIM=1.264 INITIAL_ERR=0.07890 FINAL_ERR=0.00057 ARM_V=0.00629
DAY4_STEP=1 EPISODE=021 STEP=04 DIST=0.035636 YAW_ERR_DEG=1.478 REQUESTED_MOVE=0.006617 EXECUTED_MOVE=0.006570 ATTEMPT=0 SUCCESS=0 TERMINATED=0 TRUNCATED=0
DAY4_MOTION_DONE=1 ELAPSED_SIM=1.276 INITIAL_ERR=0.08577 FINAL_ERR=0.00050 ARM_V=0.00554
DAY4_STEP=1 EPISODE=021 STEP=05 DIST=0.034987 YAW_ERR_DEG=2.556 REQUESTED_MOVE=0.004506 EXECUTED_MOVE=0.004479 ATTEMPT=0 SUCCESS=0 TERMINATED=0 TRUNCATED=0
DAY4_MOTION_DONE=1 ELAPSED_SIM=1.270 INITIAL_ERR=0.08117 FINAL_ERR=0.00058 ARM_V=0.00647
DAY4_STEP=1 EPISODE=021 STEP=06 DIST=0.038252 YAW_ERR_DEG=6.011 REQUESTED_MOVE=0.004949 EXECUTED_MOVE=0.004914 ATTEMPT=0 SUCCESS=0 TERMINATED=0 TRUNCATED=0
DAY4_MOTION_DONE=1 ELAPSED_SIM=1.202 INITIAL_ERR=0.03885 FINAL_ERR=0.00058 ARM_V=0.00647
DAY4_STEP=1 EPISODE=021 STEP=07 DIST=0.035485 YAW_ERR_DEG=8.141 REQUESTED_MOVE=0.005898 EXECUTED_MOVE=0.005809 ATTEMPT=0 SUCCESS=0 TERMINATED=0 TRUNCATED=0
DAY4_MOTION_DONE=1 ELAPSED_SIM=1.254 INITIAL_ERR=0.06222 FINAL_ERR=0.00050 ARM_V=0.00552
DAY4_STEP=1 EPISODE=021 STEP=08 DIST=0.036875 YAW_ERR_DEG=3.769 REQUESTED_MOVE=0.004737 EXECUTED_MOVE=0.004699 ATTEMPT=0 SUCCESS=0 TERMINATED=0 TRUNCATED=0
DAY4_MOTION_DONE=1 ELAPSED_SIM=1.202 INITIAL_ERR=0.03179 FINAL_ERR=0.00039 ARM_V=0.00430
DAY4_STEP=1 EPISODE=021 STEP=09 DIST=0.038328 YAW_ERR_DEG=4.726 REQUESTED_MOVE=0.003528 EXECUTED_MOVE=0.003485 ATTEMPT=0 SUCCESS=0 TERMINATED=0 TRUNCATED=0
DAY4_MOTION_DONE=1 ELAPSED_SIM=1.286 INITIAL_ERR=0.09043 FINAL_ERR=0.00058 ARM_V=0.00649
DAY4_STEP=1 EPISODE=021 STEP=10 DIST=0.043363 YAW_ERR_DEG=6.264 REQUESTED_MOVE=0.006396 EXECUTED_MOVE=0.006356 ATTEMPT=0 SUCCESS=0 TERMINATED=0 TRUNCATED=0
DAY4_MOTION_DONE=1 ELAPSED_SIM=1.200 INITIAL_ERR=0.03913 FINAL_ERR=0.00059 ARM_V=0.00652
DAY4_STEP=1 EPISODE=021 STEP=11 DIST=0.042996 YAW_ERR_DEG=8.881 REQUESTED_MOVE=0.002916 EXECUTED_MOVE=0.002873 ATTEMPT=0 SUCCESS=0 TERMINATED=0 TRUNCATED=0
DAY4_MOTION_DONE=1 ELAPSED_SIM=1.202 INITIAL_ERR=0.04985 FINAL_ERR=0.00075 ARM_V=0.00833
DAY4_STEP=1 EPISODE=021 STEP=12 DIST=0.041278 YAW_ERR_DEG=5.906 REQUESTED_MOVE=0.005287 EXECUTED_MOVE=0.005207 ATTEMPT=0 SUCCESS=0 TERMINATED=0 TRUNCATED=0
DAY4_MOTION_DONE=1 ELAPSED_SIM=1.228 INITIAL_ERR=0.05168 FINAL_ERR=0.00057 ARM_V=0.00628
DAY4_STEP=1 EPISODE=021 STEP=13 DIST=0.040595 YAW_ERR_DEG=4.232 REQUESTED_MOVE=0.004493 EXECUTED_MOVE=0.004443 ATTEMPT=0 SUCCESS=0 TERMINATED=0 TRUNCATED=0
DAY4_MOTION_DONE=1 ELAPSED_SIM=1.236 INITIAL_ERR=0.05638 FINAL_ERR=0.00050 ARM_V=0.00555
DAY4_STEP=1 EPISODE=021 STEP=14 DIST=0.040054 YAW_ERR_DEG=0.434 REQUESTED_MOVE=0.004177 EXECUTED_MOVE=0.004140 ATTEMPT=0 SUCCESS=0 TERMINATED=0 TRUNCATED=0
DAY4_MOTION_DONE=1 ELAPSED_SIM=1.236 INITIAL_ERR=0.05327 FINAL_ERR=0.00052 ARM_V=0.00583
DAY4_STEP=1 EPISODE=021 STEP=15 DIST=0.039535 YAW_ERR_DEG=3.133 REQUESTED_MOVE=0.002805 EXECUTED_MOVE=0.002777 ATTEMPT=0 SUCCESS=0 TERMINATED=0 TRUNCATED=0
DAY4_MOTION_DONE=1 ELAPSED_SIM=1.200 INITIAL_ERR=0.04654 FINAL_ERR=0.00063 ARM_V=0.00699
DAY4_STEP=1 EPISODE=021 STEP=16 DIST=0.038195 YAW_ERR_DEG=5.671 REQUESTED_MOVE=0.004636 EXECUTED_MOVE=0.004574 ATTEMPT=0 SUCCESS=0 TERMINATED=0 TRUNCATED=0
DAY4_MOTION_DONE=1 ELAPSED_SIM=1.202 INITIAL_ERR=0.01981 FINAL_ERR=0.00027 ARM_V=0.00299
DAY4_STEP=1 EPISODE=021 STEP=17 DIST=0.038965 YAW_ERR_DEG=4.121 REQUESTED_MOVE=0.002172 EXECUTED_MOVE=0.002142 ATTEMPT=0 SUCCESS=0 TERMINATED=0 TRUNCATED=0
DAY4_MOTION_DONE=1 ELAPSED_SIM=1.242 INITIAL_ERR=0.05705 FINAL_ERR=0.00056 ARM_V=0.00624
DAY4_STEP=1 EPISODE=021 STEP=18 DIST=0.042901 YAW_ERR_DEG=0.008 REQUESTED_MOVE=0.006434 EXECUTED_MOVE=0.006371 ATTEMPT=0 SUCCESS=0 TERMINATED=0 TRUNCATED=0
DAY4_MOTION_DONE=1 ELAPSED_SIM=1.224 INITIAL_ERR=0.05057 FINAL_ERR=0.00055 ARM_V=0.00614
DAY4_STEP=1 EPISODE=021 STEP=19 DIST=0.046598 YAW_ERR_DEG=3.761 REQUESTED_MOVE=0.003899 EXECUTED_MOVE=0.003857 ATTEMPT=0 SUCCESS=0 TERMINATED=0 TRUNCATED=0
DAY4_MOTION_DONE=1 ELAPSED_SIM=1.278 INITIAL_ERR=0.08540 FINAL_ERR=0.00055 ARM_V=0.00613
DAY4_STEP=1 EPISODE=021 STEP=20 DIST=0.049769 YAW_ERR_DEG=3.492 REQUESTED_MOVE=0.005248 EXECUTED_MOVE=0.005216 ATTEMPT=0 SUCCESS=0 TERMINATED=0 TRUNCATED=1
DAY4_RESET_GRIPPER=OPEN ANGLE_RAD=1.291146 EFFORT_NM=0.579131
DAY4_RESET_GRIPPER=AFTER_INITIAL_MOVE ANGLE_RAD=1.310260 EFFORT_NM=0.535625
TRIAL=022 VISUAL_CENTER=[0.21259914338588715, -0.08205189555883408, 0.015100932790879429] SURFACE=[0.21259914338588715, -0.08205189555883408, 0.03010093279087943] CONTOUR_DEG=0.00 AXIS_STD_DEG=0.00 FOOTPRINT=[0.02999904379248619, 0.02999904379248619] CONFIDENCE=0.9930
TRIAL=022 PHASE=OPEN_GRIPPER
TRIAL=022 PHASE=RETURN_OBSERVATION
DAY4_RESET_GRIPPER=OPEN ANGLE_RAD=1.291179 EFFORT_NM=0.534141
DAY4_RESET_GRIPPER=AFTER_INITIAL_MOVE ANGLE_RAD=1.298063 EFFORT_NM=0.531548
TRIAL=023 VISUAL_CENTER=[0.18687473237514496, -0.02268927078694105, 0.015097691135321722] SURFACE=[0.18687473237514496, -0.02268927078694105, 0.030097691135321722] CONTOUR_DEG=-0.00 AXIS_STD_DEG=0.00 FOOTPRINT=[0.02954050526022911, 0.02954050526022911] CONFIDENCE=0.9927
TRIAL=023 SELECTED_CONTOUR_ORIENTATION=+90.00deg TILT=0.0 LEAN=-1 SYMMETRY=1 IK_FK_POS_ERROR=0.000000m IK_FK_ORIENTATION_ERROR=0.000000rad FINGER_FK_LIFT=0.080000m FINGER_FK_DRIFT=0.000000m JOINT_MOTION=2.110351rad
DAY4_MOTION_DONE=1 ELAPSED_SIM=1.256 INITIAL_ERR=0.07305 FINAL_ERR=0.00052 ARM_V=0.00583
DAY4_STEP=1 EPISODE=023 STEP=01 DIST=0.024788 YAW_ERR_DEG=4.584 REQUESTED_MOVE=0.001447 EXECUTED_MOVE=0.001437 ATTEMPT=0 SUCCESS=0 TERMINATED=0 TRUNCATED=0
DAY4_MOTION_DONE=1 ELAPSED_SIM=1.202 INITIAL_ERR=0.04675 FINAL_ERR=0.00063 ARM_V=0.00702
DAY4_STEP=1 EPISODE=023 STEP=02 DIST=0.023919 YAW_ERR_DEG=3.081 REQUESTED_MOVE=0.004070 EXECUTED_MOVE=0.004015 ATTEMPT=0 SUCCESS=0 TERMINATED=0 TRUNCATED=0
DAY4_MOTION_DONE=1 ELAPSED_SIM=1.224 INITIAL_ERR=0.05013 FINAL_ERR=0.00055 ARM_V=0.00609
DAY4_STEP=1 EPISODE=023 STEP=03 DIST=0.024970 YAW_ERR_DEG=1.190 REQUESTED_MOVE=0.006111 EXECUTED_MOVE=0.006045 ATTEMPT=0 SUCCESS=0 TERMINATED=0 TRUNCATED=0
DAY4_MOTION_DONE=1 ELAPSED_SIM=1.200 INITIAL_ERR=0.02487 FINAL_ERR=0.00037 ARM_V=0.00414
DAY4_STEP=1 EPISODE=023 STEP=04 DIST=0.028787 YAW_ERR_DEG=0.919 REQUESTED_MOVE=0.004540 EXECUTED_MOVE=0.004472 ATTEMPT=0 SUCCESS=0 TERMINATED=0 TRUNCATED=0
DAY4_MOTION_DONE=1 ELAPSED_SIM=1.202 INITIAL_ERR=0.02603 FINAL_ERR=0.00035 ARM_V=0.00391
DAY4_STEP=1 EPISODE=023 STEP=05 DIST=0.029448 YAW_ERR_DEG=0.974 REQUESTED_MOVE=0.004744 EXECUTED_MOVE=0.004679 ATTEMPT=0 SUCCESS=0 TERMINATED=0 TRUNCATED=0
DAY4_MOTION_DONE=1 ELAPSED_SIM=1.200 INITIAL_ERR=0.03886 FINAL_ERR=0.00053 ARM_V=0.00584
DAY4_STEP=1 EPISODE=023 STEP=06 DIST=0.026852 YAW_ERR_DEG=0.230 REQUESTED_MOVE=0.005258 EXECUTED_MOVE=0.005187 ATTEMPT=0 SUCCESS=0 TERMINATED=0 TRUNCATED=0
DAY4_MOTION_DONE=1 ELAPSED_SIM=1.202 INITIAL_ERR=0.04624 FINAL_ERR=0.00069 ARM_V=0.00771
DAY4_STEP=1 EPISODE=023 STEP=07 DIST=0.030730 YAW_ERR_DEG=0.569 REQUESTED_MOVE=0.006312 EXECUTED_MOVE=0.006218 ATTEMPT=0 SUCCESS=0 TERMINATED=0 TRUNCATED=0
DAY4_MOTION_DONE=1 ELAPSED_SIM=1.238 INITIAL_ERR=0.05987 FINAL_ERR=0.00053 ARM_V=0.00590
DAY4_STEP=1 EPISODE=023 STEP=08 DIST=0.027872 YAW_ERR_DEG=0.705 REQUESTED_MOVE=0.007507 EXECUTED_MOVE=0.007440 ATTEMPT=0 SUCCESS=0 TERMINATED=0 TRUNCATED=0
DAY4_MOTION_DONE=1 ELAPSED_SIM=1.200 INITIAL_ERR=0.02134 FINAL_ERR=0.00032 ARM_V=0.00355
DAY4_STEP=1 EPISODE=023 STEP=09 DIST=0.027872 YAW_ERR_DEG=2.591 REQUESTED_MOVE=0.003714 EXECUTED_MOVE=0.003658 ATTEMPT=0 SUCCESS=0 TERMINATED=0 TRUNCATED=0
DAY4_MOTION_DONE=1 ELAPSED_SIM=1.234 INITIAL_ERR=0.05025 FINAL_ERR=0.00055 ARM_V=0.00611
DAY4_STEP=1 EPISODE=023 STEP=10 DIST=0.025498 YAW_ERR_DEG=1.410 REQUESTED_MOVE=0.005740 EXECUTED_MOVE=0.005677 ATTEMPT=0 SUCCESS=0 TERMINATED=0 TRUNCATED=0
DAY4_MOTION_DONE=1 ELAPSED_SIM=1.280 INITIAL_ERR=0.09044 FINAL_ERR=0.00058 ARM_V=0.00650
DAY4_STEP=1 EPISODE=023 STEP=11 DIST=0.027003 YAW_ERR_DEG=6.331 REQUESTED_MOVE=0.002157 EXECUTED_MOVE=0.002143 ATTEMPT=0 SUCCESS=0 TERMINATED=0 TRUNCATED=0
DAY4_MOTION_DONE=1 ELAPSED_SIM=1.266 INITIAL_ERR=0.08087 FINAL_ERR=0.00058 ARM_V=0.00645
DAY4_STEP=1 EPISODE=023 STEP=12 DIST=0.029068 YAW_ERR_DEG=1.680 REQUESTED_MOVE=0.002752 EXECUTED_MOVE=0.002732 ATTEMPT=0 SUCCESS=0 TERMINATED=0 TRUNCATED=0
DAY4_MOTION_DONE=1 ELAPSED_SIM=1.200 INITIAL_ERR=0.03670 FINAL_ERR=0.00055 ARM_V=0.00612
DAY4_STEP=1 EPISODE=023 STEP=13 DIST=0.025482 YAW_ERR_DEG=3.649 REQUESTED_MOVE=0.006085 EXECUTED_MOVE=0.005994 ATTEMPT=0 SUCCESS=0 TERMINATED=0 TRUNCATED=0
DAY4_MOTION_DONE=1 ELAPSED_SIM=1.200 INITIAL_ERR=0.04587 FINAL_ERR=0.00069 ARM_V=0.00765
DAY4_STEP=1 EPISODE=023 STEP=14 DIST=0.028082 YAW_ERR_DEG=5.177 REQUESTED_MOVE=0.004004 EXECUTED_MOVE=0.003945 ATTEMPT=0 SUCCESS=0 TERMINATED=0 TRUNCATED=0
DAY4_MOTION_DONE=1 ELAPSED_SIM=1.256 INITIAL_ERR=0.07032 FINAL_ERR=0.00056 ARM_V=0.00623
DAY4_STEP=1 EPISODE=023 STEP=15 DIST=0.032041 YAW_ERR_DEG=6.614 REQUESTED_MOVE=0.005932 EXECUTED_MOVE=0.005886 ATTEMPT=0 SUCCESS=0 TERMINATED=0 TRUNCATED=0
DAY4_MOTION_DONE=1 ELAPSED_SIM=1.236 INITIAL_ERR=0.05135 FINAL_ERR=0.00056 ARM_V=0.00624
DAY4_STEP=1 EPISODE=023 STEP=16 DIST=0.033281 YAW_ERR_DEG=9.342 REQUESTED_MOVE=0.001704 EXECUTED_MOVE=0.001686 ATTEMPT=0 SUCCESS=0 TERMINATED=0 TRUNCATED=0
DAY4_MOTION_DONE=1 ELAPSED_SIM=1.200 INITIAL_ERR=0.04163 FINAL_ERR=0.00056 ARM_V=0.00625
DAY4_STEP=1 EPISODE=023 STEP=17 DIST=0.034171 YAW_ERR_DEG=6.666 REQUESTED_MOVE=0.002293 EXECUTED_MOVE=0.002263 ATTEMPT=0 SUCCESS=0 TERMINATED=0 TRUNCATED=0
DAY4_MOTION_DONE=1 ELAPSED_SIM=1.302 INITIAL_ERR=0.11112 FINAL_ERR=0.00052 ARM_V=0.00582
DAY4_STEP=1 EPISODE=023 STEP=18 DIST=0.032726 YAW_ERR_DEG=11.608 REQUESTED_MOVE=0.004985 EXECUTED_MOVE=0.004962 ATTEMPT=0 SUCCESS=0 TERMINATED=0 TRUNCATED=0
DAY4_MOTION_DONE=1 ELAPSED_SIM=1.200 INITIAL_ERR=0.04059 FINAL_ERR=0.00055 ARM_V=0.00609
DAY4_STEP=1 EPISODE=023 STEP=19 DIST=0.034346 YAW_ERR_DEG=11.613 REQUESTED_MOVE=0.004347 EXECUTED_MOVE=0.004288 ATTEMPT=0 SUCCESS=0 TERMINATED=0 TRUNCATED=0
DAY4_MOTION_DONE=1 ELAPSED_SIM=1.200 INITIAL_ERR=0.03647 FINAL_ERR=0.00055 ARM_V=0.00607
DAY4_STEP=1 EPISODE=023 STEP=20 DIST=0.034529 YAW_ERR_DEG=12.155 REQUESTED_MOVE=0.003767 EXECUTED_MOVE=0.003711 ATTEMPT=0 SUCCESS=0 TERMINATED=0 TRUNCATED=1
DAY4_RESET_GRIPPER=OPEN ANGLE_RAD=1.291189 EFFORT_NM=0.569268
DAY4_RESET_GRIPPER=AFTER_INITIAL_MOVE ANGLE_RAD=1.307914 EFFORT_NM=0.536279
TRIAL=024 VISUAL_CENTER=[0.17369884997606277, 0.002013757126405835, 0.015096341198318833] SURFACE=[0.17369884997606277, 0.002013757126405835, 0.030096341198318832] CONTOUR_DEG=0.00 AXIS_STD_DEG=0.00 FOOTPRINT=[0.029803589917719364, 0.029803589917719364] CONFIDENCE=0.9949
TRIAL=024 SELECTED_CONTOUR_ORIENTATION=+90.00deg TILT=0.0 LEAN=-1 SYMMETRY=1 IK_FK_POS_ERROR=0.000000m IK_FK_ORIENTATION_ERROR=0.000000rad FINGER_FK_LIFT=0.080000m FINGER_FK_DRIFT=0.000000m JOINT_MOTION=1.962660rad
DAY4_MOTION_DONE=1 ELAPSED_SIM=1.228 INITIAL_ERR=0.05287 FINAL_ERR=0.00058 ARM_V=0.00643
DAY4_STEP=1 EPISODE=024 STEP=01 DIST=0.021627 YAW_ERR_DEG=4.079 REQUESTED_MOVE=0.006271 EXECUTED_MOVE=0.006202 ATTEMPT=0 SUCCESS=0 TERMINATED=0 TRUNCATED=0
DAY4_MOTION_DONE=1 ELAPSED_SIM=1.236 INITIAL_ERR=0.05411 FINAL_ERR=0.00059 ARM_V=0.00658
DAY4_STEP=1 EPISODE=024 STEP=02 DIST=0.020152 YAW_ERR_DEG=0.384 REQUESTED_MOVE=0.004993 EXECUTED_MOVE=0.004938 ATTEMPT=0 SUCCESS=0 TERMINATED=0 TRUNCATED=0
DAY4_MOTION_DONE=1 ELAPSED_SIM=1.200 INITIAL_ERR=0.03926 FINAL_ERR=0.00059 ARM_V=0.00655
DAY4_STEP=1 EPISODE=024 STEP=03 DIST=0.023146 YAW_ERR_DEG=1.836 REQUESTED_MOVE=0.003603 EXECUTED_MOVE=0.003549 ATTEMPT=0 SUCCESS=0 TERMINATED=0 TRUNCATED=0
DAY4_MOTION_DONE=1 ELAPSED_SIM=1.246 INITIAL_ERR=0.06786 FINAL_ERR=0.00060 ARM_V=0.00669
DAY4_STEP=1 EPISODE=024 STEP=04 DIST=0.021938 YAW_ERR_DEG=2.398 REQUESTED_MOVE=0.005218 EXECUTED_MOVE=0.005172 ATTEMPT=0 SUCCESS=0 TERMINATED=0 TRUNCATED=0
DAY4_MOTION_DONE=1 ELAPSED_SIM=1.232 INITIAL_ERR=0.06170 FINAL_ERR=0.00061 ARM_V=0.00675
DAY4_STEP=1 EPISODE=024 STEP=05 DIST=0.026158 YAW_ERR_DEG=4.410 REQUESTED_MOVE=0.005796 EXECUTED_MOVE=0.005740 ATTEMPT=0 SUCCESS=0 TERMINATED=0 TRUNCATED=0
DAY4_MOTION_DONE=1 ELAPSED_SIM=1.200 INITIAL_ERR=0.04641 FINAL_ERR=0.00070 ARM_V=0.00775
DAY4_STEP=1 EPISODE=024 STEP=06 DIST=0.024106 YAW_ERR_DEG=2.216 REQUESTED_MOVE=0.003546 EXECUTED_MOVE=0.003492 ATTEMPT=0 SUCCESS=0 TERMINATED=0 TRUNCATED=0
DAY4_MOTION_DONE=1 ELAPSED_SIM=1.202 INITIAL_ERR=0.04080 FINAL_ERR=0.00055 ARM_V=0.00612
DAY4_STEP=1 EPISODE=024 STEP=07 DIST=0.028661 YAW_ERR_DEG=1.386 REQUESTED_MOVE=0.006060 EXECUTED_MOVE=0.005978 ATTEMPT=0 SUCCESS=0 TERMINATED=0 TRUNCATED=0
DAY4_MOTION_DONE=1 ELAPSED_SIM=1.266 INITIAL_ERR=0.07708 FINAL_ERR=0.00055 ARM_V=0.00615
DAY4_STEP=1 EPISODE=024 STEP=08 DIST=0.033219 YAW_ERR_DEG=3.358 REQUESTED_MOVE=0.005316 EXECUTED_MOVE=0.005278 ATTEMPT=0 SUCCESS=0 TERMINATED=0 TRUNCATED=0
DAY4_MOTION_DONE=1 ELAPSED_SIM=1.274 INITIAL_ERR=0.08647 FINAL_ERR=0.00050 ARM_V=0.00558
DAY4_STEP=1 EPISODE=024 STEP=09 DIST=0.035736 YAW_ERR_DEG=8.036 REQUESTED_MOVE=0.003235 EXECUTED_MOVE=0.003216 ATTEMPT=0 SUCCESS=0 TERMINATED=0 TRUNCATED=0
DAY4_MOTION_DONE=1 ELAPSED_SIM=1.200 INITIAL_ERR=0.01845 FINAL_ERR=0.00028 ARM_V=0.00307
DAY4_STEP=1 EPISODE=024 STEP=10 DIST=0.036021 YAW_ERR_DEG=7.664 REQUESTED_MOVE=0.002425 EXECUTED_MOVE=0.002389 ATTEMPT=0 SUCCESS=0 TERMINATED=0 TRUNCATED=0
DAY4_MOTION_DONE=1 ELAPSED_SIM=1.200 INITIAL_ERR=0.04150 FINAL_ERR=0.00062 ARM_V=0.00692
DAY4_STEP=1 EPISODE=024 STEP=11 DIST=0.036673 YAW_ERR_DEG=8.346 REQUESTED_MOVE=0.004828 EXECUTED_MOVE=0.004756 ATTEMPT=0 SUCCESS=0 TERMINATED=0 TRUNCATED=0
DAY4_MOTION_DONE=1 ELAPSED_SIM=1.202 INITIAL_ERR=0.03334 FINAL_ERR=0.00045 ARM_V=0.00500
DAY4_STEP=1 EPISODE=024 STEP=12 DIST=0.037037 YAW_ERR_DEG=9.558 REQUESTED_MOVE=0.002782 EXECUTED_MOVE=0.002745 ATTEMPT=0 SUCCESS=0 TERMINATED=0 TRUNCATED=0
DAY4_MOTION_DONE=1 ELAPSED_SIM=1.266 INITIAL_ERR=0.07814 FINAL_ERR=0.00050 ARM_V=0.00561
DAY4_STEP=1 EPISODE=024 STEP=13 DIST=0.043823 YAW_ERR_DEG=12.933 REQUESTED_MOVE=0.007224 EXECUTED_MOVE=0.007178 ATTEMPT=0 SUCCESS=0 TERMINATED=0 TRUNCATED=0
DAY4_MOTION_DONE=1 ELAPSED_SIM=1.202 INITIAL_ERR=0.03571 FINAL_ERR=0.00048 ARM_V=0.00537
DAY4_STEP=1 EPISODE=024 STEP=14 DIST=0.044612 YAW_ERR_DEG=11.521 REQUESTED_MOVE=0.002893 EXECUTED_MOVE=0.002855 ATTEMPT=0 SUCCESS=0 TERMINATED=0 TRUNCATED=0
DAY4_MOTION_DONE=1 ELAPSED_SIM=1.202 INITIAL_ERR=0.04816 FINAL_ERR=0.00072 ARM_V=0.00805
DAY4_STEP=1 EPISODE=024 STEP=15 DIST=0.041170 YAW_ERR_DEG=14.892 REQUESTED_MOVE=0.005459 EXECUTED_MOVE=0.005377 ATTEMPT=0 SUCCESS=0 TERMINATED=0 TRUNCATED=0
DAY4_MOTION_DONE=1 ELAPSED_SIM=1.248 INITIAL_ERR=0.06387 FINAL_ERR=0.00051 ARM_V=0.00566
DAY4_STEP=1 EPISODE=024 STEP=16 DIST=0.042463 YAW_ERR_DEG=11.346 REQUESTED_MOVE=0.006176 EXECUTED_MOVE=0.006126 ATTEMPT=0 SUCCESS=0 TERMINATED=0 TRUNCATED=0
DAY4_MOTION_DONE=1 ELAPSED_SIM=1.200 INITIAL_ERR=0.02010 FINAL_ERR=0.00030 ARM_V=0.00335
DAY4_STEP=1 EPISODE=024 STEP=17 DIST=0.043864 YAW_ERR_DEG=9.317 REQUESTED_MOVE=0.003849 EXECUTED_MOVE=0.003791 ATTEMPT=0 SUCCESS=0 TERMINATED=0 TRUNCATED=0
DAY4_MOTION_DONE=1 ELAPSED_SIM=1.202 INITIAL_ERR=0.02454 FINAL_ERR=0.00037 ARM_V=0.00408
DAY4_STEP=1 EPISODE=024 STEP=18 DIST=0.044592 YAW_ERR_DEG=7.602 REQUESTED_MOVE=0.004808 EXECUTED_MOVE=0.004736 ATTEMPT=0 SUCCESS=0 TERMINATED=0 TRUNCATED=0
DAY4_MOTION_DONE=1 ELAPSED_SIM=1.200 INITIAL_ERR=0.02426 FINAL_ERR=0.00033 ARM_V=0.00364
DAY4_STEP=1 EPISODE=024 STEP=19 DIST=0.044266 YAW_ERR_DEG=5.553 REQUESTED_MOVE=0.003293 EXECUTED_MOVE=0.003249 ATTEMPT=0 SUCCESS=0 TERMINATED=0 TRUNCATED=0
DAY4_MOTION_DONE=1 ELAPSED_SIM=1.200 INITIAL_ERR=0.04702 FINAL_ERR=0.00063 ARM_V=0.00705
DAY4_STEP=1 EPISODE=024 STEP=20 DIST=0.047518 YAW_ERR_DEG=2.135 REQUESTED_MOVE=0.005975 EXECUTED_MOVE=0.005895 ATTEMPT=0 SUCCESS=0 TERMINATED=0 TRUNCATED=1
DAY4_RESET_GRIPPER=OPEN ANGLE_RAD=1.291191 EFFORT_NM=0.547082
DAY4_RESET_GRIPPER=AFTER_INITIAL_MOVE ANGLE_RAD=1.302617 EFFORT_NM=0.532846
TRIAL=025 VISUAL_CENTER=[0.22586049139499664, -0.057440921664237976, 0.01510251943048005] SURFACE=[0.22586049139499664, -0.057440921664237976, 0.03010251943048005] CONTOUR_DEG=0.00 AXIS_STD_DEG=0.00 FOOTPRINT=[0.02999037504196167, 0.02999037504196167] CONFIDENCE=0.9947
TRIAL=025 PHASE=OPEN_GRIPPER
TRIAL=025 PHASE=RETURN_OBSERVATION
DAY4_RESET_GRIPPER=OPEN ANGLE_RAD=1.291133 EFFORT_NM=0.534120
DAY4_RESET_GRIPPER=AFTER_INITIAL_MOVE ANGLE_RAD=1.298054 EFFORT_NM=0.531562
TRIAL=026 VISUAL_CENTER=[0.1901516616344452, -0.011662166099995375, 0.01509818625781792] SURFACE=[0.1901516616344452, -0.011662166099995375, 0.03009818625781792] CONTOUR_DEG=0.00 AXIS_STD_DEG=0.00 FOOTPRINT=[0.02988691534847021, 0.02988691534847021] CONFIDENCE=0.9948
TRIAL=026 SELECTED_CONTOUR_ORIENTATION=+90.00deg TILT=0.0 LEAN=-1 SYMMETRY=1 IK_FK_POS_ERROR=0.000000m IK_FK_ORIENTATION_ERROR=0.000000rad FINGER_FK_LIFT=0.080000m FINGER_FK_DRIFT=0.000000m JOINT_MOTION=2.119812rad
DAY4_MOTION_DONE=1 ELAPSED_SIM=1.200 INITIAL_ERR=0.03795 FINAL_ERR=0.00051 ARM_V=0.00570
DAY4_STEP=1 EPISODE=026 STEP=01 DIST=0.024067 YAW_ERR_DEG=0.654 REQUESTED_MOVE=0.003737 EXECUTED_MOVE=0.003686 ATTEMPT=0 SUCCESS=0 TERMINATED=0 TRUNCATED=0
DAY4_MOTION_DONE=1 ELAPSED_SIM=1.202 INITIAL_ERR=0.01538 FINAL_ERR=0.00019 ARM_V=0.00208
DAY4_STEP=1 EPISODE=026 STEP=02 DIST=0.025284 YAW_ERR_DEG=1.175 REQUESTED_MOVE=0.002971 EXECUTED_MOVE=0.002935 ATTEMPT=0 SUCCESS=0 TERMINATED=0 TRUNCATED=0
DAY4_MOTION_DONE=1 ELAPSED_SIM=1.252 INITIAL_ERR=0.05795 FINAL_ERR=0.00051 ARM_V=0.00571
DAY4_STEP=1 EPISODE=026 STEP=03 DIST=0.027060 YAW_ERR_DEG=5.103 REQUESTED_MOVE=0.004243 EXECUTED_MOVE=0.004206 ATTEMPT=0 SUCCESS=0 TERMINATED=0 TRUNCATED=0
DAY4_MOTION_DONE=1 ELAPSED_SIM=1.292 INITIAL_ERR=0.10029 FINAL_ERR=0.00052 ARM_V=0.00583
DAY4_STEP=1 EPISODE=026 STEP=04 DIST=0.022766 YAW_ERR_DEG=9.705 REQUESTED_MOVE=0.006318 EXECUTED_MOVE=0.006285 ATTEMPT=0 SUCCESS=0 TERMINATED=0 TRUNCATED=0
DAY4_MOTION_DONE=1 ELAPSED_SIM=1.202 INITIAL_ERR=0.03441 FINAL_ERR=0.00046 ARM_V=0.00516
DAY4_STEP=1 EPISODE=026 STEP=05 DIST=0.020660 YAW_ERR_DEG=12.217 REQUESTED_MOVE=0.003404 EXECUTED_MOVE=0.003358 ATTEMPT=0 SUCCESS=0 TERMINATED=0 TRUNCATED=0
DAY4_MOTION_DONE=1 ELAPSED_SIM=1.264 INITIAL_ERR=0.07082 FINAL_ERR=0.00051 ARM_V=0.00565
DAY4_STEP=1 EPISODE=026 STEP=06 DIST=0.024888 YAW_ERR_DEG=12.656 REQUESTED_MOVE=0.005854 EXECUTED_MOVE=0.005813 ATTEMPT=0 SUCCESS=0 TERMINATED=0 TRUNCATED=0
DAY4_MOTION_DONE=1 ELAPSED_SIM=1.274 INITIAL_ERR=0.06909 FINAL_ERR=0.00055 ARM_V=0.00613
DAY4_STEP=1 EPISODE=026 STEP=07 DIST=0.020385 YAW_ERR_DEG=11.985 REQUESTED_MOVE=0.006887 EXECUTED_MOVE=0.006832 ATTEMPT=0 SUCCESS=0 TERMINATED=0 TRUNCATED=0
DAY4_MOTION_DONE=1 ELAPSED_SIM=1.200 INITIAL_ERR=0.03135 FINAL_ERR=0.00047 ARM_V=0.00523
DAY4_STEP=1 EPISODE=026 STEP=08 DIST=0.016108 YAW_ERR_DEG=8.940 REQUESTED_MOVE=0.005654 EXECUTED_MOVE=0.005569 ATTEMPT=0 SUCCESS=0 TERMINATED=0 TRUNCATED=0
DAY4_MOTION_DONE=1 ELAPSED_SIM=1.200 INITIAL_ERR=0.03052 FINAL_ERR=0.00046 ARM_V=0.00510
DAY4_STEP=1 EPISODE=026 STEP=09 DIST=0.014291 YAW_ERR_DEG=10.317 REQUESTED_MOVE=0.003645 EXECUTED_MOVE=0.003591 ATTEMPT=0 SUCCESS=0 TERMINATED=0 TRUNCATED=0
DAY4_MOTION_DONE=1 ELAPSED_SIM=1.228 INITIAL_ERR=0.05551 FINAL_ERR=0.00055 ARM_V=0.00608
DAY4_STEP=1 EPISODE=026 STEP=10 DIST=0.018004 YAW_ERR_DEG=7.841 REQUESTED_MOVE=0.004045 EXECUTED_MOVE=0.004005 ATTEMPT=0 SUCCESS=0 TERMINATED=0 TRUNCATED=0
DAY4_MOTION_DONE=1 ELAPSED_SIM=1.200 INITIAL_ERR=0.02696 FINAL_ERR=0.00045 ARM_V=0.00501
DAY4_STEP=1 EPISODE=026 STEP=11 DIST=0.019122 YAW_ERR_DEG=10.347 REQUESTED_MOVE=0.004182 EXECUTED_MOVE=0.004113 ATTEMPT=0 SUCCESS=0 TERMINATED=0 TRUNCATED=0
DAY4_MOTION_DONE=1 ELAPSED_SIM=1.200 INITIAL_ERR=0.04353 FINAL_ERR=0.00065 ARM_V=0.00725
DAY4_STEP=1 EPISODE=026 STEP=12 DIST=0.018867 YAW_ERR_DEG=11.505 REQUESTED_MOVE=0.004921 EXECUTED_MOVE=0.004847 ATTEMPT=0 SUCCESS=0 TERMINATED=0 TRUNCATED=0
DAY4_MOTION_DONE=1 ELAPSED_SIM=1.256 INITIAL_ERR=0.07372 FINAL_ERR=0.00053 ARM_V=0.00588
DAY4_STEP=1 EPISODE=026 STEP=13 DIST=0.021955 YAW_ERR_DEG=15.897 REQUESTED_MOVE=0.004727 EXECUTED_MOVE=0.004693 ATTEMPT=0 SUCCESS=0 TERMINATED=0 TRUNCATED=0
DAY4_MOTION_DONE=1 ELAPSED_SIM=1.244 INITIAL_ERR=0.06348 FINAL_ERR=0.00056 ARM_V=0.00625
DAY4_STEP=1 EPISODE=026 STEP=14 DIST=0.017809 YAW_ERR_DEG=11.143 REQUESTED_MOVE=0.005784 EXECUTED_MOVE=0.005732 ATTEMPT=0 SUCCESS=0 TERMINATED=0 TRUNCATED=0
DAY4_MOTION_DONE=1 ELAPSED_SIM=1.270 INITIAL_ERR=0.07703 FINAL_ERR=0.00050 ARM_V=0.00553
DAY4_STEP=1 EPISODE=026 STEP=15 DIST=0.014221 YAW_ERR_DEG=14.193 REQUESTED_MOVE=0.005919 EXECUTED_MOVE=0.005881 ATTEMPT=0 SUCCESS=0 TERMINATED=0 TRUNCATED=0
DAY4_MOTION_DONE=1 ELAPSED_SIM=1.242 INITIAL_ERR=0.05788 FINAL_ERR=0.00057 ARM_V=0.00633
DAY4_STEP=1 EPISODE=026 STEP=16 DIST=0.009116 YAW_ERR_DEG=17.716 REQUESTED_MOVE=0.007019 EXECUTED_MOVE=0.006950 ATTEMPT=0 SUCCESS=0 TERMINATED=0 TRUNCATED=0
DAY4_MOTION_DONE=1 ELAPSED_SIM=1.232 INITIAL_ERR=0.05405 FINAL_ERR=0.00059 ARM_V=0.00657
DAY4_STEP=1 EPISODE=026 STEP=17 DIST=0.007922 YAW_ERR_DEG=15.579 REQUESTED_MOVE=0.005309 EXECUTED_MOVE=0.005251 ATTEMPT=0 SUCCESS=0 TERMINATED=0 TRUNCATED=0
DAY4_MOTION_DONE=1 ELAPSED_SIM=1.264 INITIAL_ERR=0.08070 FINAL_ERR=0.00058 ARM_V=0.00644
DAY4_STEP=1 EPISODE=026 STEP=18 DIST=0.011574 YAW_ERR_DEG=11.384 REQUESTED_MOVE=0.003990 EXECUTED_MOVE=0.003961 ATTEMPT=0 SUCCESS=0 TERMINATED=0 TRUNCATED=0
DAY4_MOTION_DONE=1 ELAPSED_SIM=1.200 INITIAL_ERR=0.01446 FINAL_ERR=0.00020 ARM_V=0.00217
DAY4_STEP=1 EPISODE=026 STEP=19 DIST=0.010532 YAW_ERR_DEG=11.373 REQUESTED_MOVE=0.003220 EXECUTED_MOVE=0.003176 ATTEMPT=0 SUCCESS=0 TERMINATED=0 TRUNCATED=0
DAY4_MOTION_DONE=1 ELAPSED_SIM=1.200 INITIAL_ERR=0.02367 FINAL_ERR=0.00035 ARM_V=0.00394
DAY4_STEP=1 EPISODE=026 STEP=20 DIST=0.013677 YAW_ERR_DEG=9.025 REQUESTED_MOVE=0.005017 EXECUTED_MOVE=0.004941 ATTEMPT=0 SUCCESS=0 TERMINATED=0 TRUNCATED=1
DAY4_RESET_GRIPPER=OPEN ANGLE_RAD=1.291235 EFFORT_NM=0.547990
DAY4_RESET_GRIPPER=AFTER_INITIAL_MOVE ANGLE_RAD=1.302925 EFFORT_NM=0.533407
TRIAL=027 VISUAL_CENTER=[0.1785188615322113, -0.011611195222940296, 0.015097591472118393] SURFACE=[0.1785188615322113, -0.011611195222940296, 0.030097591472118393] CONTOUR_DEG=0.00 AXIS_STD_DEG=0.00 FOOTPRINT=[0.029701413586735725, 0.029701413586735725] CONFIDENCE=0.9950
TRIAL=027 SELECTED_CONTOUR_ORIENTATION=+90.00deg TILT=0.0 LEAN=+1 SYMMETRY=1 IK_FK_POS_ERROR=0.000000m IK_FK_ORIENTATION_ERROR=0.000000rad FINGER_FK_LIFT=0.080000m FINGER_FK_DRIFT=0.000000m JOINT_MOTION=2.004160rad
DAY4_MOTION_DONE=1 ELAPSED_SIM=1.258 INITIAL_ERR=0.07282 FINAL_ERR=0.00058 ARM_V=0.00645
DAY4_STEP=1 EPISODE=027 STEP=01 DIST=0.021914 YAW_ERR_DEG=3.296 REQUESTED_MOVE=0.005703 EXECUTED_MOVE=0.005657 ATTEMPT=0 SUCCESS=0 TERMINATED=0 TRUNCATED=0
DAY4_MOTION_DONE=1 ELAPSED_SIM=1.294 INITIAL_ERR=0.09784 FINAL_ERR=0.00057 ARM_V=0.00632
DAY4_STEP=1 EPISODE=027 STEP=02 DIST=0.022426 YAW_ERR_DEG=1.621 REQUESTED_MOVE=0.002541 EXECUTED_MOVE=0.002526 ATTEMPT=0 SUCCESS=0 TERMINATED=0 TRUNCATED=0
DAY4_MOTION_DONE=1 ELAPSED_SIM=1.258 INITIAL_ERR=0.06654 FINAL_ERR=0.00059 ARM_V=0.00655
DAY4_STEP=1 EPISODE=027 STEP=03 DIST=0.026990 YAW_ERR_DEG=1.532 REQUESTED_MOVE=0.006350 EXECUTED_MOVE=0.006294 ATTEMPT=0 SUCCESS=0 TERMINATED=0 TRUNCATED=0
DAY4_MOTION_DONE=1 ELAPSED_SIM=1.264 INITIAL_ERR=0.07518 FINAL_ERR=0.00060 ARM_V=0.00666
DAY4_STEP=1 EPISODE=027 STEP=04 DIST=0.032490 YAW_ERR_DEG=2.728 REQUESTED_MOVE=0.006580 EXECUTED_MOVE=0.006529 ATTEMPT=0 SUCCESS=0 TERMINATED=0 TRUNCATED=0
DAY4_MOTION_DONE=1 ELAPSED_SIM=1.274 INITIAL_ERR=0.07659 FINAL_ERR=0.00049 ARM_V=0.00550
DAY4_STEP=1 EPISODE=027 STEP=05 DIST=0.033406 YAW_ERR_DEG=0.355 REQUESTED_MOVE=0.006818 EXECUTED_MOVE=0.006774 ATTEMPT=0 SUCCESS=0 TERMINATED=0 TRUNCATED=0
DAY4_MOTION_DONE=1 ELAPSED_SIM=1.200 INITIAL_ERR=0.02941 FINAL_ERR=0.00044 ARM_V=0.00490
DAY4_STEP=1 EPISODE=027 STEP=06 DIST=0.033587 YAW_ERR_DEG=2.244 REQUESTED_MOVE=0.004079 EXECUTED_MOVE=0.004018 ATTEMPT=0 SUCCESS=0 TERMINATED=0 TRUNCATED=0
DAY4_MOTION_DONE=1 ELAPSED_SIM=1.202 INITIAL_ERR=0.02740 FINAL_ERR=0.00037 ARM_V=0.00411
DAY4_STEP=1 EPISODE=027 STEP=07 DIST=0.031959 YAW_ERR_DEG=0.269 REQUESTED_MOVE=0.006059 EXECUTED_MOVE=0.005977 ATTEMPT=0 SUCCESS=0 TERMINATED=0 TRUNCATED=0
DAY4_MOTION_DONE=1 ELAPSED_SIM=1.252 INITIAL_ERR=0.06369 FINAL_ERR=0.00051 ARM_V=0.00565
DAY4_STEP=1 EPISODE=027 STEP=08 DIST=0.035249 YAW_ERR_DEG=5.185 REQUESTED_MOVE=0.007345 EXECUTED_MOVE=0.007287 ATTEMPT=0 SUCCESS=0 TERMINATED=0 TRUNCATED=0
DAY4_MOTION_DONE=1 ELAPSED_SIM=1.252 INITIAL_ERR=0.06691 FINAL_ERR=0.00059 ARM_V=0.00660
DAY4_STEP=1 EPISODE=027 STEP=09 DIST=0.030325 YAW_ERR_DEG=7.879 REQUESTED_MOVE=0.005904 EXECUTED_MOVE=0.005851 ATTEMPT=0 SUCCESS=0 TERMINATED=0 TRUNCATED=0
DAY4_MOTION_DONE=1 ELAPSED_SIM=1.200 INITIAL_ERR=0.03399 FINAL_ERR=0.00051 ARM_V=0.00567
DAY4_STEP=1 EPISODE=027 STEP=10 DIST=0.031363 YAW_ERR_DEG=8.545 REQUESTED_MOVE=0.006685 EXECUTED_MOVE=0.006585 ATTEMPT=0 SUCCESS=0 TERMINATED=0 TRUNCATED=0
DAY4_MOTION_DONE=1 ELAPSED_SIM=1.200 INITIAL_ERR=0.04732 FINAL_ERR=0.00079 ARM_V=0.00877
DAY4_STEP=1 EPISODE=027 STEP=11 DIST=0.029810 YAW_ERR_DEG=5.334 REQUESTED_MOVE=0.003849 EXECUTED_MOVE=0.003784 ATTEMPT=0 SUCCESS=0 TERMINATED=0 TRUNCATED=0
DAY4_MOTION_DONE=1 ELAPSED_SIM=1.236 INITIAL_ERR=0.06098 FINAL_ERR=0.00054 ARM_V=0.00600
DAY4_STEP=1 EPISODE=027 STEP=12 DIST=0.025707 YAW_ERR_DEG=2.551 REQUESTED_MOVE=0.004206 EXECUTED_MOVE=0.004169 ATTEMPT=0 SUCCESS=0 TERMINATED=0 TRUNCATED=0
DAY4_MOTION_DONE=1 ELAPSED_SIM=1.278 INITIAL_ERR=0.08525 FINAL_ERR=0.00055 ARM_V=0.00612
DAY4_STEP=1 EPISODE=027 STEP=13 DIST=0.026162 YAW_ERR_DEG=5.811 REQUESTED_MOVE=0.006534 EXECUTED_MOVE=0.006492 ATTEMPT=0 SUCCESS=0 TERMINATED=0 TRUNCATED=0
DAY4_MOTION_DONE=1 ELAPSED_SIM=1.200 INITIAL_ERR=0.01468 FINAL_ERR=0.00022 ARM_V=0.00245
DAY4_STEP=1 EPISODE=027 STEP=14 DIST=0.028446 YAW_ERR_DEG=5.636 REQUESTED_MOVE=0.003793 EXECUTED_MOVE=0.003736 ATTEMPT=0 SUCCESS=0 TERMINATED=0 TRUNCATED=0
DAY4_MOTION_DONE=1 ELAPSED_SIM=1.280 INITIAL_ERR=0.09378 FINAL_ERR=0.00061 ARM_V=0.00673
DAY4_STEP=1 EPISODE=027 STEP=15 DIST=0.030600 YAW_ERR_DEG=9.827 REQUESTED_MOVE=0.006582 EXECUTED_MOVE=0.006539 ATTEMPT=0 SUCCESS=0 TERMINATED=0 TRUNCATED=0
DAY4_MOTION_DONE=1 ELAPSED_SIM=1.202 INITIAL_ERR=0.03394 FINAL_ERR=0.00046 ARM_V=0.00509
DAY4_STEP=1 EPISODE=027 STEP=16 DIST=0.029598 YAW_ERR_DEG=10.219 REQUESTED_MOVE=0.005536 EXECUTED_MOVE=0.005461 ATTEMPT=0 SUCCESS=0 TERMINATED=0 TRUNCATED=0
DAY4_MOTION_DONE=1 ELAPSED_SIM=1.200 INITIAL_ERR=0.01687 FINAL_ERR=0.00028 ARM_V=0.00313
DAY4_STEP=1 EPISODE=027 STEP=17 DIST=0.032635 YAW_ERR_DEG=9.405 REQUESTED_MOVE=0.003611 EXECUTED_MOVE=0.003550 ATTEMPT=0 SUCCESS=0 TERMINATED=0 TRUNCATED=0
DAY4_MOTION_DONE=1 ELAPSED_SIM=1.280 INITIAL_ERR=0.08442 FINAL_ERR=0.00061 ARM_V=0.00673
DAY4_STEP=1 EPISODE=027 STEP=18 DIST=0.030937 YAW_ERR_DEG=13.733 REQUESTED_MOVE=0.004717 EXECUTED_MOVE=0.004683 ATTEMPT=0 SUCCESS=0 TERMINATED=0 TRUNCATED=0
DAY4_MOTION_DONE=1 ELAPSED_SIM=1.258 INITIAL_ERR=0.07394 FINAL_ERR=0.00053 ARM_V=0.00589
DAY4_STEP=1 EPISODE=027 STEP=19 DIST=0.028978 YAW_ERR_DEG=18.588 REQUESTED_MOVE=0.006094 EXECUTED_MOVE=0.006050 ATTEMPT=0 SUCCESS=0 TERMINATED=0 TRUNCATED=0
DAY4_MOTION_DONE=1 ELAPSED_SIM=1.200 INITIAL_ERR=0.04407 FINAL_ERR=0.00059 ARM_V=0.00661
DAY4_STEP=1 EPISODE=027 STEP=20 DIST=0.025869 YAW_ERR_DEG=21.750 REQUESTED_MOVE=0.003199 EXECUTED_MOVE=0.003156 ATTEMPT=0 SUCCESS=0 TERMINATED=0 TRUNCATED=1
DAY4_RESET_GRIPPER=OPEN ANGLE_RAD=1.291164 EFFORT_NM=0.562438
DAY4_RESET_GRIPPER=AFTER_INITIAL_MOVE ANGLE_RAD=1.306049 EFFORT_NM=0.537335
TRIAL=028 VISUAL_CENTER=[0.1836414486169815, 0.02669221768155694, 0.015097566819375324] SURFACE=[0.1836414486169815, 0.02669221768155694, 0.030097566819375324] CONTOUR_DEG=0.00 AXIS_STD_DEG=0.00 FOOTPRINT=[0.029711631126701832, 0.029711631126701832] CONFIDENCE=0.9927
TRIAL=028 SELECTED_CONTOUR_ORIENTATION=+90.00deg TILT=0.0 LEAN=-1 SYMMETRY=1 IK_FK_POS_ERROR=0.000000m IK_FK_ORIENTATION_ERROR=0.000000rad FINGER_FK_LIFT=0.080000m FINGER_FK_DRIFT=0.000000m JOINT_MOTION=2.090812rad
DAY4_MOTION_DONE=1 ELAPSED_SIM=1.200 INITIAL_ERR=0.04400 FINAL_ERR=0.00059 ARM_V=0.00660
DAY4_STEP=1 EPISODE=028 STEP=01 DIST=0.023494 YAW_ERR_DEG=2.283 REQUESTED_MOVE=0.003654 EXECUTED_MOVE=0.003604 ATTEMPT=0 SUCCESS=0 TERMINATED=0 TRUNCATED=0
DAY4_MOTION_DONE=1 ELAPSED_SIM=1.248 INITIAL_ERR=0.06788 FINAL_ERR=0.00060 ARM_V=0.00669
DAY4_STEP=1 EPISODE=028 STEP=02 DIST=0.028233 YAW_ERR_DEG=1.218 REQUESTED_MOVE=0.006876 EXECUTED_MOVE=0.006815 ATTEMPT=0 SUCCESS=0 TERMINATED=0 TRUNCATED=0
DAY4_MOTION_DONE=1 ELAPSED_SIM=1.202 INITIAL_ERR=0.01782 FINAL_ERR=0.00027 ARM_V=0.00297
DAY4_STEP=1 EPISODE=028 STEP=03 DIST=0.031225 YAW_ERR_DEG=1.045 REQUESTED_MOVE=0.004002 EXECUTED_MOVE=0.003942 ATTEMPT=0 SUCCESS=0 TERMINATED=0 TRUNCATED=0
DAY4_MOTION_DONE=1 ELAPSED_SIM=1.226 INITIAL_ERR=0.05269 FINAL_ERR=0.00052 ARM_V=0.00576
DAY4_STEP=1 EPISODE=028 STEP=04 DIST=0.034342 YAW_ERR_DEG=1.321 REQUESTED_MOVE=0.005899 EXECUTED_MOVE=0.005841 ATTEMPT=0 SUCCESS=0 TERMINATED=0 TRUNCATED=0
DAY4_MOTION_DONE=1 ELAPSED_SIM=1.248 INITIAL_ERR=0.05782 FINAL_ERR=0.00057 ARM_V=0.00634
DAY4_STEP=1 EPISODE=028 STEP=05 DIST=0.032871 YAW_ERR_DEG=3.014 REQUESTED_MOVE=0.005740 EXECUTED_MOVE=0.005683 ATTEMPT=0 SUCCESS=0 TERMINATED=0 TRUNCATED=0
DAY4_MOTION_DONE=1 ELAPSED_SIM=1.226 INITIAL_ERR=0.05559 FINAL_ERR=0.00061 ARM_V=0.00675
DAY4_STEP=1 EPISODE=028 STEP=06 DIST=0.031840 YAW_ERR_DEG=3.744 REQUESTED_MOVE=0.005233 EXECUTED_MOVE=0.005175 ATTEMPT=0 SUCCESS=0 TERMINATED=0 TRUNCATED=0
DAY4_MOTION_DONE=1 ELAPSED_SIM=1.202 INITIAL_ERR=0.03874 FINAL_ERR=0.00052 ARM_V=0.00582
DAY4_STEP=1 EPISODE=028 STEP=07 DIST=0.034303 YAW_ERR_DEG=4.078 REQUESTED_MOVE=0.005221 EXECUTED_MOVE=0.005150 ATTEMPT=0 SUCCESS=0 TERMINATED=0 TRUNCATED=0
DAY4_MOTION_DONE=1 ELAPSED_SIM=1.238 INITIAL_ERR=0.05733 FINAL_ERR=0.00051 ARM_V=0.00564
DAY4_STEP=1 EPISODE=028 STEP=08 DIST=0.033775 YAW_ERR_DEG=0.869 REQUESTED_MOVE=0.001983 EXECUTED_MOVE=0.001965 ATTEMPT=0 SUCCESS=0 TERMINATED=0 TRUNCATED=0
DAY4_MOTION_DONE=1 ELAPSED_SIM=1.200 INITIAL_ERR=0.03999 FINAL_ERR=0.00054 ARM_V=0.00601
DAY4_STEP=1 EPISODE=028 STEP=09 DIST=0.039666 YAW_ERR_DEG=4.014 REQUESTED_MOVE=0.006660 EXECUTED_MOVE=0.006570 ATTEMPT=0 SUCCESS=0 TERMINATED=0 TRUNCATED=0
DAY4_MOTION_DONE=1 ELAPSED_SIM=1.240 INITIAL_ERR=0.05667 FINAL_ERR=0.00056 ARM_V=0.00620
DAY4_STEP=1 EPISODE=028 STEP=10 DIST=0.042897 YAW_ERR_DEG=6.386 REQUESTED_MOVE=0.005081 EXECUTED_MOVE=0.005031 ATTEMPT=0 SUCCESS=0 TERMINATED=0 TRUNCATED=0
DAY4_MOTION_DONE=1 ELAPSED_SIM=1.252 INITIAL_ERR=0.05716 FINAL_ERR=0.00056 ARM_V=0.00625
DAY4_STEP=1 EPISODE=028 STEP=11 DIST=0.044965 YAW_ERR_DEG=8.186 REQUESTED_MOVE=0.006057 EXECUTED_MOVE=0.005998 ATTEMPT=0 SUCCESS=0 TERMINATED=0 TRUNCATED=0
DAY4_MOTION_DONE=1 ELAPSED_SIM=1.200 INITIAL_ERR=0.03532 FINAL_ERR=0.00048 ARM_V=0.00530
DAY4_STEP=1 EPISODE=028 STEP=12 DIST=0.040278 YAW_ERR_DEG=9.155 REQUESTED_MOVE=0.005465 EXECUTED_MOVE=0.005391 ATTEMPT=0 SUCCESS=0 TERMINATED=0 TRUNCATED=0
DAY4_MOTION_DONE=1 ELAPSED_SIM=1.200 INITIAL_ERR=0.03069 FINAL_ERR=0.00041 ARM_V=0.00461
DAY4_STEP=1 EPISODE=028 STEP=13 DIST=0.045301 YAW_ERR_DEG=10.639 REQUESTED_MOVE=0.005287 EXECUTED_MOVE=0.005215 ATTEMPT=0 SUCCESS=0 TERMINATED=0 TRUNCATED=0
DAY4_MOTION_DONE=1 ELAPSED_SIM=1.202 INITIAL_ERR=0.03993 FINAL_ERR=0.00060 ARM_V=0.00666
DAY4_STEP=1 EPISODE=028 STEP=14 DIST=0.046666 YAW_ERR_DEG=8.611 REQUESTED_MOVE=0.001499 EXECUTED_MOVE=0.001477 ATTEMPT=0 SUCCESS=0 TERMINATED=0 TRUNCATED=0
DAY4_MOTION_DONE=1 ELAPSED_SIM=1.242 INITIAL_ERR=0.06019 FINAL_ERR=0.00053 ARM_V=0.00592
DAY4_STEP=1 EPISODE=028 STEP=15 DIST=0.044487 YAW_ERR_DEG=6.211 REQUESTED_MOVE=0.006621 EXECUTED_MOVE=0.006562 ATTEMPT=0 SUCCESS=0 TERMINATED=0 TRUNCATED=0
DAY4_MOTION_DONE=1 ELAPSED_SIM=1.232 INITIAL_ERR=0.05700 FINAL_ERR=0.00056 ARM_V=0.00623
DAY4_STEP=1 EPISODE=028 STEP=16 DIST=0.045309 YAW_ERR_DEG=1.986 REQUESTED_MOVE=0.005274 EXECUTED_MOVE=0.005222 ATTEMPT=0 SUCCESS=0 TERMINATED=0 TRUNCATED=0
DAY4_MOTION_DONE=1 ELAPSED_SIM=1.200 INITIAL_ERR=0.03137 FINAL_ERR=0.00042 ARM_V=0.00470
DAY4_STEP=1 EPISODE=028 STEP=17 DIST=0.041210 YAW_ERR_DEG=0.859 REQUESTED_MOVE=0.006540 EXECUTED_MOVE=0.006452 ATTEMPT=0 SUCCESS=0 TERMINATED=0 TRUNCATED=0
DAY4_MOTION_DONE=1 ELAPSED_SIM=1.200 INITIAL_ERR=0.02852 FINAL_ERR=0.00039 ARM_V=0.00429
DAY4_STEP=1 EPISODE=028 STEP=18 DIST=0.045394 YAW_ERR_DEG=1.057 REQUESTED_MOVE=0.005749 EXECUTED_MOVE=0.005671 ATTEMPT=0 SUCCESS=0 TERMINATED=0 TRUNCATED=0
DAY4_MOTION_DONE=1 ELAPSED_SIM=1.290 INITIAL_ERR=0.10078 FINAL_ERR=0.00059 ARM_V=0.00651
DAY4_STEP=1 EPISODE=028 STEP=19 DIST=0.048016 YAW_ERR_DEG=3.679 REQUESTED_MOVE=0.005100 EXECUTED_MOVE=0.005070 ATTEMPT=0 SUCCESS=0 TERMINATED=0 TRUNCATED=0
DAY4_MOTION_DONE=1 ELAPSED_SIM=1.200 INITIAL_ERR=0.02520 FINAL_ERR=0.00034 ARM_V=0.00379
DAY4_STEP=1 EPISODE=028 STEP=20 DIST=0.044852 YAW_ERR_DEG=2.610 REQUESTED_MOVE=0.003363 EXECUTED_MOVE=0.003317 ATTEMPT=0 SUCCESS=0 TERMINATED=0 TRUNCATED=1
DAY4_RESET_GRIPPER=OPEN ANGLE_RAD=1.291138 EFFORT_NM=0.544681
DAY4_RESET_GRIPPER=AFTER_INITIAL_MOVE ANGLE_RAD=1.302002 EFFORT_NM=0.532604
TRIAL=029 VISUAL_CENTER=[0.22068500518798828, 0.019061276339925826, 0.015101945820946747] SURFACE=[0.22068500518798828, 0.019061276339925826, 0.030101945820946746] CONTOUR_DEG=0.00 AXIS_STD_DEG=0.00 FOOTPRINT=[0.029896406456828117, 0.029896406456828117] CONFIDENCE=0.9944
TRIAL=029 PHASE=OPEN_GRIPPER
TRIAL=029 PHASE=RETURN_OBSERVATION
DAY4_RESET_GRIPPER=OPEN ANGLE_RAD=1.291228 EFFORT_NM=0.534161
DAY4_RESET_GRIPPER=AFTER_INITIAL_MOVE ANGLE_RAD=1.298061 EFFORT_NM=0.531548
TRIAL=030 VISUAL_CENTER=[0.15449100732803345, -0.08087866753339767, 0.01509486297517916] SURFACE=[0.15449100732803345, -0.08087866753339767, 0.03009486297517916] CONTOUR_DEG=0.03 AXIS_STD_DEG=0.00 FOOTPRINT=[0.029985135421156883, 0.029985135421156883] CONFIDENCE=0.9924
TRIAL=030 SELECTED_CONTOUR_ORIENTATION=+90.03deg TILT=0.0 LEAN=+1 SYMMETRY=1 IK_FK_POS_ERROR=0.000000m IK_FK_ORIENTATION_ERROR=0.000000rad FINGER_FK_LIFT=0.080000m FINGER_FK_DRIFT=0.000000m JOINT_MOTION=2.305812rad
DAY4_MOTION_DONE=1 ELAPSED_SIM=1.200 INITIAL_ERR=0.03148 FINAL_ERR=0.00047 ARM_V=0.00525
DAY4_STEP=1 EPISODE=030 STEP=01 DIST=0.021091 YAW_ERR_DEG=2.839 REQUESTED_MOVE=0.005651 EXECUTED_MOVE=0.005567 ATTEMPT=0 SUCCESS=0 TERMINATED=0 TRUNCATED=0
DAY4_MOTION_DONE=1 ELAPSED_SIM=1.258 INITIAL_ERR=0.06445 FINAL_ERR=0.00057 ARM_V=0.00635
DAY4_STEP=1 EPISODE=030 STEP=02 DIST=0.019180 YAW_ERR_DEG=1.731 REQUESTED_MOVE=0.004058 EXECUTED_MOVE=0.004022 ATTEMPT=0 SUCCESS=0 TERMINATED=0 TRUNCATED=0
DAY4_MOTION_DONE=1 ELAPSED_SIM=1.234 INITIAL_ERR=0.06114 FINAL_ERR=0.00060 ARM_V=0.00669
DAY4_STEP=1 EPISODE=030 STEP=03 DIST=0.018641 YAW_ERR_DEG=4.778 REQUESTED_MOVE=0.004343 EXECUTED_MOVE=0.004300 ATTEMPT=0 SUCCESS=0 TERMINATED=0 TRUNCATED=0
DAY4_MOTION_DONE=1 ELAPSED_SIM=1.262 INITIAL_ERR=0.07138 FINAL_ERR=0.00051 ARM_V=0.00570
DAY4_STEP=1 EPISODE=030 STEP=04 DIST=0.014493 YAW_ERR_DEG=1.567 REQUESTED_MOVE=0.004815 EXECUTED_MOVE=0.004780 ATTEMPT=0 SUCCESS=0 TERMINATED=0 TRUNCATED=0
DAY4_MOTION_DONE=1 ELAPSED_SIM=1.200 INITIAL_ERR=0.04654 FINAL_ERR=0.00063 ARM_V=0.00699
DAY4_STEP=1 EPISODE=030 STEP=05 DIST=0.018819 YAW_ERR_DEG=5.843 REQUESTED_MOVE=0.006251 EXECUTED_MOVE=0.006166 ATTEMPT=0 SUCCESS=0 TERMINATED=0 TRUNCATED=0
DAY4_MOTION_DONE=1 ELAPSED_SIM=1.200 INITIAL_ERR=0.03860 FINAL_ERR=0.00058 ARM_V=0.00645
DAY4_STEP=1 EPISODE=030 STEP=06 DIST=0.022096 YAW_ERR_DEG=4.207 REQUESTED_MOVE=0.003393 EXECUTED_MOVE=0.003342 ATTEMPT=0 SUCCESS=0 TERMINATED=0 TRUNCATED=0
DAY4_MOTION_DONE=1 ELAPSED_SIM=1.200 INITIAL_ERR=0.04946 FINAL_ERR=0.00067 ARM_V=0.00743
DAY4_STEP=1 EPISODE=030 STEP=07 DIST=0.021128 YAW_ERR_DEG=6.500 REQUESTED_MOVE=0.004789 EXECUTED_MOVE=0.004723 ATTEMPT=0 SUCCESS=0 TERMINATED=0 TRUNCATED=0
DAY4_MOTION_DONE=1 ELAPSED_SIM=1.200 INITIAL_ERR=0.02511 FINAL_ERR=0.00030 ARM_V=0.00339
DAY4_STEP=1 EPISODE=030 STEP=08 DIST=0.017698 YAW_ERR_DEG=7.386 REQUESTED_MOVE=0.003971 EXECUTED_MOVE=0.003923 ATTEMPT=0 SUCCESS=0 TERMINATED=0 TRUNCATED=0
DAY4_MOTION_DONE=1 ELAPSED_SIM=1.272 INITIAL_ERR=0.07654 FINAL_ERR=0.00049 ARM_V=0.00549
DAY4_STEP=1 EPISODE=030 STEP=09 DIST=0.014478 YAW_ERR_DEG=10.534 REQUESTED_MOVE=0.004311 EXECUTED_MOVE=0.004284 ATTEMPT=0 SUCCESS=0 TERMINATED=0 TRUNCATED=0
DAY4_MOTION_DONE=1 ELAPSED_SIM=1.232 INITIAL_ERR=0.05331 FINAL_ERR=0.00053 ARM_V=0.00584
DAY4_STEP=1 EPISODE=030 STEP=10 DIST=0.015966 YAW_ERR_DEG=7.925 REQUESTED_MOVE=0.001898 EXECUTED_MOVE=0.001879 ATTEMPT=0 SUCCESS=0 TERMINATED=0 TRUNCATED=0
DAY4_MOTION_DONE=1 ELAPSED_SIM=1.280 INITIAL_ERR=0.08535 FINAL_ERR=0.00050 ARM_V=0.00552
DAY4_STEP=1 EPISODE=030 STEP=11 DIST=0.018813 YAW_ERR_DEG=12.688 REQUESTED_MOVE=0.003222 EXECUTED_MOVE=0.003203 ATTEMPT=0 SUCCESS=0 TERMINATED=0 TRUNCATED=0
DAY4_MOTION_DONE=1 ELAPSED_SIM=1.284 INITIAL_ERR=0.10212 FINAL_ERR=0.00059 ARM_V=0.00660
DAY4_STEP=1 EPISODE=030 STEP=12 DIST=0.017100 YAW_ERR_DEG=8.374 REQUESTED_MOVE=0.005787 EXECUTED_MOVE=0.005754 ATTEMPT=0 SUCCESS=0 TERMINATED=0 TRUNCATED=0
DAY4_MOTION_DONE=1 ELAPSED_SIM=1.310 INITIAL_ERR=0.10587 FINAL_ERR=0.00055 ARM_V=0.00615
DAY4_STEP=1 EPISODE=030 STEP=13 DIST=0.019917 YAW_ERR_DEG=3.574 REQUESTED_MOVE=0.004741 EXECUTED_MOVE=0.004716 ATTEMPT=0 SUCCESS=0 TERMINATED=0 TRUNCATED=0
DAY4_MOTION_DONE=1 ELAPSED_SIM=1.200 INITIAL_ERR=0.02464 FINAL_ERR=0.00041 ARM_V=0.00457
DAY4_STEP=1 EPISODE=030 STEP=14 DIST=0.024221 YAW_ERR_DEG=3.317 REQUESTED_MOVE=0.004431 EXECUTED_MOVE=0.004357 ATTEMPT=0 SUCCESS=0 TERMINATED=0 TRUNCATED=0
DAY4_MOTION_DONE=1 ELAPSED_SIM=1.200 INITIAL_ERR=0.01798 FINAL_ERR=0.00024 ARM_V=0.00270
DAY4_STEP=1 EPISODE=030 STEP=15 DIST=0.021933 YAW_ERR_DEG=2.037 REQUESTED_MOVE=0.003168 EXECUTED_MOVE=0.003125 ATTEMPT=0 SUCCESS=0 TERMINATED=0 TRUNCATED=0
DAY4_MOTION_DONE=1 ELAPSED_SIM=1.200 INITIAL_ERR=0.03129 FINAL_ERR=0.00047 ARM_V=0.00521
DAY4_STEP=1 EPISODE=030 STEP=16 DIST=0.023457 YAW_ERR_DEG=0.563 REQUESTED_MOVE=0.006544 EXECUTED_MOVE=0.006446 ATTEMPT=0 SUCCESS=0 TERMINATED=0 TRUNCATED=0
DAY4_MOTION_DONE=1 ELAPSED_SIM=1.202 INITIAL_ERR=0.04494 FINAL_ERR=0.00067 ARM_V=0.00750
DAY4_STEP=1 EPISODE=030 STEP=17 DIST=0.022998 YAW_ERR_DEG=3.182 REQUESTED_MOVE=0.004106 EXECUTED_MOVE=0.004044 ATTEMPT=0 SUCCESS=0 TERMINATED=0 TRUNCATED=0
DAY4_MOTION_DONE=1 ELAPSED_SIM=1.200 INITIAL_ERR=0.04518 FINAL_ERR=0.00061 ARM_V=0.00679
DAY4_STEP=1 EPISODE=030 STEP=18 DIST=0.021173 YAW_ERR_DEG=1.184 REQUESTED_MOVE=0.003741 EXECUTED_MOVE=0.003691 ATTEMPT=0 SUCCESS=0 TERMINATED=0 TRUNCATED=0
DAY4_MOTION_DONE=1 ELAPSED_SIM=1.200 INITIAL_ERR=0.01988 FINAL_ERR=0.00030 ARM_V=0.00331
DAY4_STEP=1 EPISODE=030 STEP=19 DIST=0.024732 YAW_ERR_DEG=3.388 REQUESTED_MOVE=0.004035 EXECUTED_MOVE=0.003974 ATTEMPT=0 SUCCESS=0 TERMINATED=0 TRUNCATED=0
DAY4_MOTION_DONE=1 ELAPSED_SIM=1.248 INITIAL_ERR=0.06537 FINAL_ERR=0.00052 ARM_V=0.00579
DAY4_STEP=1 EPISODE=030 STEP=20 DIST=0.025450 YAW_ERR_DEG=6.861 REQUESTED_MOVE=0.006974 EXECUTED_MOVE=0.006918 ATTEMPT=0 SUCCESS=0 TERMINATED=0 TRUNCATED=1
DAY4_RESET_GRIPPER=OPEN ANGLE_RAD=1.291189 EFFORT_NM=0.538782
DAY4_RESET_GRIPPER=AFTER_INITIAL_MOVE ANGLE_RAD=1.300048 EFFORT_NM=0.536576
TRIAL=031 VISUAL_CENTER=[0.16095894575119019, -0.061344124376773834, 0.015095444308202102] SURFACE=[0.16095894575119019, -0.061344124376773834, 0.0300954443082021] CONTOUR_DEG=0.03 AXIS_STD_DEG=0.00 FOOTPRINT=[0.029995311051607132, 0.029995311051607132] CONFIDENCE=0.9923
TRIAL=031 SELECTED_CONTOUR_ORIENTATION=+90.03deg TILT=0.0 LEAN=-1 SYMMETRY=1 IK_FK_POS_ERROR=0.000000m IK_FK_ORIENTATION_ERROR=0.000000rad FINGER_FK_LIFT=0.080000m FINGER_FK_DRIFT=0.000000m JOINT_MOTION=2.171134rad
DAY4_MOTION_DONE=1 ELAPSED_SIM=1.200 INITIAL_ERR=0.03956 FINAL_ERR=0.00053 ARM_V=0.00594
DAY4_STEP=1 EPISODE=031 STEP=01 DIST=0.023755 YAW_ERR_DEG=1.691 REQUESTED_MOVE=0.005359 EXECUTED_MOVE=0.005286 ATTEMPT=0 SUCCESS=0 TERMINATED=0 TRUNCATED=0
DAY4_MOTION_DONE=1 ELAPSED_SIM=1.236 INITIAL_ERR=0.06026 FINAL_ERR=0.00059 ARM_V=0.00659
DAY4_STEP=1 EPISODE=031 STEP=02 DIST=0.020036 YAW_ERR_DEG=5.424 REQUESTED_MOVE=0.004346 EXECUTED_MOVE=0.004304 ATTEMPT=0 SUCCESS=0 TERMINATED=0 TRUNCATED=0
DAY4_MOTION_DONE=1 ELAPSED_SIM=1.234 INITIAL_ERR=0.05756 FINAL_ERR=0.00057 ARM_V=0.00629
DAY4_STEP=1 EPISODE=031 STEP=03 DIST=0.019378 YAW_ERR_DEG=10.010 REQUESTED_MOVE=0.004645 EXECUTED_MOVE=0.004600 ATTEMPT=0 SUCCESS=0 TERMINATED=0 TRUNCATED=0
DAY4_MOTION_DONE=1 ELAPSED_SIM=1.262 INITIAL_ERR=0.07243 FINAL_ERR=0.00052 ARM_V=0.00578
DAY4_STEP=1 EPISODE=031 STEP=04 DIST=0.017377 YAW_ERR_DEG=5.585 REQUESTED_MOVE=0.002554 EXECUTED_MOVE=0.002535 ATTEMPT=0 SUCCESS=0 TERMINATED=0 TRUNCATED=0
DAY4_MOTION_DONE=1 ELAPSED_SIM=1.264 INITIAL_ERR=0.07974 FINAL_ERR=0.00052 ARM_V=0.00573
DAY4_STEP=1 EPISODE=031 STEP=05 DIST=0.019816 YAW_ERR_DEG=9.890 REQUESTED_MOVE=0.004277 EXECUTED_MOVE=0.004250 ATTEMPT=0 SUCCESS=0 TERMINATED=0 TRUNCATED=0
DAY4_MOTION_DONE=1 ELAPSED_SIM=1.284 INITIAL_ERR=0.07951 FINAL_ERR=0.00057 ARM_V=0.00634
DAY4_STEP=1 EPISODE=031 STEP=06 DIST=0.017268 YAW_ERR_DEG=14.390 REQUESTED_MOVE=0.006243 EXECUTED_MOVE=0.006198 ATTEMPT=0 SUCCESS=0 TERMINATED=0 TRUNCATED=0
DAY4_MOTION_DONE=1 ELAPSED_SIM=1.292 INITIAL_ERR=0.09226 FINAL_ERR=0.00060 ARM_V=0.00662
DAY4_STEP=1 EPISODE=031 STEP=07 DIST=0.015902 YAW_ERR_DEG=18.626 REQUESTED_MOVE=0.005630 EXECUTED_MOVE=0.005594 ATTEMPT=0 SUCCESS=0 TERMINATED=0 TRUNCATED=0
DAY4_MOTION_DONE=1 ELAPSED_SIM=1.200 INITIAL_ERR=0.01956 FINAL_ERR=0.00033 ARM_V=0.00362
DAY4_STEP=1 EPISODE=031 STEP=08 DIST=0.017164 YAW_ERR_DEG=16.632 REQUESTED_MOVE=0.003704 EXECUTED_MOVE=0.003642 ATTEMPT=0 SUCCESS=0 TERMINATED=0 TRUNCATED=0
DAY4_MOTION_DONE=1 ELAPSED_SIM=1.200 INITIAL_ERR=0.04546 FINAL_ERR=0.00076 ARM_V=0.00842
DAY4_STEP=1 EPISODE=031 STEP=09 DIST=0.016412 YAW_ERR_DEG=12.373 REQUESTED_MOVE=0.007168 EXECUTED_MOVE=0.007049 ATTEMPT=0 SUCCESS=0 TERMINATED=0 TRUNCATED=0
DAY4_MOTION_DONE=1 ELAPSED_SIM=1.292 INITIAL_ERR=0.09450 FINAL_ERR=0.00055 ARM_V=0.00610
DAY4_STEP=1 EPISODE=031 STEP=10 DIST=0.015767 YAW_ERR_DEG=8.367 REQUESTED_MOVE=0.004730 EXECUTED_MOVE=0.004703 ATTEMPT=0 SUCCESS=0 TERMINATED=0 TRUNCATED=0
DAY4_MOTION_DONE=1 ELAPSED_SIM=1.202 INITIAL_ERR=0.04446 FINAL_ERR=0.00067 ARM_V=0.00741
DAY4_STEP=1 EPISODE=031 STEP=11 DIST=0.014041 YAW_ERR_DEG=5.760 REQUESTED_MOVE=0.004888 EXECUTED_MOVE=0.004814 ATTEMPT=0 SUCCESS=0 TERMINATED=0 TRUNCATED=0
DAY4_MOTION_DONE=1 ELAPSED_SIM=1.256 INITIAL_ERR=0.07086 FINAL_ERR=0.00056 ARM_V=0.00628
DAY4_STEP=1 EPISODE=031 STEP=12 DIST=0.013210 YAW_ERR_DEG=2.506 REQUESTED_MOVE=0.004565 EXECUTED_MOVE=0.004529 ATTEMPT=0 SUCCESS=0 TERMINATED=0 TRUNCATED=0
DAY4_MOTION_DONE=1 ELAPSED_SIM=1.234 INITIAL_ERR=0.05232 FINAL_ERR=0.00057 ARM_V=0.00636
DAY4_STEP=1 EPISODE=031 STEP=13 DIST=0.017451 YAW_ERR_DEG=1.417 REQUESTED_MOVE=0.005024 EXECUTED_MOVE=0.004969 ATTEMPT=0 SUCCESS=0 TERMINATED=0 TRUNCATED=0
DAY4_MOTION_DONE=1 ELAPSED_SIM=1.246 INITIAL_ERR=0.06049 FINAL_ERR=0.00060 ARM_V=0.00662
DAY4_STEP=1 EPISODE=031 STEP=14 DIST=0.021470 YAW_ERR_DEG=2.341 REQUESTED_MOVE=0.006463 EXECUTED_MOVE=0.006400 ATTEMPT=0 SUCCESS=0 TERMINATED=0 TRUNCATED=0
DAY4_MOTION_DONE=1 ELAPSED_SIM=1.202 INITIAL_ERR=0.04012 FINAL_ERR=0.00054 ARM_V=0.00602
DAY4_STEP=1 EPISODE=031 STEP=15 DIST=0.020540 YAW_ERR_DEG=3.494 REQUESTED_MOVE=0.003744 EXECUTED_MOVE=0.003694 ATTEMPT=0 SUCCESS=0 TERMINATED=0 TRUNCATED=0
DAY4_MOTION_DONE=1 ELAPSED_SIM=1.254 INITIAL_ERR=0.06188 FINAL_ERR=0.00055 ARM_V=0.00609
DAY4_STEP=1 EPISODE=031 STEP=16 DIST=0.026299 YAW_ERR_DEG=1.709 REQUESTED_MOVE=0.006040 EXECUTED_MOVE=0.005987 ATTEMPT=0 SUCCESS=0 TERMINATED=0 TRUNCATED=0
DAY4_MOTION_DONE=1 ELAPSED_SIM=1.200 INITIAL_ERR=0.02471 FINAL_ERR=0.00033 ARM_V=0.00370
DAY4_STEP=1 EPISODE=031 STEP=17 DIST=0.028523 YAW_ERR_DEG=1.364 REQUESTED_MOVE=0.004800 EXECUTED_MOVE=0.004735 ATTEMPT=0 SUCCESS=0 TERMINATED=0 TRUNCATED=0
DAY4_MOTION_DONE=1 ELAPSED_SIM=1.264 INITIAL_ERR=0.07214 FINAL_ERR=0.00052 ARM_V=0.00576
DAY4_STEP=1 EPISODE=031 STEP=18 DIST=0.025252 YAW_ERR_DEG=5.799 REQUESTED_MOVE=0.004168 EXECUTED_MOVE=0.004138 ATTEMPT=0 SUCCESS=0 TERMINATED=0 TRUNCATED=0
DAY4_MOTION_DONE=1 ELAPSED_SIM=1.280 INITIAL_ERR=0.08083 FINAL_ERR=0.00052 ARM_V=0.00580
DAY4_STEP=1 EPISODE=031 STEP=19 DIST=0.027988 YAW_ERR_DEG=9.449 REQUESTED_MOVE=0.004835 EXECUTED_MOVE=0.004803 ATTEMPT=0 SUCCESS=0 TERMINATED=0 TRUNCATED=0
DAY4_MOTION_DONE=1 ELAPSED_SIM=1.310 INITIAL_ERR=0.11031 FINAL_ERR=0.00052 ARM_V=0.00578
DAY4_STEP=1 EPISODE=031 STEP=20 DIST=0.026647 YAW_ERR_DEG=5.003 REQUESTED_MOVE=0.006819 EXECUTED_MOVE=0.006787 ATTEMPT=0 SUCCESS=0 TERMINATED=0 TRUNCATED=1
DAY4_RESET_GRIPPER=OPEN ANGLE_RAD=1.291142 EFFORT_NM=0.557142
DAY4_RESET_GRIPPER=AFTER_INITIAL_MOVE ANGLE_RAD=1.304752 EFFORT_NM=0.536086
TRIAL=032 VISUAL_CENTER=[0.16318346560001373, -0.05944548919796944, 0.015095716501431738] SURFACE=[0.16318346560001373, -0.05944548919796944, 0.030095716501431738] CONTOUR_DEG=0.00 AXIS_STD_DEG=0.00 FOOTPRINT=[0.029985785484313965, 0.029985785484313965] CONFIDENCE=0.9933
TRIAL=032 SELECTED_CONTOUR_ORIENTATION=+90.00deg TILT=0.0 LEAN=+1 SYMMETRY=1 IK_FK_POS_ERROR=0.000000m IK_FK_ORIENTATION_ERROR=0.000000rad FINGER_FK_LIFT=0.080000m FINGER_FK_DRIFT=0.000000m JOINT_MOTION=2.161480rad
DAY4_MOTION_DONE=1 ELAPSED_SIM=1.200 INITIAL_ERR=0.02928 FINAL_ERR=0.00040 ARM_V=0.00440
DAY4_STEP=1 EPISODE=032 STEP=01 DIST=0.026376 YAW_ERR_DEG=1.408 REQUESTED_MOVE=0.001736 EXECUTED_MOVE=0.001712 ATTEMPT=0 SUCCESS=0 TERMINATED=0 TRUNCATED=0
DAY4_MOTION_DONE=1 ELAPSED_SIM=1.228 INITIAL_ERR=0.05391 FINAL_ERR=0.00059 ARM_V=0.00655
DAY4_STEP=1 EPISODE=032 STEP=02 DIST=0.031462 YAW_ERR_DEG=3.880 REQUESTED_MOVE=0.005747 EXECUTED_MOVE=0.005685 ATTEMPT=0 SUCCESS=0 TERMINATED=0 TRUNCATED=0
DAY4_MOTION_DONE=1 ELAPSED_SIM=1.200 INITIAL_ERR=0.04073 FINAL_ERR=0.00055 ARM_V=0.00612
DAY4_STEP=1 EPISODE=032 STEP=03 DIST=0.029131 YAW_ERR_DEG=2.207 REQUESTED_MOVE=0.003090 EXECUTED_MOVE=0.003048 ATTEMPT=0 SUCCESS=0 TERMINATED=0 TRUNCATED=0
DAY4_MOTION_DONE=1 ELAPSED_SIM=1.200 INITIAL_ERR=0.01647 FINAL_ERR=0.00022 ARM_V=0.00247
DAY4_STEP=1 EPISODE=032 STEP=04 DIST=0.029642 YAW_ERR_DEG=3.249 REQUESTED_MOVE=0.002886 EXECUTED_MOVE=0.002847 ATTEMPT=0 SUCCESS=0 TERMINATED=0 TRUNCATED=0
DAY4_MOTION_DONE=1 ELAPSED_SIM=1.294 INITIAL_ERR=0.11179 FINAL_ERR=0.00053 ARM_V=0.00585
DAY4_STEP=1 EPISODE=032 STEP=05 DIST=0.033241 YAW_ERR_DEG=1.643 REQUESTED_MOVE=0.005501 EXECUTED_MOVE=0.005475 ATTEMPT=0 SUCCESS=0 TERMINATED=0 TRUNCATED=0
DAY4_MOTION_DONE=1 ELAPSED_SIM=1.236 INITIAL_ERR=0.05558 FINAL_ERR=0.00049 ARM_V=0.00548
DAY4_STEP=1 EPISODE=032 STEP=06 DIST=0.033755 YAW_ERR_DEG=0.252 REQUESTED_MOVE=0.005493 EXECUTED_MOVE=0.005444 ATTEMPT=0 SUCCESS=0 TERMINATED=0 TRUNCATED=0
DAY4_MOTION_DONE=1 ELAPSED_SIM=1.200 INITIAL_ERR=0.04114 FINAL_ERR=0.00056 ARM_V=0.00617
DAY4_STEP=1 EPISODE=032 STEP=07 DIST=0.036459 YAW_ERR_DEG=3.909 REQUESTED_MOVE=0.005100 EXECUTED_MOVE=0.005031 ATTEMPT=0 SUCCESS=0 TERMINATED=0 TRUNCATED=0
DAY4_MOTION_DONE=1 ELAPSED_SIM=1.288 INITIAL_ERR=0.09765 FINAL_ERR=0.00051 ARM_V=0.00568
DAY4_STEP=1 EPISODE=032 STEP=08 DIST=0.034555 YAW_ERR_DEG=0.829 REQUESTED_MOVE=0.004970 EXECUTED_MOVE=0.004943 ATTEMPT=0 SUCCESS=0 TERMINATED=0 TRUNCATED=0
DAY4_MOTION_DONE=1 ELAPSED_SIM=1.200 INITIAL_ERR=0.04889 FINAL_ERR=0.00066 ARM_V=0.00734
DAY4_STEP=1 EPISODE=032 STEP=09 DIST=0.036519 YAW_ERR_DEG=0.753 REQUESTED_MOVE=0.004849 EXECUTED_MOVE=0.004784 ATTEMPT=0 SUCCESS=0 TERMINATED=0 TRUNCATED=0
DAY4_MOTION_DONE=1 ELAPSED_SIM=1.200 INITIAL_ERR=0.03529 FINAL_ERR=0.00053 ARM_V=0.00590
DAY4_STEP=1 EPISODE=032 STEP=10 DIST=0.035722 YAW_ERR_DEG=1.020 REQUESTED_MOVE=0.002098 EXECUTED_MOVE=0.002067 ATTEMPT=0 SUCCESS=0 TERMINATED=0 TRUNCATED=0
DAY4_MOTION_DONE=1 ELAPSED_SIM=1.200 INITIAL_ERR=0.04659 FINAL_ERR=0.00070 ARM_V=0.00777
DAY4_STEP=1 EPISODE=032 STEP=11 DIST=0.034036 YAW_ERR_DEG=2.127 REQUESTED_MOVE=0.004531 EXECUTED_MOVE=0.004462 ATTEMPT=0 SUCCESS=0 TERMINATED=0 TRUNCATED=0
DAY4_MOTION_DONE=1 ELAPSED_SIM=1.200 INITIAL_ERR=0.03442 FINAL_ERR=0.00046 ARM_V=0.00516
DAY4_STEP=1 EPISODE=032 STEP=12 DIST=0.031338 YAW_ERR_DEG=3.577 REQUESTED_MOVE=0.007244 EXECUTED_MOVE=0.007146 ATTEMPT=0 SUCCESS=0 TERMINATED=0 TRUNCATED=0
DAY4_MOTION_DONE=1 ELAPSED_SIM=1.258 INITIAL_ERR=0.07022 FINAL_ERR=0.00050 ARM_V=0.00560
DAY4_STEP=1 EPISODE=032 STEP=13 DIST=0.026399 YAW_ERR_DEG=3.648 REQUESTED_MOVE=0.007402 EXECUTED_MOVE=0.007349 ATTEMPT=0 SUCCESS=0 TERMINATED=0 TRUNCATED=0
DAY4_MOTION_DONE=1 ELAPSED_SIM=1.200 INITIAL_ERR=0.04180 FINAL_ERR=0.00057 ARM_V=0.00628
DAY4_STEP=1 EPISODE=032 STEP=14 DIST=0.030625 YAW_ERR_DEG=2.817 REQUESTED_MOVE=0.005117 EXECUTED_MOVE=0.005048 ATTEMPT=0 SUCCESS=0 TERMINATED=0 TRUNCATED=0
DAY4_MOTION_DONE=1 ELAPSED_SIM=1.200 INITIAL_ERR=0.03128 FINAL_ERR=0.00047 ARM_V=0.00523
DAY4_STEP=1 EPISODE=032 STEP=15 DIST=0.028832 YAW_ERR_DEG=2.442 REQUESTED_MOVE=0.004492 EXECUTED_MOVE=0.004425 ATTEMPT=0 SUCCESS=0 TERMINATED=0 TRUNCATED=0
DAY4_MOTION_DONE=1 ELAPSED_SIM=1.266 INITIAL_ERR=0.08301 FINAL_ERR=0.00054 ARM_V=0.00596
DAY4_STEP=1 EPISODE=032 STEP=16 DIST=0.025049 YAW_ERR_DEG=1.438 REQUESTED_MOVE=0.006019 EXECUTED_MOVE=0.005980 ATTEMPT=0 SUCCESS=0 TERMINATED=0 TRUNCATED=0
DAY4_MOTION_DONE=1 ELAPSED_SIM=1.200 INITIAL_ERR=0.02187 FINAL_ERR=0.00033 ARM_V=0.00365
DAY4_STEP=1 EPISODE=032 STEP=17 DIST=0.026098 YAW_ERR_DEG=0.516 REQUESTED_MOVE=0.003094 EXECUTED_MOVE=0.003048 ATTEMPT=0 SUCCESS=0 TERMINATED=0 TRUNCATED=0
DAY4_MOTION_DONE=1 ELAPSED_SIM=1.270 INITIAL_ERR=0.07704 FINAL_ERR=0.00055 ARM_V=0.00614
DAY4_STEP=1 EPISODE=032 STEP=18 DIST=0.019537 YAW_ERR_DEG=2.979 REQUESTED_MOVE=0.007347 EXECUTED_MOVE=0.007294 ATTEMPT=0 SUCCESS=0 TERMINATED=0 TRUNCATED=0
DAY4_MOTION_DONE=1 ELAPSED_SIM=1.244 INITIAL_ERR=0.06722 FINAL_ERR=0.00060 ARM_V=0.00662
DAY4_STEP=1 EPISODE=032 STEP=19 DIST=0.020744 YAW_ERR_DEG=0.728 REQUESTED_MOVE=0.005196 EXECUTED_MOVE=0.005150 ATTEMPT=0 SUCCESS=0 TERMINATED=0 TRUNCATED=0
DAY4_MOTION_DONE=1 ELAPSED_SIM=1.316 INITIAL_ERR=0.11625 FINAL_ERR=0.00049 ARM_V=0.00547
DAY4_STEP=1 EPISODE=032 STEP=20 DIST=0.026814 YAW_ERR_DEG=4.096 REQUESTED_MOVE=0.006476 EXECUTED_MOVE=0.006449 ATTEMPT=0 SUCCESS=0 TERMINATED=0 TRUNCATED=1
DAY4_RESET_GRIPPER=OPEN ANGLE_RAD=1.291184 EFFORT_NM=0.544536
DAY4_RESET_GRIPPER=AFTER_INITIAL_MOVE ANGLE_RAD=1.301402 EFFORT_NM=0.536865
TRIAL=033 VISUAL_CENTER=[0.14625044167041779, -0.014989025890827179, 0.015093930690278423] SURFACE=[0.14625044167041779, -0.014989025890827179, 0.030093930690278423] CONTOUR_DEG=0.00 AXIS_STD_DEG=0.00 FOOTPRINT=[0.029978040605783463, 0.029978040605783463] CONFIDENCE=0.9938
TRIAL=033 SELECTED_CONTOUR_ORIENTATION=+90.00deg TILT=0.0 LEAN=-1 SYMMETRY=1 IK_FK_POS_ERROR=0.000000m IK_FK_ORIENTATION_ERROR=0.000000rad FINGER_FK_LIFT=0.080000m FINGER_FK_DRIFT=0.000000m JOINT_MOTION=1.959804rad
DAY4_MOTION_DONE=1 ELAPSED_SIM=1.288 INITIAL_ERR=0.10285 FINAL_ERR=0.00054 ARM_V=0.00598
DAY4_STEP=1 EPISODE=033 STEP=01 DIST=0.026883 YAW_ERR_DEG=4.829 REQUESTED_MOVE=0.003295 EXECUTED_MOVE=0.003277 ATTEMPT=0 SUCCESS=0 TERMINATED=0 TRUNCATED=0
DAY4_MOTION_DONE=1 ELAPSED_SIM=1.268 INITIAL_ERR=0.07659 FINAL_ERR=0.00055 ARM_V=0.00611
DAY4_STEP=1 EPISODE=033 STEP=02 DIST=0.031265 YAW_ERR_DEG=0.516 REQUESTED_MOVE=0.005332 EXECUTED_MOVE=0.005294 ATTEMPT=0 SUCCESS=0 TERMINATED=0 TRUNCATED=0
DAY4_MOTION_DONE=1 ELAPSED_SIM=1.234 INITIAL_ERR=0.05765 FINAL_ERR=0.00057 ARM_V=0.00630
DAY4_STEP=1 EPISODE=033 STEP=03 DIST=0.035152 YAW_ERR_DEG=3.524 REQUESTED_MOVE=0.004516 EXECUTED_MOVE=0.004471 ATTEMPT=0 SUCCESS=0 TERMINATED=0 TRUNCATED=0
DAY4_MOTION_DONE=1 ELAPSED_SIM=1.200 INITIAL_ERR=0.02558 FINAL_ERR=0.00038 ARM_V=0.00427
DAY4_STEP=1 EPISODE=033 STEP=04 DIST=0.034459 YAW_ERR_DEG=2.058 REQUESTED_MOVE=0.003506 EXECUTED_MOVE=0.003453 ATTEMPT=0 SUCCESS=0 TERMINATED=0 TRUNCATED=0
DAY4_MOTION_DONE=1 ELAPSED_SIM=1.200 INITIAL_ERR=0.04832 FINAL_ERR=0.00072 ARM_V=0.00805
DAY4_STEP=1 EPISODE=033 STEP=05 DIST=0.038274 YAW_ERR_DEG=0.597 REQUESTED_MOVE=0.006021 EXECUTED_MOVE=0.005931 ATTEMPT=0 SUCCESS=0 TERMINATED=0 TRUNCATED=0
DAY4_MOTION_DONE=1 ELAPSED_SIM=1.200 INITIAL_ERR=0.04708 FINAL_ERR=0.00071 ARM_V=0.00784
DAY4_STEP=1 EPISODE=033 STEP=06 DIST=0.039859 YAW_ERR_DEG=3.400 REQUESTED_MOVE=0.004779 EXECUTED_MOVE=0.004708 ATTEMPT=0 SUCCESS=0 TERMINATED=0 TRUNCATED=0
DAY4_MOTION_DONE=1 ELAPSED_SIM=1.278 INITIAL_ERR=0.09101 FINAL_ERR=0.00059 ARM_V=0.00654
DAY4_STEP=1 EPISODE=033 STEP=07 DIST=0.042352 YAW_ERR_DEG=0.052 REQUESTED_MOVE=0.005347 EXECUTED_MOVE=0.005313 ATTEMPT=0 SUCCESS=0 TERMINATED=0 TRUNCATED=0
DAY4_MOTION_DONE=1 ELAPSED_SIM=1.248 INITIAL_ERR=0.06518 FINAL_ERR=0.00052 ARM_V=0.00578
DAY4_STEP=1 EPISODE=033 STEP=08 DIST=0.038160 YAW_ERR_DEG=3.058 REQUESTED_MOVE=0.006509 EXECUTED_MOVE=0.006457 ATTEMPT=0 SUCCESS=0 TERMINATED=0 TRUNCATED=0
DAY4_MOTION_DONE=1 ELAPSED_SIM=1.200 INITIAL_ERR=0.03931 FINAL_ERR=0.00053 ARM_V=0.00589
DAY4_STEP=1 EPISODE=033 STEP=09 DIST=0.035493 YAW_ERR_DEG=4.913 REQUESTED_MOVE=0.005578 EXECUTED_MOVE=0.005503 ATTEMPT=0 SUCCESS=0 TERMINATED=0 TRUNCATED=0
DAY4_MOTION_DONE=1 ELAPSED_SIM=1.200 INITIAL_ERR=0.04012 FINAL_ERR=0.00060 ARM_V=0.00668
DAY4_STEP=1 EPISODE=033 STEP=10 DIST=0.034685 YAW_ERR_DEG=4.603 REQUESTED_MOVE=0.004767 EXECUTED_MOVE=0.004695 ATTEMPT=0 SUCCESS=0 TERMINATED=0 TRUNCATED=0
DAY4_MOTION_DONE=1 ELAPSED_SIM=1.200 INITIAL_ERR=0.01862 FINAL_ERR=0.00025 ARM_V=0.00279
DAY4_STEP=1 EPISODE=033 STEP=11 DIST=0.035235 YAW_ERR_DEG=5.990 REQUESTED_MOVE=0.001669 EXECUTED_MOVE=0.001647 ATTEMPT=0 SUCCESS=0 TERMINATED=0 TRUNCATED=0
DAY4_MOTION_DONE=1 ELAPSED_SIM=1.202 INITIAL_ERR=0.03108 FINAL_ERR=0.00042 ARM_V=0.00467
DAY4_STEP=1 EPISODE=033 STEP=12 DIST=0.038888 YAW_ERR_DEG=3.742 REQUESTED_MOVE=0.005489 EXECUTED_MOVE=0.005414 ATTEMPT=0 SUCCESS=0 TERMINATED=0 TRUNCATED=0
DAY4_MOTION_DONE=1 ELAPSED_SIM=1.246 INITIAL_ERR=0.06441 FINAL_ERR=0.00051 ARM_V=0.00571
DAY4_STEP=1 EPISODE=033 STEP=13 DIST=0.040320 YAW_ERR_DEG=2.046 REQUESTED_MOVE=0.005412 EXECUTED_MOVE=0.005368 ATTEMPT=0 SUCCESS=0 TERMINATED=0 TRUNCATED=0
DAY4_MOTION_DONE=1 ELAPSED_SIM=1.200 INITIAL_ERR=0.02091 FINAL_ERR=0.00035 ARM_V=0.00387
DAY4_STEP=1 EPISODE=033 STEP=14 DIST=0.039433 YAW_ERR_DEG=2.054 REQUESTED_MOVE=0.002916 EXECUTED_MOVE=0.002867 ATTEMPT=0 SUCCESS=0 TERMINATED=0 TRUNCATED=0
DAY4_MOTION_DONE=1 ELAPSED_SIM=1.200 INITIAL_ERR=0.04013 FINAL_ERR=0.00060 ARM_V=0.00669
DAY4_STEP=1 EPISODE=033 STEP=15 DIST=0.042899 YAW_ERR_DEG=1.807 REQUESTED_MOVE=0.004666 EXECUTED_MOVE=0.004596 ATTEMPT=0 SUCCESS=0 TERMINATED=0 TRUNCATED=0
DAY4_MOTION_DONE=1 ELAPSED_SIM=1.200 INITIAL_ERR=0.04142 FINAL_ERR=0.00056 ARM_V=0.00622
DAY4_STEP=1 EPISODE=033 STEP=16 DIST=0.045553 YAW_ERR_DEG=0.263 REQUESTED_MOVE=0.002965 EXECUTED_MOVE=0.002925 ATTEMPT=0 SUCCESS=0 TERMINATED=0 TRUNCATED=0
DAY4_MOTION_DONE=1 ELAPSED_SIM=1.200 INITIAL_ERR=0.03552 FINAL_ERR=0.00053 ARM_V=0.00593
DAY4_STEP=1 EPISODE=033 STEP=17 DIST=0.044472 YAW_ERR_DEG=0.024 REQUESTED_MOVE=0.004437 EXECUTED_MOVE=0.004370 ATTEMPT=0 SUCCESS=0 TERMINATED=0 TRUNCATED=0
DAY4_MOTION_DONE=1 ELAPSED_SIM=1.200 INITIAL_ERR=0.03808 FINAL_ERR=0.00057 ARM_V=0.00635
DAY4_STEP=1 EPISODE=033 STEP=18 DIST=0.049025 YAW_ERR_DEG=0.844 REQUESTED_MOVE=0.006363 EXECUTED_MOVE=0.006268 ATTEMPT=0 SUCCESS=0 TERMINATED=0 TRUNCATED=0
DAY4_MOTION_DONE=1 ELAPSED_SIM=1.236 INITIAL_ERR=0.06125 FINAL_ERR=0.00060 ARM_V=0.00671
DAY4_STEP=1 EPISODE=033 STEP=19 DIST=0.047015 YAW_ERR_DEG=3.525 REQUESTED_MOVE=0.003485 EXECUTED_MOVE=0.003451 ATTEMPT=0 SUCCESS=0 TERMINATED=0 TRUNCATED=0
DAY4_MOTION_DONE=1 ELAPSED_SIM=1.278 INITIAL_ERR=0.08545 FINAL_ERR=0.00055 ARM_V=0.00614
DAY4_STEP=1 EPISODE=033 STEP=20 DIST=0.042979 YAW_ERR_DEG=0.090 REQUESTED_MOVE=0.006264 EXECUTED_MOVE=0.006224 ATTEMPT=0 SUCCESS=0 TERMINATED=0 TRUNCATED=1
DAY4_RESET_GRIPPER=OPEN ANGLE_RAD=1.291176 EFFORT_NM=0.543179
DAY4_RESET_GRIPPER=AFTER_INITIAL_MOVE ANGLE_RAD=1.301490 EFFORT_NM=0.534273
TRIAL=034 VISUAL_CENTER=[0.17530557513237, -0.0829460546374321, 0.015097147804218378] SURFACE=[0.17530557513237, -0.0829460546374321, 0.030097147804218377] CONTOUR_DEG=0.00 AXIS_STD_DEG=0.00 FOOTPRINT=[0.029992833733558655, 0.029992833733558655] CONFIDENCE=0.9927
TRIAL=034 SELECTED_CONTOUR_ORIENTATION=+90.00deg TILT=0.0 LEAN=+1 SYMMETRY=1 IK_FK_POS_ERROR=0.000000m IK_FK_ORIENTATION_ERROR=0.000000rad FINGER_FK_LIFT=0.080000m FINGER_FK_DRIFT=0.000000m JOINT_MOTION=2.407052rad
DAY4_MOTION_DONE=1 ELAPSED_SIM=1.200 INITIAL_ERR=0.04631 FINAL_ERR=0.00063 ARM_V=0.00695
DAY4_STEP=1 EPISODE=034 STEP=01 DIST=0.024271 YAW_ERR_DEG=2.730 REQUESTED_MOVE=0.002078 EXECUTED_MOVE=0.002050 ATTEMPT=0 SUCCESS=0 TERMINATED=0 TRUNCATED=0
DAY4_MOTION_DONE=1 ELAPSED_SIM=1.202 INITIAL_ERR=0.04478 FINAL_ERR=0.00060 ARM_V=0.00672
DAY4_STEP=1 EPISODE=034 STEP=02 DIST=0.028040 YAW_ERR_DEG=0.819 REQUESTED_MOVE=0.004248 EXECUTED_MOVE=0.004191 ATTEMPT=0 SUCCESS=0 TERMINATED=0 TRUNCATED=0
DAY4_MOTION_DONE=1 ELAPSED_SIM=1.200 INITIAL_ERR=0.02430 FINAL_ERR=0.00037 ARM_V=0.00406
DAY4_STEP=1 EPISODE=034 STEP=03 DIST=0.025383 YAW_ERR_DEG=0.760 REQUESTED_MOVE=0.002836 EXECUTED_MOVE=0.002793 ATTEMPT=0 SUCCESS=0 TERMINATED=0 TRUNCATED=0
DAY4_MOTION_DONE=1 ELAPSED_SIM=1.238 INITIAL_ERR=0.06077 FINAL_ERR=0.00060 ARM_V=0.00665
DAY4_STEP=1 EPISODE=034 STEP=04 DIST=0.025534 YAW_ERR_DEG=2.813 REQUESTED_MOVE=0.006657 EXECUTED_MOVE=0.006592 ATTEMPT=0 SUCCESS=0 TERMINATED=0 TRUNCATED=0
DAY4_MOTION_DONE=1 ELAPSED_SIM=1.274 INITIAL_ERR=0.08601 FINAL_ERR=0.00056 ARM_V=0.00617
DAY4_STEP=1 EPISODE=034 STEP=05 DIST=0.023861 YAW_ERR_DEG=6.637 REQUESTED_MOVE=0.004644 EXECUTED_MOVE=0.004614 ATTEMPT=0 SUCCESS=0 TERMINATED=0 TRUNCATED=0
DAY4_MOTION_DONE=1 ELAPSED_SIM=1.200 INITIAL_ERR=0.02290 FINAL_ERR=0.00034 ARM_V=0.00382
DAY4_STEP=1 EPISODE=034 STEP=06 DIST=0.022216 YAW_ERR_DEG=6.802 REQUESTED_MOVE=0.005278 EXECUTED_MOVE=0.005198 ATTEMPT=0 SUCCESS=0 TERMINATED=0 TRUNCATED=0
DAY4_MOTION_DONE=1 ELAPSED_SIM=1.200 INITIAL_ERR=0.04728 FINAL_ERR=0.00064 ARM_V=0.00709
DAY4_STEP=1 EPISODE=034 STEP=07 DIST=0.025375 YAW_ERR_DEG=9.657 REQUESTED_MOVE=0.004193 EXECUTED_MOVE=0.004137 ATTEMPT=0 SUCCESS=0 TERMINATED=0 TRUNCATED=0
DAY4_MOTION_DONE=1 ELAPSED_SIM=1.230 INITIAL_ERR=0.05365 FINAL_ERR=0.00059 ARM_V=0.00652
DAY4_STEP=1 EPISODE=034 STEP=08 DIST=0.028941 YAW_ERR_DEG=12.376 REQUESTED_MOVE=0.005089 EXECUTED_MOVE=0.005034 ATTEMPT=0 SUCCESS=0 TERMINATED=0 TRUNCATED=0
DAY4_MOTION_DONE=1 ELAPSED_SIM=1.202 INITIAL_ERR=0.02895 FINAL_ERR=0.00043 ARM_V=0.00483
DAY4_STEP=1 EPISODE=034 STEP=09 DIST=0.025735 YAW_ERR_DEG=11.731 REQUESTED_MOVE=0.005576 EXECUTED_MOVE=0.005492 ATTEMPT=0 SUCCESS=0 TERMINATED=0 TRUNCATED=0
DAY4_MOTION_DONE=1 ELAPSED_SIM=1.258 INITIAL_ERR=0.07572 FINAL_ERR=0.00060 ARM_V=0.00671
DAY4_STEP=1 EPISODE=034 STEP=10 DIST=0.023635 YAW_ERR_DEG=7.721 REQUESTED_MOVE=0.004260 EXECUTED_MOVE=0.004226 ATTEMPT=0 SUCCESS=0 TERMINATED=0 TRUNCATED=0
DAY4_MOTION_DONE=1 ELAPSED_SIM=1.202 INITIAL_ERR=0.03508 FINAL_ERR=0.00059 ARM_V=0.00651
DAY4_STEP=1 EPISODE=034 STEP=11 DIST=0.023730 YAW_ERR_DEG=5.683 REQUESTED_MOVE=0.004865 EXECUTED_MOVE=0.004783 ATTEMPT=0 SUCCESS=0 TERMINATED=0 TRUNCATED=0
DAY4_MOTION_DONE=1 ELAPSED_SIM=1.256 INITIAL_ERR=0.07221 FINAL_ERR=0.00058 ARM_V=0.00640
DAY4_STEP=1 EPISODE=034 STEP=12 DIST=0.023254 YAW_ERR_DEG=0.763 REQUESTED_MOVE=0.002989 EXECUTED_MOVE=0.002965 ATTEMPT=0 SUCCESS=0 TERMINATED=0 TRUNCATED=0
DAY4_MOTION_DONE=1 ELAPSED_SIM=1.238 INITIAL_ERR=0.05983 FINAL_ERR=0.00059 ARM_V=0.00655
DAY4_STEP=1 EPISODE=034 STEP=13 DIST=0.026051 YAW_ERR_DEG=1.471 REQUESTED_MOVE=0.005099 EXECUTED_MOVE=0.005050 ATTEMPT=0 SUCCESS=0 TERMINATED=0 TRUNCATED=0
DAY4_MOTION_DONE=1 ELAPSED_SIM=1.268 INITIAL_ERR=0.08380 FINAL_ERR=0.00060 ARM_V=0.00668
DAY4_STEP=1 EPISODE=034 STEP=14 DIST=0.026980 YAW_ERR_DEG=6.260 REQUESTED_MOVE=0.001352 EXECUTED_MOVE=0.001343 ATTEMPT=0 SUCCESS=0 TERMINATED=0 TRUNCATED=0
DAY4_MOTION_DONE=1 ELAPSED_SIM=1.202 INITIAL_ERR=0.03618 FINAL_ERR=0.00054 ARM_V=0.00603
DAY4_STEP=1 EPISODE=034 STEP=15 DIST=0.024545 YAW_ERR_DEG=9.178 REQUESTED_MOVE=0.005566 EXECUTED_MOVE=0.005482 ATTEMPT=0 SUCCESS=0 TERMINATED=0 TRUNCATED=0
DAY4_MOTION_DONE=1 ELAPSED_SIM=1.200 INITIAL_ERR=0.01348 FINAL_ERR=0.00018 ARM_V=0.00203
DAY4_STEP=1 EPISODE=034 STEP=16 DIST=0.024396 YAW_ERR_DEG=9.828 REQUESTED_MOVE=0.003228 EXECUTED_MOVE=0.003184 ATTEMPT=0 SUCCESS=0 TERMINATED=0 TRUNCATED=0
DAY4_MOTION_DONE=1 ELAPSED_SIM=1.200 INITIAL_ERR=0.01196 FINAL_ERR=0.00018 ARM_V=0.00199
DAY4_STEP=1 EPISODE=034 STEP=17 DIST=0.024302 YAW_ERR_DEG=10.609 REQUESTED_MOVE=0.000625 EXECUTED_MOVE=0.000616 ATTEMPT=0 SUCCESS=0 TERMINATED=0 TRUNCATED=0
DAY4_MOTION_DONE=1 ELAPSED_SIM=1.200 INITIAL_ERR=0.04566 FINAL_ERR=0.00062 ARM_V=0.00685
DAY4_STEP=1 EPISODE=034 STEP=18 DIST=0.027073 YAW_ERR_DEG=10.203 REQUESTED_MOVE=0.003349 EXECUTED_MOVE=0.003305 ATTEMPT=0 SUCCESS=0 TERMINATED=0 TRUNCATED=0
DAY4_MOTION_DONE=1 ELAPSED_SIM=1.200 INITIAL_ERR=0.01539 FINAL_ERR=0.00021 ARM_V=0.00231
DAY4_STEP=1 EPISODE=034 STEP=19 DIST=0.028342 YAW_ERR_DEG=10.100 REQUESTED_MOVE=0.004257 EXECUTED_MOVE=0.004200 ATTEMPT=0 SUCCESS=0 TERMINATED=0 TRUNCATED=0
DAY4_MOTION_DONE=1 ELAPSED_SIM=1.200 INITIAL_ERR=0.04047 FINAL_ERR=0.00055 ARM_V=0.00608
DAY4_STEP=1 EPISODE=034 STEP=20 DIST=0.026496 YAW_ERR_DEG=12.686 REQUESTED_MOVE=0.002564 EXECUTED_MOVE=0.002529 ATTEMPT=0 SUCCESS=0 TERMINATED=0 TRUNCATED=1
DAY4_RESET_GRIPPER=OPEN ANGLE_RAD=1.291196 EFFORT_NM=0.567965
DAY4_RESET_GRIPPER=AFTER_INITIAL_MOVE ANGLE_RAD=1.307555 EFFORT_NM=0.535528
TRIAL=035 PHASE=OPEN_GRIPPER
TRIAL=035 PHASE=RETURN_OBSERVATION
DAY4_RESET_GRIPPER=OPEN ANGLE_RAD=1.291172 EFFORT_NM=0.534129
DAY4_RESET_GRIPPER=AFTER_INITIAL_MOVE ANGLE_RAD=1.298062 EFFORT_NM=0.531555
TRIAL=036 VISUAL_CENTER=[0.15902596712112427, -0.05711013823747635, 0.015095161380982144] SURFACE=[0.15902596712112427, -0.05711013823747635, 0.030095161380982144] CONTOUR_DEG=0.00 AXIS_STD_DEG=0.00 FOOTPRINT=[0.02999630570411682, 0.02999630570411682] CONFIDENCE=0.9932
TRIAL=036 SELECTED_CONTOUR_ORIENTATION=+90.00deg TILT=0.0 LEAN=-1 SYMMETRY=1 IK_FK_POS_ERROR=0.000000m IK_FK_ORIENTATION_ERROR=0.000000rad FINGER_FK_LIFT=0.080000m FINGER_FK_DRIFT=0.000000m JOINT_MOTION=2.141599rad
DAY4_MOTION_DONE=1 ELAPSED_SIM=1.274 INITIAL_ERR=0.07624 FINAL_ERR=0.00049 ARM_V=0.00547
DAY4_STEP=1 EPISODE=036 STEP=01 DIST=0.027462 YAW_ERR_DEG=3.950 REQUESTED_MOVE=0.004796 EXECUTED_MOVE=0.004766 ATTEMPT=0 SUCCESS=0 TERMINATED=0 TRUNCATED=0
DAY4_MOTION_DONE=1 ELAPSED_SIM=1.200 INITIAL_ERR=0.04876 FINAL_ERR=0.00066 ARM_V=0.00732
DAY4_STEP=1 EPISODE=036 STEP=02 DIST=0.026402 YAW_ERR_DEG=2.152 REQUESTED_MOVE=0.004846 EXECUTED_MOVE=0.004780 ATTEMPT=0 SUCCESS=0 TERMINATED=0 TRUNCATED=0
DAY4_MOTION_DONE=1 ELAPSED_SIM=1.200 INITIAL_ERR=0.02700 FINAL_ERR=0.00040 ARM_V=0.00450
DAY4_STEP=1 EPISODE=036 STEP=03 DIST=0.028524 YAW_ERR_DEG=0.360 REQUESTED_MOVE=0.003635 EXECUTED_MOVE=0.003580 ATTEMPT=0 SUCCESS=0 TERMINATED=0 TRUNCATED=0
DAY4_MOTION_DONE=1 ELAPSED_SIM=1.272 INITIAL_ERR=0.07428 FINAL_ERR=0.00053 ARM_V=0.00593
DAY4_STEP=1 EPISODE=036 STEP=04 DIST=0.025757 YAW_ERR_DEG=2.703 REQUESTED_MOVE=0.006133 EXECUTED_MOVE=0.006089 ATTEMPT=0 SUCCESS=0 TERMINATED=0 TRUNCATED=0
DAY4_MOTION_DONE=1 ELAPSED_SIM=1.232 INITIAL_ERR=0.06091 FINAL_ERR=0.00060 ARM_V=0.00666
DAY4_STEP=1 EPISODE=036 STEP=05 DIST=0.031856 YAW_ERR_DEG=0.441 REQUESTED_MOVE=0.006743 EXECUTED_MOVE=0.006677 ATTEMPT=0 SUCCESS=0 TERMINATED=0 TRUNCATED=0
DAY4_MOTION_DONE=1 ELAPSED_SIM=1.200 INITIAL_ERR=0.02587 FINAL_ERR=0.00035 ARM_V=0.00389
DAY4_STEP=1 EPISODE=036 STEP=06 DIST=0.029274 YAW_ERR_DEG=0.553 REQUESTED_MOVE=0.002750 EXECUTED_MOVE=0.002712 ATTEMPT=0 SUCCESS=0 TERMINATED=0 TRUNCATED=0
DAY4_MOTION_DONE=1 ELAPSED_SIM=1.202 INITIAL_ERR=0.03114 FINAL_ERR=0.00042 ARM_V=0.00467
DAY4_STEP=1 EPISODE=036 STEP=07 DIST=0.029745 YAW_ERR_DEG=3.752 REQUESTED_MOVE=0.005956 EXECUTED_MOVE=0.005875 ATTEMPT=0 SUCCESS=0 TERMINATED=0 TRUNCATED=0
DAY4_MOTION_DONE=1 ELAPSED_SIM=1.272 INITIAL_ERR=0.07865 FINAL_ERR=0.00051 ARM_V=0.00564
DAY4_STEP=1 EPISODE=036 STEP=08 DIST=0.032093 YAW_ERR_DEG=8.446 REQUESTED_MOVE=0.003828 EXECUTED_MOVE=0.003804 ATTEMPT=0 SUCCESS=0 TERMINATED=0 TRUNCATED=0
DAY4_MOTION_DONE=1 ELAPSED_SIM=1.200 INITIAL_ERR=0.02528 FINAL_ERR=0.00047 ARM_V=0.00519
DAY4_STEP=1 EPISODE=036 STEP=09 DIST=0.030689 YAW_ERR_DEG=10.345 REQUESTED_MOVE=0.003023 EXECUTED_MOVE=0.002967 ATTEMPT=0 SUCCESS=0 TERMINATED=0 TRUNCATED=0
DAY4_MOTION_DONE=1 ELAPSED_SIM=1.228 INITIAL_ERR=0.05434 FINAL_ERR=0.00059 ARM_V=0.00660
DAY4_STEP=1 EPISODE=036 STEP=10 DIST=0.033924 YAW_ERR_DEG=12.649 REQUESTED_MOVE=0.004337 EXECUTED_MOVE=0.004290 ATTEMPT=0 SUCCESS=0 TERMINATED=0 TRUNCATED=0
DAY4_MOTION_DONE=1 ELAPSED_SIM=1.240 INITIAL_ERR=0.05106 FINAL_ERR=0.00056 ARM_V=0.00621
DAY4_STEP=1 EPISODE=036 STEP=11 DIST=0.033184 YAW_ERR_DEG=10.162 REQUESTED_MOVE=0.005289 EXECUTED_MOVE=0.005230 ATTEMPT=0 SUCCESS=0 TERMINATED=0 TRUNCATED=0
DAY4_MOTION_DONE=1 ELAPSED_SIM=1.202 INITIAL_ERR=0.02760 FINAL_ERR=0.00042 ARM_V=0.00461
DAY4_STEP=1 EPISODE=036 STEP=12 DIST=0.031955 YAW_ERR_DEG=11.923 REQUESTED_MOVE=0.001575 EXECUTED_MOVE=0.001551 ATTEMPT=0 SUCCESS=0 TERMINATED=0 TRUNCATED=0
DAY4_MOTION_DONE=1 ELAPSED_SIM=1.262 INITIAL_ERR=0.07455 FINAL_ERR=0.00059 ARM_V=0.00660
DAY4_STEP=1 EPISODE=036 STEP=13 DIST=0.027403 YAW_ERR_DEG=16.696 REQUESTED_MOVE=0.004812 EXECUTED_MOVE=0.004774 ATTEMPT=0 SUCCESS=0 TERMINATED=0 TRUNCATED=0
DAY4_MOTION_DONE=1 ELAPSED_SIM=1.278 INITIAL_ERR=0.08768 FINAL_ERR=0.00051 ARM_V=0.00567
DAY4_STEP=1 EPISODE=036 STEP=14 DIST=0.029512 YAW_ERR_DEG=12.927 REQUESTED_MOVE=0.005083 EXECUTED_MOVE=0.005054 ATTEMPT=0 SUCCESS=0 TERMINATED=0 TRUNCATED=0
DAY4_MOTION_DONE=1 ELAPSED_SIM=1.200 INITIAL_ERR=0.03271 FINAL_ERR=0.00044 ARM_V=0.00491
DAY4_STEP=1 EPISODE=036 STEP=15 DIST=0.034246 YAW_ERR_DEG=10.065 REQUESTED_MOVE=0.005829 EXECUTED_MOVE=0.005750 ATTEMPT=0 SUCCESS=0 TERMINATED=0 TRUNCATED=0
DAY4_MOTION_DONE=1 ELAPSED_SIM=1.244 INITIAL_ERR=0.05540 FINAL_ERR=0.00055 ARM_V=0.00606
DAY4_STEP=1 EPISODE=036 STEP=16 DIST=0.036315 YAW_ERR_DEG=7.329 REQUESTED_MOVE=0.002591 EXECUTED_MOVE=0.002566 ATTEMPT=0 SUCCESS=0 TERMINATED=0 TRUNCATED=0
DAY4_MOTION_DONE=1 ELAPSED_SIM=1.268 INITIAL_ERR=0.07215 FINAL_ERR=0.00057 ARM_V=0.00639
DAY4_STEP=1 EPISODE=036 STEP=17 DIST=0.036486 YAW_ERR_DEG=3.019 REQUESTED_MOVE=0.002794 EXECUTED_MOVE=0.002772 ATTEMPT=0 SUCCESS=0 TERMINATED=0 TRUNCATED=0
DAY4_MOTION_DONE=1 ELAPSED_SIM=1.240 INITIAL_ERR=0.05993 FINAL_ERR=0.00059 ARM_V=0.00655
DAY4_STEP=1 EPISODE=036 STEP=18 DIST=0.033540 YAW_ERR_DEG=1.562 REQUESTED_MOVE=0.004973 EXECUTED_MOVE=0.004924 ATTEMPT=0 SUCCESS=0 TERMINATED=0 TRUNCATED=0
DAY4_MOTION_DONE=1 ELAPSED_SIM=1.202 INITIAL_ERR=0.04423 FINAL_ERR=0.00060 ARM_V=0.00665
DAY4_STEP=1 EPISODE=036 STEP=19 DIST=0.034047 YAW_ERR_DEG=0.145 REQUESTED_MOVE=0.005015 EXECUTED_MOVE=0.004948 ATTEMPT=0 SUCCESS=0 TERMINATED=0 TRUNCATED=0
DAY4_MOTION_DONE=1 ELAPSED_SIM=1.200 INITIAL_ERR=0.03909 FINAL_ERR=0.00053 ARM_V=0.00586
DAY4_STEP=1 EPISODE=036 STEP=20 DIST=0.035353 YAW_ERR_DEG=2.519 REQUESTED_MOVE=0.002026 EXECUTED_MOVE=0.001999 ATTEMPT=0 SUCCESS=0 TERMINATED=0 TRUNCATED=1
DAY4_RESET_GRIPPER=OPEN ANGLE_RAD=1.291235 EFFORT_NM=0.552948
DAY4_RESET_GRIPPER=AFTER_INITIAL_MOVE ANGLE_RAD=1.303726 EFFORT_NM=0.535479
TRIAL=037 VISUAL_CENTER=[0.22881245613098145, -0.060023460537195206, 0.015102921366442465] SURFACE=[0.22881245613098145, -0.060023460537195206, 0.030102921366442464] CONTOUR_DEG=0.00 AXIS_STD_DEG=0.00 FOOTPRINT=[0.029996059834957123, 0.029996059834957123] CONFIDENCE=0.9930
TRIAL=037 PHASE=OPEN_GRIPPER
TRIAL=037 PHASE=RETURN_OBSERVATION
DAY4_RESET_GRIPPER=OPEN ANGLE_RAD=1.291154 EFFORT_NM=0.534161
DAY4_RESET_GRIPPER=AFTER_INITIAL_MOVE ANGLE_RAD=1.298057 EFFORT_NM=0.531548
TRIAL=038 VISUAL_CENTER=[0.20908433198928833, 0.041766103357076645, 0.015100670243560585] SURFACE=[0.20908433198928833, 0.041766103357076645, 0.030100670243560584] CONTOUR_DEG=-0.00 AXIS_STD_DEG=0.00 FOOTPRINT=[0.029987424612045288, 0.029987424612045288] CONFIDENCE=0.9942
TRIAL=038 SELECTED_CONTOUR_ORIENTATION=+90.00deg TILT=0.0 LEAN=-1 SYMMETRY=1 IK_FK_POS_ERROR=0.000000m IK_FK_ORIENTATION_ERROR=0.000000rad FINGER_FK_LIFT=0.080000m FINGER_FK_DRIFT=0.000000m JOINT_MOTION=2.646692rad
DAY4_MOTION_DONE=1 ELAPSED_SIM=1.256 INITIAL_ERR=0.07156 FINAL_ERR=0.00057 ARM_V=0.00634
DAY4_STEP=1 EPISODE=038 STEP=01 DIST=0.028148 YAW_ERR_DEG=2.595 REQUESTED_MOVE=0.006315 EXECUTED_MOVE=0.006265 ATTEMPT=0 SUCCESS=0 TERMINATED=0 TRUNCATED=0
DAY4_MOTION_DONE=1 ELAPSED_SIM=1.256 INITIAL_ERR=0.07509 FINAL_ERR=0.00060 ARM_V=0.00665
DAY4_STEP=1 EPISODE=038 STEP=02 DIST=0.028652 YAW_ERR_DEG=6.785 REQUESTED_MOVE=0.001654 EXECUTED_MOVE=0.001641 ATTEMPT=0 SUCCESS=0 TERMINATED=0 TRUNCATED=0
DAY4_MOTION_DONE=1 ELAPSED_SIM=1.228 INITIAL_ERR=0.05535 FINAL_ERR=0.00061 ARM_V=0.00673
DAY4_STEP=1 EPISODE=038 STEP=03 DIST=0.028090 YAW_ERR_DEG=3.215 REQUESTED_MOVE=0.002562 EXECUTED_MOVE=0.002534 ATTEMPT=0 SUCCESS=0 TERMINATED=0 TRUNCATED=0
DAY4_MOTION_DONE=1 ELAPSED_SIM=1.272 INITIAL_ERR=0.07839 FINAL_ERR=0.00056 ARM_V=0.00625
DAY4_STEP=1 EPISODE=038 STEP=04 DIST=0.025673 YAW_ERR_DEG=0.368 REQUESTED_MOVE=0.006246 EXECUTED_MOVE=0.006201 ATTEMPT=0 SUCCESS=0 TERMINATED=0 TRUNCATED=0
DAY4_MOTION_DONE=1 ELAPSED_SIM=1.200 INITIAL_ERR=0.03497 FINAL_ERR=0.00047 ARM_V=0.00525
DAY4_STEP=1 EPISODE=038 STEP=05 DIST=0.022773 YAW_ERR_DEG=3.468 REQUESTED_MOVE=0.004770 EXECUTED_MOVE=0.004706 ATTEMPT=0 SUCCESS=0 TERMINATED=0 TRUNCATED=0
DAY4_MOTION_DONE=1 ELAPSED_SIM=1.262 INITIAL_ERR=0.07327 FINAL_ERR=0.00058 ARM_V=0.00649
DAY4_STEP=1 EPISODE=038 STEP=06 DIST=0.019152 YAW_ERR_DEG=2.894 REQUESTED_MOVE=0.005869 EXECUTED_MOVE=0.005821 ATTEMPT=0 SUCCESS=0 TERMINATED=0 TRUNCATED=0
DAY4_MOTION_DONE=1 ELAPSED_SIM=1.200 INITIAL_ERR=0.02536 FINAL_ERR=0.00034 ARM_V=0.00380
DAY4_STEP=1 EPISODE=038 STEP=07 DIST=0.013619 YAW_ERR_DEG=3.818 REQUESTED_MOVE=0.006940 EXECUTED_MOVE=0.006846 ATTEMPT=0 SUCCESS=0 TERMINATED=0 TRUNCATED=0
DAY4_MOTION_DONE=1 ELAPSED_SIM=1.270 INITIAL_ERR=0.07749 FINAL_ERR=0.00056 ARM_V=0.00618
DAY4_STEP=1 EPISODE=038 STEP=08 DIST=0.015479 YAW_ERR_DEG=6.555 REQUESTED_MOVE=0.005778 EXECUTED_MOVE=0.005737 ATTEMPT=0 SUCCESS=0 TERMINATED=0 TRUNCATED=0
DAY4_MOTION_DONE=1 ELAPSED_SIM=1.222 INITIAL_ERR=0.05367 FINAL_ERR=0.00059 ARM_V=0.00653
DAY4_STEP=1 EPISODE=038 STEP=09 DIST=0.011877 YAW_ERR_DEG=5.375 REQUESTED_MOVE=0.004532 EXECUTED_MOVE=0.004482 ATTEMPT=0 SUCCESS=0 TERMINATED=0 TRUNCATED=0
DAY4_MOTION_DONE=1 ELAPSED_SIM=1.254 INITIAL_ERR=0.06490 FINAL_ERR=0.00052 ARM_V=0.00575
DAY4_STEP=1 EPISODE=038 STEP=10 DIST=0.016306 YAW_ERR_DEG=9.785 REQUESTED_MOVE=0.005264 EXECUTED_MOVE=0.005222 ATTEMPT=0 SUCCESS=0 TERMINATED=0 TRUNCATED=0
DAY4_MOTION_DONE=1 ELAPSED_SIM=1.230 INITIAL_ERR=0.05140 FINAL_ERR=0.00051 ARM_V=0.00562
DAY4_STEP=1 EPISODE=038 STEP=11 DIST=0.020161 YAW_ERR_DEG=13.628 REQUESTED_MOVE=0.005170 EXECUTED_MOVE=0.005119 ATTEMPT=0 SUCCESS=0 TERMINATED=0 TRUNCATED=0
DAY4_MOTION_DONE=1 ELAPSED_SIM=1.286 INITIAL_ERR=0.09347 FINAL_ERR=0.00054 ARM_V=0.00604
DAY4_STEP=1 EPISODE=038 STEP=12 DIST=0.019950 YAW_ERR_DEG=9.051 REQUESTED_MOVE=0.006665 EXECUTED_MOVE=0.006625 ATTEMPT=0 SUCCESS=0 TERMINATED=0 TRUNCATED=0
DAY4_MOTION_DONE=1 ELAPSED_SIM=1.250 INITIAL_ERR=0.06327 FINAL_ERR=0.00056 ARM_V=0.00624
DAY4_STEP=1 EPISODE=038 STEP=13 DIST=0.019052 YAW_ERR_DEG=12.416 REQUESTED_MOVE=0.002406 EXECUTED_MOVE=0.002385 ATTEMPT=0 SUCCESS=0 TERMINATED=0 TRUNCATED=0
DAY4_MOTION_DONE=1 ELAPSED_SIM=1.244 INITIAL_ERR=0.06483 FINAL_ERR=0.00057 ARM_V=0.00638
DAY4_STEP=1 EPISODE=038 STEP=14 DIST=0.020352 YAW_ERR_DEG=14.930 REQUESTED_MOVE=0.005388 EXECUTED_MOVE=0.005339 ATTEMPT=0 SUCCESS=0 TERMINATED=0 TRUNCATED=0
DAY4_MOTION_DONE=1 ELAPSED_SIM=1.200 INITIAL_ERR=0.03361 FINAL_ERR=0.00045 ARM_V=0.00504
DAY4_STEP=1 EPISODE=038 STEP=15 DIST=0.023857 YAW_ERR_DEG=15.306 REQUESTED_MOVE=0.006777 EXECUTED_MOVE=0.006686 ATTEMPT=0 SUCCESS=0 TERMINATED=0 TRUNCATED=0
DAY4_MOTION_DONE=1 ELAPSED_SIM=1.202 INITIAL_ERR=0.04656 FINAL_ERR=0.00063 ARM_V=0.00698
DAY4_STEP=1 EPISODE=038 STEP=16 DIST=0.027074 YAW_ERR_DEG=16.775 REQUESTED_MOVE=0.004465 EXECUTED_MOVE=0.004405 ATTEMPT=0 SUCCESS=0 TERMINATED=0 TRUNCATED=0
DAY4_MOTION_DONE=1 ELAPSED_SIM=1.200 INITIAL_ERR=0.04090 FINAL_ERR=0.00055 ARM_V=0.00613
DAY4_STEP=1 EPISODE=038 STEP=17 DIST=0.022687 YAW_ERR_DEG=19.546 REQUESTED_MOVE=0.005117 EXECUTED_MOVE=0.005048 ATTEMPT=0 SUCCESS=0 TERMINATED=0 TRUNCATED=0
DAY4_MOTION_DONE=1 ELAPSED_SIM=1.288 INITIAL_ERR=0.09760 FINAL_ERR=0.00057 ARM_V=0.00631
DAY4_STEP=1 EPISODE=038 STEP=18 DIST=0.028149 YAW_ERR_DEG=15.116 REQUESTED_MOVE=0.006873 EXECUTED_MOVE=0.006833 ATTEMPT=0 SUCCESS=0 TERMINATED=0 TRUNCATED=0
DAY4_MOTION_DONE=1 ELAPSED_SIM=1.240 INITIAL_ERR=0.05869 FINAL_ERR=0.00058 ARM_V=0.00643
DAY4_STEP=1 EPISODE=038 STEP=19 DIST=0.023866 YAW_ERR_DEG=17.310 REQUESTED_MOVE=0.005603 EXECUTED_MOVE=0.005548 ATTEMPT=0 SUCCESS=0 TERMINATED=0 TRUNCATED=0
DAY4_MOTION_DONE=1 ELAPSED_SIM=1.260 INITIAL_ERR=0.07279 FINAL_ERR=0.00058 ARM_V=0.00644
DAY4_STEP=1 EPISODE=038 STEP=20 DIST=0.026393 YAW_ERR_DEG=21.994 REQUESTED_MOVE=0.003178 EXECUTED_MOVE=0.003152 ATTEMPT=0 SUCCESS=0 TERMINATED=0 TRUNCATED=1
DAY4_RESET_GRIPPER=OPEN ANGLE_RAD=1.291161 EFFORT_NM=0.541208
DAY4_RESET_GRIPPER=AFTER_INITIAL_MOVE ANGLE_RAD=1.301565 EFFORT_NM=0.530612
TRIAL=039 VISUAL_CENTER=[0.1605347990989685, -0.01939360238611698, 0.01509562729066799] SURFACE=[0.1605347990989685, -0.01939360238611698, 0.03009562729066799] CONTOUR_DEG=-0.00 AXIS_STD_DEG=0.00 FOOTPRINT=[0.02979196235537529, 0.02979196235537529] CONFIDENCE=0.9947
TRIAL=039 SELECTED_CONTOUR_ORIENTATION=+90.00deg TILT=0.0 LEAN=-1 SYMMETRY=1 IK_FK_POS_ERROR=0.000000m IK_FK_ORIENTATION_ERROR=0.000000rad FINGER_FK_LIFT=0.080000m FINGER_FK_DRIFT=0.000000m JOINT_MOTION=1.952562rad
DAY4_MOTION_DONE=1 ELAPSED_SIM=1.200 INITIAL_ERR=0.02916 FINAL_ERR=0.00044 ARM_V=0.00486
DAY4_STEP=1 EPISODE=039 STEP=01 DIST=0.024944 YAW_ERR_DEG=2.632 REQUESTED_MOVE=0.004737 EXECUTED_MOVE=0.004666 ATTEMPT=0 SUCCESS=0 TERMINATED=0 TRUNCATED=0
DAY4_MOTION_DONE=1 ELAPSED_SIM=1.288 INITIAL_ERR=0.09723 FINAL_ERR=0.00057 ARM_V=0.00628
DAY4_STEP=1 EPISODE=039 STEP=02 DIST=0.026066 YAW_ERR_DEG=2.261 REQUESTED_MOVE=0.003599 EXECUTED_MOVE=0.003578 ATTEMPT=0 SUCCESS=0 TERMINATED=0 TRUNCATED=0
DAY4_MOTION_DONE=1 ELAPSED_SIM=1.242 INITIAL_ERR=0.06125 FINAL_ERR=0.00060 ARM_V=0.00671
DAY4_STEP=1 EPISODE=039 STEP=03 DIST=0.029362 YAW_ERR_DEG=0.864 REQUESTED_MOVE=0.003829 EXECUTED_MOVE=0.003791 ATTEMPT=0 SUCCESS=0 TERMINATED=0 TRUNCATED=0
DAY4_MOTION_DONE=1 ELAPSED_SIM=1.200 INITIAL_ERR=0.04124 FINAL_ERR=0.00056 ARM_V=0.00619
DAY4_STEP=1 EPISODE=039 STEP=04 DIST=0.027951 YAW_ERR_DEG=0.741 REQUESTED_MOVE=0.004053 EXECUTED_MOVE=0.003998 ATTEMPT=0 SUCCESS=0 TERMINATED=0 TRUNCATED=0
DAY4_MOTION_DONE=1 ELAPSED_SIM=1.200 INITIAL_ERR=0.02436 FINAL_ERR=0.00037 ARM_V=0.00406
DAY4_STEP=1 EPISODE=039 STEP=05 DIST=0.024802 YAW_ERR_DEG=0.618 REQUESTED_MOVE=0.004673 EXECUTED_MOVE=0.004603 ATTEMPT=0 SUCCESS=0 TERMINATED=0 TRUNCATED=0
DAY4_MOTION_DONE=1 ELAPSED_SIM=1.200 INITIAL_ERR=0.03062 FINAL_ERR=0.00046 ARM_V=0.00511
DAY4_STEP=1 EPISODE=039 STEP=06 DIST=0.020256 YAW_ERR_DEG=0.564 REQUESTED_MOVE=0.005732 EXECUTED_MOVE=0.005646 ATTEMPT=0 SUCCESS=0 TERMINATED=0 TRUNCATED=0
DAY4_MOTION_DONE=1 ELAPSED_SIM=1.200 INITIAL_ERR=0.04901 FINAL_ERR=0.00082 ARM_V=0.00908
DAY4_STEP=1 EPISODE=039 STEP=07 DIST=0.019324 YAW_ERR_DEG=3.259 REQUESTED_MOVE=0.005936 EXECUTED_MOVE=0.005836 ATTEMPT=0 SUCCESS=0 TERMINATED=0 TRUNCATED=0
DAY4_MOTION_DONE=1 ELAPSED_SIM=1.230 INITIAL_ERR=0.05116 FINAL_ERR=0.00056 ARM_V=0.00622
DAY4_STEP=1 EPISODE=039 STEP=08 DIST=0.014656 YAW_ERR_DEG=4.570 REQUESTED_MOVE=0.005566 EXECUTED_MOVE=0.005505 ATTEMPT=0 SUCCESS=0 TERMINATED=0 TRUNCATED=0
DAY4_MOTION_DONE=1 ELAPSED_SIM=1.200 INITIAL_ERR=0.04020 FINAL_ERR=0.00060 ARM_V=0.00670
DAY4_STEP=1 EPISODE=039 STEP=09 DIST=0.014441 YAW_ERR_DEG=2.928 REQUESTED_MOVE=0.004236 EXECUTED_MOVE=0.004172 ATTEMPT=0 SUCCESS=0 TERMINATED=0 TRUNCATED=0
DAY4_MOTION_DONE=1 ELAPSED_SIM=1.200 INITIAL_ERR=0.04919 FINAL_ERR=0.00067 ARM_V=0.00740
DAY4_STEP=1 EPISODE=039 STEP=10 DIST=0.013974 YAW_ERR_DEG=6.603 REQUESTED_MOVE=0.003521 EXECUTED_MOVE=0.003473 ATTEMPT=0 SUCCESS=0 TERMINATED=0 TRUNCATED=0
DAY4_MOTION_DONE=1 ELAPSED_SIM=1.248 INITIAL_ERR=0.06427 FINAL_ERR=0.00051 ARM_V=0.00570
DAY4_STEP=1 EPISODE=039 STEP=11 DIST=0.015096 YAW_ERR_DEG=2.805 REQUESTED_MOVE=0.003140 EXECUTED_MOVE=0.003115 ATTEMPT=0 SUCCESS=0 TERMINATED=0 TRUNCATED=0
DAY4_MOTION_DONE=1 ELAPSED_SIM=1.200 INITIAL_ERR=0.04279 FINAL_ERR=0.00064 ARM_V=0.00713
DAY4_STEP=1 EPISODE=039 STEP=12 DIST=0.012889 YAW_ERR_DEG=0.176 REQUESTED_MOVE=0.003429 EXECUTED_MOVE=0.003378 ATTEMPT=0 SUCCESS=0 TERMINATED=0 TRUNCATED=0
DAY4_MOTION_DONE=1 ELAPSED_SIM=1.202 INITIAL_ERR=0.02299 FINAL_ERR=0.00031 ARM_V=0.00345
DAY4_STEP=1 EPISODE=039 STEP=13 DIST=0.008801 YAW_ERR_DEG=1.118 REQUESTED_MOVE=0.004724 EXECUTED_MOVE=0.004661 ATTEMPT=0 SUCCESS=0 TERMINATED=0 TRUNCATED=0
DAY4_MOTION_DONE=1 ELAPSED_SIM=1.200 INITIAL_ERR=0.03658 FINAL_ERR=0.00049 ARM_V=0.00549
DAY4_GRASP_ATTEMPT=1
TRIAL=039 PHASE=CLOSE_SEARCH
TRIAL=039 LEFT_CONTACT=0 RIGHT_CONTACT=0 STALL=0
TRIAL=039 LEFT_CONTACT=0 RIGHT_CONTACT=0 STALL=0
TRIAL=039 LEFT_CONTACT=0 RIGHT_CONTACT=0 STALL=0
TRIAL=039 LEFT_CONTACT=0 RIGHT_CONTACT=0 STALL=0
TRIAL=039 LEFT_CONTACT=0 RIGHT_CONTACT=0 STALL=0
TRIAL=039 LEFT_CONTACT=0 RIGHT_CONTACT=1 STALL=0
TRIAL=039 PHASE=WAIT_DUAL_CONTACT
TRIAL=039 PHASE=WAIT_STALL
TRIAL=039 LEFT_CONTACT=1 RIGHT_CONTACT=1 STALL=0 GRIPPER_ERROR=0.03401 VELOCITY=0.01520 CLOSURE_M=0.00028
TRIAL=039 LEFT_CONTACT=1 RIGHT_CONTACT=1 STALL=0 GRIPPER_ERROR=0.01421 VELOCITY=0.01223 CLOSURE_M=0.00121
TRIAL=039 LEFT_CONTACT=1 RIGHT_CONTACT=1 STALL=1 GRIPPER_ERROR=0.00679 VELOCITY=0.00523 CLOSURE_M=0.00156
TRIAL=039 PHASE=LIFT_80_MM
TRIAL=039 ACTUAL_LIFT_M=-0.00001 LEFT_CONTACT=1 RIGHT_CONTACT=1
TRIAL=039 ACTUAL_LIFT_M=0.02778 LEFT_CONTACT=1 RIGHT_CONTACT=1
TRIAL=039 ACTUAL_LIFT_M=0.05987 LEFT_CONTACT=1 RIGHT_CONTACT=1
TRIAL=039 PHASE=HOLD
TRIAL=039 HOLD_SIM_SEC=0.000 HOLD_WALL_SEC=0.001 ACTUAL_LIFT_M=0.07659 RELATIVE_SLIP_M=0.00000 LEFT_CONTACT=1 RIGHT_CONTACT=1
TRIAL=039 HOLD_SIM_SEC=0.882 HOLD_WALL_SEC=1.002 ACTUAL_LIFT_M=0.07669 RELATIVE_SLIP_M=0.00001 LEFT_CONTACT=1 RIGHT_CONTACT=1
TRIAL=039 HOLD_SIM_SEC=1.806 HOLD_WALL_SEC=2.003 ACTUAL_LIFT_M=0.07669 RELATIVE_SLIP_M=0.00001 LEFT_CONTACT=1 RIGHT_CONTACT=1
TRIAL=039 HOLD_SIM_SEC=2.718 HOLD_WALL_SEC=3.003 ACTUAL_LIFT_M=0.07670 RELATIVE_SLIP_M=0.00001 LEFT_CONTACT=1 RIGHT_CONTACT=1
TRIAL=039 HOLD_SIM_SEC=3.646 HOLD_WALL_SEC=4.003 ACTUAL_LIFT_M=0.07670 RELATIVE_SLIP_M=0.00001 LEFT_CONTACT=1 RIGHT_CONTACT=1
TRIAL=039 HOLD_SIM_SEC=4.572 HOLD_WALL_SEC=5.004 ACTUAL_LIFT_M=0.07670 RELATIVE_SLIP_M=0.00001 LEFT_CONTACT=1 RIGHT_CONTACT=1
TRIAL=039 PHASE=PLACE_DOWN
TRIAL=039 PHASE=OPEN_GRIPPER
TRIAL=039 PHASE=RETREAT_PREGRASP
TRIAL=039 PHASE=GRASP_SUCCESS
TRIAL=039 DAY5_PLACE_RELEASE=PASS
DAY4_GRASP_RESULT=SUCCESS
DAY4_STEP=1 EPISODE=039 STEP=14 DIST=0.004316 YAW_ERR_DEG=4.294 REQUESTED_MOVE=0.007780 EXECUTED_MOVE=0.007675 ATTEMPT=1 SUCCESS=1 TERMINATED=1 TRUNCATED=0
DAY4_RESET_GRIPPER=OPEN ANGLE_RAD=1.291140 EFFORT_NM=0.555651
DAY4_RESET_GRIPPER=AFTER_INITIAL_MOVE ANGLE_RAD=1.304209 EFFORT_NM=0.535075
TRIAL=040 VISUAL_CENTER=[0.20389051735401154, -0.07287944946438074, 0.015100211798553559] SURFACE=[0.20389051735401154, -0.07287944946438074, 0.03010021179855356] CONTOUR_DEG=0.00 AXIS_STD_DEG=0.00 FOOTPRINT=[0.029976798221468925, 0.029976798221468925] CONFIDENCE=0.9924
TRIAL=040 SELECTED_CONTOUR_ORIENTATION=+90.00deg TILT=0.0 LEAN=-1 SYMMETRY=1 IK_FK_POS_ERROR=0.000000m IK_FK_ORIENTATION_ERROR=0.000000rad FINGER_FK_LIFT=0.080000m FINGER_FK_DRIFT=0.000000m JOINT_MOTION=2.849524rad
DAY4_MOTION_DONE=1 ELAPSED_SIM=1.238 INITIAL_ERR=0.06030 FINAL_ERR=0.00059 ARM_V=0.00660
DAY4_STEP=1 EPISODE=040 STEP=01 DIST=0.028337 YAW_ERR_DEG=0.568 REQUESTED_MOVE=0.006733 EXECUTED_MOVE=0.006666 ATTEMPT=0 SUCCESS=0 TERMINATED=0 TRUNCATED=0
DAY4_MOTION_DONE=1 ELAPSED_SIM=1.200 INITIAL_ERR=0.02887 FINAL_ERR=0.00039 ARM_V=0.00434
DAY4_STEP=1 EPISODE=040 STEP=02 DIST=0.031347 YAW_ERR_DEG=0.106 REQUESTED_MOVE=0.004767 EXECUTED_MOVE=0.004703 ATTEMPT=0 SUCCESS=0 TERMINATED=0 TRUNCATED=0
DAY4_MOTION_DONE=1 ELAPSED_SIM=1.264 INITIAL_ERR=0.06994 FINAL_ERR=0.00050 ARM_V=0.00557
DAY4_STEP=1 EPISODE=040 STEP=03 DIST=0.033371 YAW_ERR_DEG=4.259 REQUESTED_MOVE=0.004687 EXECUTED_MOVE=0.004655 ATTEMPT=0 SUCCESS=0 TERMINATED=0 TRUNCATED=0
DAY4_MOTION_DONE=1 ELAPSED_SIM=1.270 INITIAL_ERR=0.08236 FINAL_ERR=0.00053 ARM_V=0.00591
DAY4_STEP=1 EPISODE=040 STEP=04 DIST=0.035696 YAW_ERR_DEG=1.047 REQUESTED_MOVE=0.006254 EXECUTED_MOVE=0.006214 ATTEMPT=0 SUCCESS=0 TERMINATED=0 TRUNCATED=0
DAY4_MOTION_DONE=1 ELAPSED_SIM=1.258 INITIAL_ERR=0.06868 FINAL_ERR=0.00055 ARM_V=0.00608
DAY4_STEP=1 EPISODE=040 STEP=05 DIST=0.032859 YAW_ERR_DEG=2.762 REQUESTED_MOVE=0.004505 EXECUTED_MOVE=0.004468 ATTEMPT=0 SUCCESS=0 TERMINATED=0 TRUNCATED=0
DAY4_MOTION_DONE=1 ELAPSED_SIM=1.200 INITIAL_ERR=0.03276 FINAL_ERR=0.00044 ARM_V=0.00491
DAY4_STEP=1 EPISODE=040 STEP=06 DIST=0.030439 YAW_ERR_DEG=3.961 REQUESTED_MOVE=0.003977 EXECUTED_MOVE=0.003923 ATTEMPT=0 SUCCESS=0 TERMINATED=0 TRUNCATED=0
DAY4_MOTION_DONE=1 ELAPSED_SIM=1.288 INITIAL_ERR=0.10087 FINAL_ERR=0.00059 ARM_V=0.00652
DAY4_STEP=1 EPISODE=040 STEP=07 DIST=0.025233 YAW_ERR_DEG=0.338 REQUESTED_MOVE=0.007162 EXECUTED_MOVE=0.007121 ATTEMPT=0 SUCCESS=0 TERMINATED=0 TRUNCATED=0
DAY4_MOTION_DONE=1 ELAPSED_SIM=1.202 INITIAL_ERR=0.02513 FINAL_ERR=0.00038 ARM_V=0.00418
DAY4_STEP=1 EPISODE=040 STEP=08 DIST=0.026012 YAW_ERR_DEG=3.149 REQUESTED_MOVE=0.005145 EXECUTED_MOVE=0.005068 ATTEMPT=0 SUCCESS=0 TERMINATED=0 TRUNCATED=0
DAY4_MOTION_DONE=1 ELAPSED_SIM=1.232 INITIAL_ERR=0.05359 FINAL_ERR=0.00059 ARM_V=0.00652
DAY4_STEP=1 EPISODE=040 STEP=09 DIST=0.021699 YAW_ERR_DEG=2.204 REQUESTED_MOVE=0.006393 EXECUTED_MOVE=0.006323 ATTEMPT=0 SUCCESS=0 TERMINATED=0 TRUNCATED=0
DAY4_MOTION_DONE=1 ELAPSED_SIM=1.274 INITIAL_ERR=0.08597 FINAL_ERR=0.00056 ARM_V=0.00617
DAY4_STEP=1 EPISODE=040 STEP=10 DIST=0.019588 YAW_ERR_DEG=7.164 REQUESTED_MOVE=0.005671 EXECUTED_MOVE=0.005634 ATTEMPT=0 SUCCESS=0 TERMINATED=0 TRUNCATED=0
DAY4_MOTION_DONE=1 ELAPSED_SIM=1.232 INITIAL_ERR=0.05225 FINAL_ERR=0.00057 ARM_V=0.00635
DAY4_STEP=1 EPISODE=040 STEP=11 DIST=0.023843 YAW_ERR_DEG=9.215 REQUESTED_MOVE=0.005761 EXECUTED_MOVE=0.005698 ATTEMPT=0 SUCCESS=0 TERMINATED=0 TRUNCATED=0
DAY4_MOTION_DONE=1 ELAPSED_SIM=1.258 INITIAL_ERR=0.07151 FINAL_ERR=0.00051 ARM_V=0.00571
DAY4_STEP=1 EPISODE=040 STEP=12 DIST=0.021262 YAW_ERR_DEG=4.715 REQUESTED_MOVE=0.004709 EXECUTED_MOVE=0.004675 ATTEMPT=0 SUCCESS=0 TERMINATED=0 TRUNCATED=0
DAY4_MOTION_DONE=1 ELAPSED_SIM=1.202 INITIAL_ERR=0.04640 FINAL_ERR=0.00063 ARM_V=0.00696
DAY4_STEP=1 EPISODE=040 STEP=13 DIST=0.020433 YAW_ERR_DEG=6.888 REQUESTED_MOVE=0.004992 EXECUTED_MOVE=0.004925 ATTEMPT=0 SUCCESS=0 TERMINATED=0 TRUNCATED=0
DAY4_MOTION_DONE=1 ELAPSED_SIM=1.266 INITIAL_ERR=0.07754 FINAL_ERR=0.00056 ARM_V=0.00619
DAY4_STEP=1 EPISODE=040 STEP=14 DIST=0.016330 YAW_ERR_DEG=2.241 REQUESTED_MOVE=0.004927 EXECUTED_MOVE=0.004892 ATTEMPT=0 SUCCESS=0 TERMINATED=0 TRUNCATED=0
DAY4_MOTION_DONE=1 ELAPSED_SIM=1.256 INITIAL_ERR=0.07414 FINAL_ERR=0.00059 ARM_V=0.00657
DAY4_STEP=1 EPISODE=040 STEP=15 DIST=0.021188 YAW_ERR_DEG=6.721 REQUESTED_MOVE=0.005276 EXECUTED_MOVE=0.005234 ATTEMPT=0 SUCCESS=0 TERMINATED=0 TRUNCATED=0
DAY4_MOTION_DONE=1 ELAPSED_SIM=1.200 INITIAL_ERR=0.03795 FINAL_ERR=0.00051 ARM_V=0.00569
DAY4_STEP=1 EPISODE=040 STEP=16 DIST=0.019897 YAW_ERR_DEG=9.039 REQUESTED_MOVE=0.002605 EXECUTED_MOVE=0.002570 ATTEMPT=0 SUCCESS=0 TERMINATED=0 TRUNCATED=0
DAY4_MOTION_DONE=1 ELAPSED_SIM=1.224 INITIAL_ERR=0.05201 FINAL_ERR=0.00051 ARM_V=0.00570
DAY4_STEP=1 EPISODE=040 STEP=17 DIST=0.021383 YAW_ERR_DEG=7.085 REQUESTED_MOVE=0.006082 EXECUTED_MOVE=0.006022 ATTEMPT=0 SUCCESS=0 TERMINATED=0 TRUNCATED=0
DAY4_MOTION_DONE=1 ELAPSED_SIM=1.200 INITIAL_ERR=0.04750 FINAL_ERR=0.00071 ARM_V=0.00792
DAY4_STEP=1 EPISODE=040 STEP=18 DIST=0.019958 YAW_ERR_DEG=5.233 REQUESTED_MOVE=0.004538 EXECUTED_MOVE=0.004470 ATTEMPT=0 SUCCESS=0 TERMINATED=0 TRUNCATED=0
DAY4_MOTION_DONE=1 ELAPSED_SIM=1.248 INITIAL_ERR=0.06214 FINAL_ERR=0.00050 ARM_V=0.00550
DAY4_STEP=1 EPISODE=040 STEP=19 DIST=0.023755 YAW_ERR_DEG=3.875 REQUESTED_MOVE=0.006240 EXECUTED_MOVE=0.006191 ATTEMPT=0 SUCCESS=0 TERMINATED=0 TRUNCATED=0
DAY4_MOTION_DONE=1 ELAPSED_SIM=1.200 INITIAL_ERR=0.02300 FINAL_ERR=0.00035 ARM_V=0.00384
DAY4_STEP=1 EPISODE=040 STEP=20 DIST=0.019755 YAW_ERR_DEG=4.909 REQUESTED_MOVE=0.004102 EXECUTED_MOVE=0.004041 ATTEMPT=0 SUCCESS=0 TERMINATED=0 TRUNCATED=1
DAY4_RESET_GRIPPER=OPEN ANGLE_RAD=1.291189 EFFORT_NM=0.573078
DAY4_RESET_GRIPPER=AFTER_INITIAL_MOVE ANGLE_RAD=1.308872 EFFORT_NM=0.536857
TRIAL=041 VISUAL_CENTER=[0.22713220864534378, -0.07417754828929901, 0.015102437243540295] SURFACE=[0.22713220864534378, -0.07417754828929901, 0.030102437243540295] CONTOUR_DEG=0.00 AXIS_STD_DEG=0.00 FOOTPRINT=[0.02999106515198946, 0.02999106515198946] CONFIDENCE=0.9920
TRIAL=041 PHASE=OPEN_GRIPPER
TRIAL=041 PHASE=RETURN_OBSERVATION
DAY4_RESET_GRIPPER=OPEN ANGLE_RAD=1.291153 EFFORT_NM=0.534132
DAY4_RESET_GRIPPER=AFTER_INITIAL_MOVE ANGLE_RAD=1.298058 EFFORT_NM=0.531556
TRIAL=042 VISUAL_CENTER=[0.15295787155628204, -0.05989242345094681, 0.015094817232298982] SURFACE=[0.15295787155628204, -0.05989242345094681, 0.03009481723229898] CONTOUR_DEG=0.00 AXIS_STD_DEG=0.00 FOOTPRINT=[0.029996082186698914, 0.029996082186698914] CONFIDENCE=0.9933
TRIAL=042 SELECTED_CONTOUR_ORIENTATION=+90.00deg TILT=0.0 LEAN=+1 SYMMETRY=1 IK_FK_POS_ERROR=0.000000m IK_FK_ORIENTATION_ERROR=0.000000rad FINGER_FK_LIFT=0.080000m FINGER_FK_DRIFT=0.000000m JOINT_MOTION=2.162261rad
DAY4_MOTION_DONE=1 ELAPSED_SIM=1.274 INITIAL_ERR=0.08817 FINAL_ERR=0.00057 ARM_V=0.00633
DAY4_STEP=1 EPISODE=042 STEP=01 DIST=0.025179 YAW_ERR_DEG=3.916 REQUESTED_MOVE=0.003576 EXECUTED_MOVE=0.003553 ATTEMPT=0 SUCCESS=0 TERMINATED=0 TRUNCATED=0
DAY4_MOTION_DONE=1 ELAPSED_SIM=1.230 INITIAL_ERR=0.05009 FINAL_ERR=0.00055 ARM_V=0.00609
DAY4_STEP=1 EPISODE=042 STEP=02 DIST=0.025761 YAW_ERR_DEG=3.404 REQUESTED_MOVE=0.005688 EXECUTED_MOVE=0.005626 ATTEMPT=0 SUCCESS=0 TERMINATED=0 TRUNCATED=0
DAY4_MOTION_DONE=1 ELAPSED_SIM=1.200 INITIAL_ERR=0.04498 FINAL_ERR=0.00061 ARM_V=0.00676
DAY4_STEP=1 EPISODE=042 STEP=03 DIST=0.022255 YAW_ERR_DEG=1.376 REQUESTED_MOVE=0.004548 EXECUTED_MOVE=0.004486 ATTEMPT=0 SUCCESS=0 TERMINATED=0 TRUNCATED=0
DAY4_MOTION_DONE=1 ELAPSED_SIM=1.200 INITIAL_ERR=0.02478 FINAL_ERR=0.00037 ARM_V=0.00414
DAY4_STEP=1 EPISODE=042 STEP=04 DIST=0.023840 YAW_ERR_DEG=0.251 REQUESTED_MOVE=0.002646 EXECUTED_MOVE=0.002607 ATTEMPT=0 SUCCESS=0 TERMINATED=0 TRUNCATED=0
DAY4_MOTION_DONE=1 ELAPSED_SIM=1.200 INITIAL_ERR=0.03905 FINAL_ERR=0.00053 ARM_V=0.00586
DAY4_STEP=1 EPISODE=042 STEP=05 DIST=0.027234 YAW_ERR_DEG=0.229 REQUESTED_MOVE=0.006328 EXECUTED_MOVE=0.006242 ATTEMPT=0 SUCCESS=0 TERMINATED=0 TRUNCATED=0
DAY4_MOTION_DONE=1 ELAPSED_SIM=1.300 INITIAL_ERR=0.10998 FINAL_ERR=0.00058 ARM_V=0.00640
DAY4_STEP=1 EPISODE=042 STEP=06 DIST=0.028505 YAW_ERR_DEG=4.066 REQUESTED_MOVE=0.006082 EXECUTED_MOVE=0.006050 ATTEMPT=0 SUCCESS=0 TERMINATED=0 TRUNCATED=0
DAY4_MOTION_DONE=1 ELAPSED_SIM=1.202 INITIAL_ERR=0.03435 FINAL_ERR=0.00046 ARM_V=0.00516
DAY4_STEP=1 EPISODE=042 STEP=07 DIST=0.032514 YAW_ERR_DEG=2.665 REQUESTED_MOVE=0.005707 EXECUTED_MOVE=0.005631 ATTEMPT=0 SUCCESS=0 TERMINATED=0 TRUNCATED=0
DAY4_MOTION_DONE=1 ELAPSED_SIM=1.200 INITIAL_ERR=0.03615 FINAL_ERR=0.00054 ARM_V=0.00603
DAY4_STEP=1 EPISODE=042 STEP=08 DIST=0.029133 YAW_ERR_DEG=5.384 REQUESTED_MOVE=0.004446 EXECUTED_MOVE=0.004379 ATTEMPT=0 SUCCESS=0 TERMINATED=0 TRUNCATED=0
DAY4_MOTION_DONE=1 ELAPSED_SIM=1.200 INITIAL_ERR=0.01990 FINAL_ERR=0.00030 ARM_V=0.00333
DAY4_STEP=1 EPISODE=042 STEP=09 DIST=0.027896 YAW_ERR_DEG=3.701 REQUESTED_MOVE=0.002643 EXECUTED_MOVE=0.002603 ATTEMPT=0 SUCCESS=0 TERMINATED=0 TRUNCATED=0
DAY4_MOTION_DONE=1 ELAPSED_SIM=1.230 INITIAL_ERR=0.05216 FINAL_ERR=0.00057 ARM_V=0.00634
DAY4_STEP=1 EPISODE=042 STEP=10 DIST=0.024877 YAW_ERR_DEG=0.060 REQUESTED_MOVE=0.004089 EXECUTED_MOVE=0.004044 ATTEMPT=0 SUCCESS=0 TERMINATED=0 TRUNCATED=0
DAY4_MOTION_DONE=1 ELAPSED_SIM=1.200 INITIAL_ERR=0.03165 FINAL_ERR=0.00048 ARM_V=0.00528
DAY4_STEP=1 EPISODE=042 STEP=11 DIST=0.027692 YAW_ERR_DEG=1.454 REQUESTED_MOVE=0.004612 EXECUTED_MOVE=0.004543 ATTEMPT=0 SUCCESS=0 TERMINATED=0 TRUNCATED=0
DAY4_MOTION_DONE=1 ELAPSED_SIM=1.200 INITIAL_ERR=0.04976 FINAL_ERR=0.00067 ARM_V=0.00747
DAY4_STEP=1 EPISODE=042 STEP=12 DIST=0.030500 YAW_ERR_DEG=2.760 REQUESTED_MOVE=0.004813 EXECUTED_MOVE=0.004748 ATTEMPT=0 SUCCESS=0 TERMINATED=0 TRUNCATED=0
DAY4_MOTION_DONE=1 ELAPSED_SIM=1.260 INITIAL_ERR=0.07157 FINAL_ERR=0.00057 ARM_V=0.00634
DAY4_STEP=1 EPISODE=042 STEP=13 DIST=0.031725 YAW_ERR_DEG=6.328 REQUESTED_MOVE=0.003167 EXECUTED_MOVE=0.003142 ATTEMPT=0 SUCCESS=0 TERMINATED=0 TRUNCATED=0
DAY4_MOTION_DONE=1 ELAPSED_SIM=1.202 INITIAL_ERR=0.03903 FINAL_ERR=0.00053 ARM_V=0.00586
DAY4_STEP=1 EPISODE=042 STEP=14 DIST=0.033936 YAW_ERR_DEG=4.566 REQUESTED_MOVE=0.003289 EXECUTED_MOVE=0.003245 ATTEMPT=0 SUCCESS=0 TERMINATED=0 TRUNCATED=0
DAY4_MOTION_DONE=1 ELAPSED_SIM=1.202 INITIAL_ERR=0.02495 FINAL_ERR=0.00034 ARM_V=0.00374
DAY4_STEP=1 EPISODE=042 STEP=15 DIST=0.037919 YAW_ERR_DEG=4.959 REQUESTED_MOVE=0.004175 EXECUTED_MOVE=0.004119 ATTEMPT=0 SUCCESS=0 TERMINATED=0 TRUNCATED=0
DAY4_MOTION_DONE=1 ELAPSED_SIM=1.260 INITIAL_ERR=0.06938 FINAL_ERR=0.00055 ARM_V=0.00615
DAY4_STEP=1 EPISODE=042 STEP=16 DIST=0.035548 YAW_ERR_DEG=8.926 REQUESTED_MOVE=0.002580 EXECUTED_MOVE=0.002560 ATTEMPT=0 SUCCESS=0 TERMINATED=0 TRUNCATED=0
DAY4_MOTION_DONE=1 ELAPSED_SIM=1.228 INITIAL_ERR=0.05350 FINAL_ERR=0.00059 ARM_V=0.00650
DAY4_STEP=1 EPISODE=042 STEP=17 DIST=0.034260 YAW_ERR_DEG=9.001 REQUESTED_MOVE=0.005898 EXECUTED_MOVE=0.005833 ATTEMPT=0 SUCCESS=0 TERMINATED=0 TRUNCATED=0
DAY4_MOTION_DONE=1 ELAPSED_SIM=1.250 INITIAL_ERR=0.06357 FINAL_ERR=0.00056 ARM_V=0.00626
DAY4_STEP=1 EPISODE=042 STEP=18 DIST=0.037258 YAW_ERR_DEG=8.529 REQUESTED_MOVE=0.006393 EXECUTED_MOVE=0.006337 ATTEMPT=0 SUCCESS=0 TERMINATED=0 TRUNCATED=0
DAY4_MOTION_DONE=1 ELAPSED_SIM=1.246 INITIAL_ERR=0.06605 FINAL_ERR=0.00059 ARM_V=0.00650
DAY4_STEP=1 EPISODE=042 STEP=19 DIST=0.032389 YAW_ERR_DEG=3.640 REQUESTED_MOVE=0.005246 EXECUTED_MOVE=0.005199 ATTEMPT=0 SUCCESS=0 TERMINATED=0 TRUNCATED=0
DAY4_MOTION_DONE=1 ELAPSED_SIM=1.200 INITIAL_ERR=0.03432 FINAL_ERR=0.00046 ARM_V=0.00516
DAY4_STEP=1 EPISODE=042 STEP=20 DIST=0.031049 YAW_ERR_DEG=5.733 REQUESTED_MOVE=0.002231 EXECUTED_MOVE=0.002201 ATTEMPT=0 SUCCESS=0 TERMINATED=0 TRUNCATED=1
DAY4_RESET_GRIPPER=OPEN ANGLE_RAD=1.291211 EFFORT_NM=0.542807
DAY4_RESET_GRIPPER=AFTER_INITIAL_MOVE ANGLE_RAD=1.301020 EFFORT_NM=0.536167
TRIAL=043 VISUAL_CENTER=[0.21342319250106812, -0.005468156188726425, 0.01510114832309592] SURFACE=[0.21342319250106812, -0.005468156188726425, 0.03010114832309592] CONTOUR_DEG=0.00 AXIS_STD_DEG=0.00 FOOTPRINT=[0.02954500913619995, 0.02954500913619995] CONFIDENCE=0.9954
TRIAL=043 SELECTED_CONTOUR_ORIENTATION=+90.00deg TILT=0.0 LEAN=-1 SYMMETRY=1 IK_FK_POS_ERROR=0.000000m IK_FK_ORIENTATION_ERROR=0.000000rad FINGER_FK_LIFT=0.080000m FINGER_FK_DRIFT=0.000000m JOINT_MOTION=2.621373rad
DAY4_MOTION_DONE=1 ELAPSED_SIM=1.252 INITIAL_ERR=0.05885 FINAL_ERR=0.00058 ARM_V=0.00644
DAY4_STEP=1 EPISODE=043 STEP=01 DIST=0.024430 YAW_ERR_DEG=0.982 REQUESTED_MOVE=0.004200 EXECUTED_MOVE=0.004158 ATTEMPT=0 SUCCESS=0 TERMINATED=0 TRUNCATED=0
DAY4_MOTION_DONE=1 ELAPSED_SIM=1.200 INITIAL_ERR=0.03046 FINAL_ERR=0.00051 ARM_V=0.00565
DAY4_STEP=1 EPISODE=043 STEP=02 DIST=0.019556 YAW_ERR_DEG=1.775 REQUESTED_MOVE=0.006409 EXECUTED_MOVE=0.006302 ATTEMPT=0 SUCCESS=0 TERMINATED=0 TRUNCATED=0
DAY4_MOTION_DONE=1 ELAPSED_SIM=1.202 INITIAL_ERR=0.02545 FINAL_ERR=0.00034 ARM_V=0.00382
DAY4_STEP=1 EPISODE=043 STEP=03 DIST=0.020274 YAW_ERR_DEG=1.195 REQUESTED_MOVE=0.003929 EXECUTED_MOVE=0.003876 ATTEMPT=0 SUCCESS=0 TERMINATED=0 TRUNCATED=0
DAY4_MOTION_DONE=1 ELAPSED_SIM=1.200 INITIAL_ERR=0.04228 FINAL_ERR=0.00057 ARM_V=0.00635
DAY4_STEP=1 EPISODE=043 STEP=04 DIST=0.019008 YAW_ERR_DEG=1.434 REQUESTED_MOVE=0.001642 EXECUTED_MOVE=0.001620 ATTEMPT=0 SUCCESS=0 TERMINATED=0 TRUNCATED=0
DAY4_MOTION_DONE=1 ELAPSED_SIM=1.266 INITIAL_ERR=0.08438 FINAL_ERR=0.00061 ARM_V=0.00673
DAY4_STEP=1 EPISODE=043 STEP=05 DIST=0.017413 YAW_ERR_DEG=4.868 REQUESTED_MOVE=0.007017 EXECUTED_MOVE=0.006966 ATTEMPT=0 SUCCESS=0 TERMINATED=0 TRUNCATED=0
DAY4_MOTION_DONE=1 ELAPSED_SIM=1.286 INITIAL_ERR=0.10367 FINAL_ERR=0.00060 ARM_V=0.00670
DAY4_STEP=1 EPISODE=043 STEP=06 DIST=0.016478 YAW_ERR_DEG=9.550 REQUESTED_MOVE=0.005408 EXECUTED_MOVE=0.005376 ATTEMPT=0 SUCCESS=0 TERMINATED=0 TRUNCATED=0
DAY4_MOTION_DONE=1 ELAPSED_SIM=1.268 INITIAL_ERR=0.06940 FINAL_ERR=0.00055 ARM_V=0.00615
DAY4_STEP=1 EPISODE=043 STEP=07 DIST=0.020522 YAW_ERR_DEG=13.706 REQUESTED_MOVE=0.005262 EXECUTED_MOVE=0.005220 ATTEMPT=0 SUCCESS=0 TERMINATED=0 TRUNCATED=0
DAY4_MOTION_DONE=1 ELAPSED_SIM=1.200 INITIAL_ERR=0.02881 FINAL_ERR=0.00039 ARM_V=0.00432
DAY4_STEP=1 EPISODE=043 STEP=08 DIST=0.016680 YAW_ERR_DEG=15.754 REQUESTED_MOVE=0.004206 EXECUTED_MOVE=0.004150 ATTEMPT=0 SUCCESS=0 TERMINATED=0 TRUNCATED=0
DAY4_MOTION_DONE=1 ELAPSED_SIM=1.202 INITIAL_ERR=0.03779 FINAL_ERR=0.00051 ARM_V=0.00567
DAY4_STEP=1 EPISODE=043 STEP=09 DIST=0.022529 YAW_ERR_DEG=15.806 REQUESTED_MOVE=0.006188 EXECUTED_MOVE=0.006104 ATTEMPT=0 SUCCESS=0 TERMINATED=0 TRUNCATED=0
DAY4_MOTION_DONE=1 ELAPSED_SIM=1.230 INITIAL_ERR=0.05073 FINAL_ERR=0.00050 ARM_V=0.00555
DAY4_STEP=1 EPISODE=043 STEP=10 DIST=0.022116 YAW_ERR_DEG=12.786 REQUESTED_MOVE=0.003818 EXECUTED_MOVE=0.003780 ATTEMPT=0 SUCCESS=0 TERMINATED=0 TRUNCATED=0
DAY4_MOTION_DONE=1 ELAPSED_SIM=1.244 INITIAL_ERR=0.06307 FINAL_ERR=0.00056 ARM_V=0.00621
DAY4_STEP=1 EPISODE=043 STEP=11 DIST=0.026190 YAW_ERR_DEG=16.113 REQUESTED_MOVE=0.004899 EXECUTED_MOVE=0.004855 ATTEMPT=0 SUCCESS=0 TERMINATED=0 TRUNCATED=0
DAY4_MOTION_DONE=1 ELAPSED_SIM=1.240 INITIAL_ERR=0.05712 FINAL_ERR=0.00056 ARM_V=0.00625
DAY4_STEP=1 EPISODE=043 STEP=12 DIST=0.021928 YAW_ERR_DEG=13.828 REQUESTED_MOVE=0.004923 EXECUTED_MOVE=0.004874 ATTEMPT=0 SUCCESS=0 TERMINATED=0 TRUNCATED=0
DAY4_MOTION_DONE=1 ELAPSED_SIM=1.256 INITIAL_ERR=0.07160 FINAL_ERR=0.00057 ARM_V=0.00635
DAY4_STEP=1 EPISODE=043 STEP=13 DIST=0.024648 YAW_ERR_DEG=15.260 REQUESTED_MOVE=0.006965 EXECUTED_MOVE=0.006909 ATTEMPT=0 SUCCESS=0 TERMINATED=0 TRUNCATED=0
DAY4_MOTION_DONE=1 ELAPSED_SIM=1.200 INITIAL_ERR=0.02878 FINAL_ERR=0.00039 ARM_V=0.00432
DAY4_STEP=1 EPISODE=043 STEP=14 DIST=0.027460 YAW_ERR_DEG=13.208 REQUESTED_MOVE=0.004254 EXECUTED_MOVE=0.004196 ATTEMPT=0 SUCCESS=0 TERMINATED=0 TRUNCATED=0
DAY4_MOTION_DONE=1 ELAPSED_SIM=1.200 INITIAL_ERR=0.02869 FINAL_ERR=0.00039 ARM_V=0.00431
DAY4_STEP=1 EPISODE=043 STEP=15 DIST=0.022323 YAW_ERR_DEG=14.666 REQUESTED_MOVE=0.006118 EXECUTED_MOVE=0.006035 ATTEMPT=0 SUCCESS=0 TERMINATED=0 TRUNCATED=0
DAY4_MOTION_DONE=1 ELAPSED_SIM=1.200 INITIAL_ERR=0.03248 FINAL_ERR=0.00049 ARM_V=0.00542
DAY4_STEP=1 EPISODE=043 STEP=16 DIST=0.025354 YAW_ERR_DEG=14.391 REQUESTED_MOVE=0.005992 EXECUTED_MOVE=0.005902 ATTEMPT=0 SUCCESS=0 TERMINATED=0 TRUNCATED=0
DAY4_MOTION_DONE=1 ELAPSED_SIM=1.292 INITIAL_ERR=0.09573 FINAL_ERR=0.00056 ARM_V=0.00618
DAY4_STEP=1 EPISODE=043 STEP=17 DIST=0.022281 YAW_ERR_DEG=10.040 REQUESTED_MOVE=0.005753 EXECUTED_MOVE=0.005719 ATTEMPT=0 SUCCESS=0 TERMINATED=0 TRUNCATED=0
DAY4_MOTION_DONE=1 ELAPSED_SIM=1.200 INITIAL_ERR=0.02732 FINAL_ERR=0.00041 ARM_V=0.00457
DAY4_STEP=1 EPISODE=043 STEP=18 DIST=0.019534 YAW_ERR_DEG=12.311 REQUESTED_MOVE=0.003703 EXECUTED_MOVE=0.003648 ATTEMPT=0 SUCCESS=0 TERMINATED=0 TRUNCATED=0
DAY4_MOTION_DONE=1 ELAPSED_SIM=1.200 INITIAL_ERR=0.02040 FINAL_ERR=0.00028 ARM_V=0.00306
DAY4_STEP=1 EPISODE=043 STEP=19 DIST=0.016897 YAW_ERR_DEG=12.566 REQUESTED_MOVE=0.003059 EXECUTED_MOVE=0.003017 ATTEMPT=0 SUCCESS=0 TERMINATED=0 TRUNCATED=0
DAY4_MOTION_DONE=1 ELAPSED_SIM=1.200 INITIAL_ERR=0.02177 FINAL_ERR=0.00033 ARM_V=0.00363
DAY4_STEP=1 EPISODE=043 STEP=20 DIST=0.019130 YAW_ERR_DEG=11.664 REQUESTED_MOVE=0.005158 EXECUTED_MOVE=0.005080 ATTEMPT=0 SUCCESS=0 TERMINATED=0 TRUNCATED=1
DAY4_RESET_GRIPPER=OPEN ANGLE_RAD=1.291152 EFFORT_NM=0.557430
DAY4_RESET_GRIPPER=AFTER_INITIAL_MOVE ANGLE_RAD=1.305051 EFFORT_NM=0.535391
TRIAL=044 VISUAL_CENTER=[0.19961386919021606, -0.07831842452287674, 0.01509972919268035] SURFACE=[0.19961386919021606, -0.07831842452287674, 0.03009972919268035] CONTOUR_DEG=0.00 AXIS_STD_DEG=0.00 FOOTPRINT=[0.029977932572364807, 0.029977932572364807] CONFIDENCE=0.9924
TRIAL=044 SELECTED_CONTOUR_ORIENTATION=+90.00deg TILT=0.0 LEAN=+1 SYMMETRY=1 IK_FK_POS_ERROR=0.000000m IK_FK_ORIENTATION_ERROR=0.000000rad FINGER_FK_LIFT=0.080000m FINGER_FK_DRIFT=0.000000m JOINT_MOTION=2.787429rad
DAY4_MOTION_DONE=1 ELAPSED_SIM=1.254 INITIAL_ERR=0.06767 FINAL_ERR=0.00060 ARM_V=0.00666
DAY4_STEP=1 EPISODE=044 STEP=01 DIST=0.026589 YAW_ERR_DEG=3.123 REQUESTED_MOVE=0.004161 EXECUTED_MOVE=0.004124 ATTEMPT=0 SUCCESS=0 TERMINATED=0 TRUNCATED=0
DAY4_MOTION_DONE=1 ELAPSED_SIM=1.280 INITIAL_ERR=0.09623 FINAL_ERR=0.00056 ARM_V=0.00622
DAY4_STEP=1 EPISODE=044 STEP=02 DIST=0.021336 YAW_ERR_DEG=1.643 REQUESTED_MOVE=0.006114 EXECUTED_MOVE=0.006078 ATTEMPT=0 SUCCESS=0 TERMINATED=0 TRUNCATED=0
DAY4_MOTION_DONE=1 ELAPSED_SIM=1.200 INITIAL_ERR=0.02347 FINAL_ERR=0.00035 ARM_V=0.00391
DAY4_STEP=1 EPISODE=044 STEP=03 DIST=0.017000 YAW_ERR_DEG=2.287 REQUESTED_MOVE=0.005633 EXECUTED_MOVE=0.005549 ATTEMPT=0 SUCCESS=0 TERMINATED=0 TRUNCATED=0
DAY4_MOTION_DONE=1 ELAPSED_SIM=1.276 INITIAL_ERR=0.07765 FINAL_ERR=0.00056 ARM_V=0.00620
DAY4_STEP=1 EPISODE=044 STEP=04 DIST=0.017157 YAW_ERR_DEG=2.074 REQUESTED_MOVE=0.001892 EXECUTED_MOVE=0.001878 ATTEMPT=0 SUCCESS=0 TERMINATED=0 TRUNCATED=0
DAY4_MOTION_DONE=1 ELAPSED_SIM=1.200 INITIAL_ERR=0.01838 FINAL_ERR=0.00028 ARM_V=0.00307
DAY4_STEP=1 EPISODE=044 STEP=05 DIST=0.019252 YAW_ERR_DEG=3.651 REQUESTED_MOVE=0.004154 EXECUTED_MOVE=0.004092 ATTEMPT=0 SUCCESS=0 TERMINATED=0 TRUNCATED=0
DAY4_MOTION_DONE=1 ELAPSED_SIM=1.200 INITIAL_ERR=0.03567 FINAL_ERR=0.00048 ARM_V=0.00536
DAY4_STEP=1 EPISODE=044 STEP=06 DIST=0.021570 YAW_ERR_DEG=6.538 REQUESTED_MOVE=0.005152 EXECUTED_MOVE=0.005083 ATTEMPT=0 SUCCESS=0 TERMINATED=0 TRUNCATED=0
DAY4_MOTION_DONE=1 ELAPSED_SIM=1.202 INITIAL_ERR=0.02308 FINAL_ERR=0.00035 ARM_V=0.00384
DAY4_STEP=1 EPISODE=044 STEP=07 DIST=0.026500 YAW_ERR_DEG=7.786 REQUESTED_MOVE=0.005289 EXECUTED_MOVE=0.005210 ATTEMPT=0 SUCCESS=0 TERMINATED=0 TRUNCATED=0
DAY4_MOTION_DONE=1 ELAPSED_SIM=1.240 INITIAL_ERR=0.05652 FINAL_ERR=0.00056 ARM_V=0.00618
DAY4_STEP=1 EPISODE=044 STEP=08 DIST=0.025756 YAW_ERR_DEG=7.999 REQUESTED_MOVE=0.004184 EXECUTED_MOVE=0.004142 ATTEMPT=0 SUCCESS=0 TERMINATED=0 TRUNCATED=0
DAY4_MOTION_DONE=1 ELAPSED_SIM=1.268 INITIAL_ERR=0.07836 FINAL_ERR=0.00056 ARM_V=0.00625
DAY4_STEP=1 EPISODE=044 STEP=09 DIST=0.026591 YAW_ERR_DEG=8.230 REQUESTED_MOVE=0.006199 EXECUTED_MOVE=0.006154 ATTEMPT=0 SUCCESS=0 TERMINATED=0 TRUNCATED=0
DAY4_MOTION_DONE=1 ELAPSED_SIM=1.240 INITIAL_ERR=0.05733 FINAL_ERR=0.00056 ARM_V=0.00627
DAY4_STEP=1 EPISODE=044 STEP=10 DIST=0.028752 YAW_ERR_DEG=4.420 REQUESTED_MOVE=0.003858 EXECUTED_MOVE=0.003820 ATTEMPT=0 SUCCESS=0 TERMINATED=0 TRUNCATED=0
DAY4_MOTION_DONE=1 ELAPSED_SIM=1.200 INITIAL_ERR=0.03662 FINAL_ERR=0.00055 ARM_V=0.00609
DAY4_STEP=1 EPISODE=044 STEP=11 DIST=0.032727 YAW_ERR_DEG=2.032 REQUESTED_MOVE=0.004701 EXECUTED_MOVE=0.004631 ATTEMPT=0 SUCCESS=0 TERMINATED=0 TRUNCATED=0
DAY4_MOTION_DONE=1 ELAPSED_SIM=1.248 INITIAL_ERR=0.06424 FINAL_ERR=0.00057 ARM_V=0.00632
DAY4_STEP=1 EPISODE=044 STEP=12 DIST=0.035756 YAW_ERR_DEG=2.045 REQUESTED_MOVE=0.006316 EXECUTED_MOVE=0.006260 ATTEMPT=0 SUCCESS=0 TERMINATED=0 TRUNCATED=0
DAY4_MOTION_DONE=1 ELAPSED_SIM=1.250 INITIAL_ERR=0.05641 FINAL_ERR=0.00050 ARM_V=0.00556
DAY4_STEP=1 EPISODE=044 STEP=13 DIST=0.035086 YAW_ERR_DEG=0.201 REQUESTED_MOVE=0.003322 EXECUTED_MOVE=0.003292 ATTEMPT=0 SUCCESS=0 TERMINATED=0 TRUNCATED=0
DAY4_MOTION_DONE=1 ELAPSED_SIM=1.200 INITIAL_ERR=0.01903 FINAL_ERR=0.00029 ARM_V=0.00317
DAY4_STEP=1 EPISODE=044 STEP=14 DIST=0.034899 YAW_ERR_DEG=0.285 REQUESTED_MOVE=0.003539 EXECUTED_MOVE=0.003486 ATTEMPT=0 SUCCESS=0 TERMINATED=0 TRUNCATED=0
DAY4_MOTION_DONE=1 ELAPSED_SIM=1.248 INITIAL_ERR=0.06784 FINAL_ERR=0.00060 ARM_V=0.00668
DAY4_STEP=1 EPISODE=044 STEP=15 DIST=0.039999 YAW_ERR_DEG=1.821 REQUESTED_MOVE=0.007750 EXECUTED_MOVE=0.007682 ATTEMPT=0 SUCCESS=0 TERMINATED=0 TRUNCATED=0
DAY4_MOTION_DONE=1 ELAPSED_SIM=1.200 INITIAL_ERR=0.02683 FINAL_ERR=0.00036 ARM_V=0.00403
DAY4_STEP=1 EPISODE=044 STEP=16 DIST=0.036617 YAW_ERR_DEG=0.181 REQUESTED_MOVE=0.003637 EXECUTED_MOVE=0.003588 ATTEMPT=0 SUCCESS=0 TERMINATED=0 TRUNCATED=0
DAY4_MOTION_DONE=1 ELAPSED_SIM=1.252 INITIAL_ERR=0.06852 FINAL_ERR=0.00055 ARM_V=0.00608
DAY4_STEP=1 EPISODE=044 STEP=17 DIST=0.039961 YAW_ERR_DEG=4.189 REQUESTED_MOVE=0.004447 EXECUTED_MOVE=0.004412 ATTEMPT=0 SUCCESS=0 TERMINATED=0 TRUNCATED=0
DAY4_MOTION_DONE=1 ELAPSED_SIM=1.268 INITIAL_ERR=0.08400 FINAL_ERR=0.00060 ARM_V=0.00670
DAY4_STEP=1 EPISODE=044 STEP=18 DIST=0.040863 YAW_ERR_DEG=0.680 REQUESTED_MOVE=0.005218 EXECUTED_MOVE=0.005180 ATTEMPT=0 SUCCESS=0 TERMINATED=0 TRUNCATED=0
DAY4_MOTION_DONE=1 ELAPSED_SIM=1.200 INITIAL_ERR=0.04311 FINAL_ERR=0.00058 ARM_V=0.00647
DAY4_STEP=1 EPISODE=044 STEP=19 DIST=0.044762 YAW_ERR_DEG=1.688 REQUESTED_MOVE=0.005311 EXECUTED_MOVE=0.005239 ATTEMPT=0 SUCCESS=0 TERMINATED=0 TRUNCATED=0
DAY4_MOTION_DONE=1 ELAPSED_SIM=1.200 INITIAL_ERR=0.02319 FINAL_ERR=0.00031 ARM_V=0.00348
DAY4_STEP=1 EPISODE=044 STEP=20 DIST=0.047685 YAW_ERR_DEG=0.439 REQUESTED_MOVE=0.004555 EXECUTED_MOVE=0.004494 ATTEMPT=0 SUCCESS=0 TERMINATED=0 TRUNCATED=1
DAY4_RESET_GRIPPER=OPEN ANGLE_RAD=1.291160 EFFORT_NM=0.561456
DAY4_RESET_GRIPPER=AFTER_INITIAL_MOVE ANGLE_RAD=1.305750 EFFORT_NM=0.536322
TRIAL=045 VISUAL_CENTER=[0.16014736890792847, -0.06587763130664825, 0.01509527801256505] SURFACE=[0.16014736890792847, -0.06587763130664825, 0.03009527801256505] CONTOUR_DEG=0.02 AXIS_STD_DEG=0.02 FOOTPRINT=[0.02993994764983654, 0.02993994764983654] CONFIDENCE=0.9919
TRIAL=045 SELECTED_CONTOUR_ORIENTATION=+90.02deg TILT=0.0 LEAN=-1 SYMMETRY=1 IK_FK_POS_ERROR=0.000000m IK_FK_ORIENTATION_ERROR=0.000000rad FINGER_FK_LIFT=0.080000m FINGER_FK_DRIFT=0.000000m JOINT_MOTION=2.201217rad
DAY4_MOTION_DONE=1 ELAPSED_SIM=1.256 INITIAL_ERR=0.07603 FINAL_ERR=0.00055 ARM_V=0.00606
DAY4_STEP=1 EPISODE=045 STEP=01 DIST=0.025318 YAW_ERR_DEG=3.976 REQUESTED_MOVE=0.005867 EXECUTED_MOVE=0.005825 ATTEMPT=0 SUCCESS=0 TERMINATED=0 TRUNCATED=0
DAY4_MOTION_DONE=1 ELAPSED_SIM=1.200 INITIAL_ERR=0.03156 FINAL_ERR=0.00047 ARM_V=0.00526
DAY4_STEP=1 EPISODE=045 STEP=02 DIST=0.023459 YAW_ERR_DEG=7.188 REQUESTED_MOVE=0.005934 EXECUTED_MOVE=0.005845 ATTEMPT=0 SUCCESS=0 TERMINATED=0 TRUNCATED=0
DAY4_MOTION_DONE=1 ELAPSED_SIM=1.250 INITIAL_ERR=0.06535 FINAL_ERR=0.00052 ARM_V=0.00579
DAY4_STEP=1 EPISODE=045 STEP=03 DIST=0.022771 YAW_ERR_DEG=6.854 REQUESTED_MOVE=0.006559 EXECUTED_MOVE=0.006506 ATTEMPT=0 SUCCESS=0 TERMINATED=0 TRUNCATED=0
DAY4_MOTION_DONE=1 ELAPSED_SIM=1.240 INITIAL_ERR=0.05623 FINAL_ERR=0.00055 ARM_V=0.00615
DAY4_STEP=1 EPISODE=045 STEP=04 DIST=0.023040 YAW_ERR_DEG=9.126 REQUESTED_MOVE=0.005745 EXECUTED_MOVE=0.005688 ATTEMPT=0 SUCCESS=0 TERMINATED=0 TRUNCATED=0
DAY4_MOTION_DONE=1 ELAPSED_SIM=1.200 INITIAL_ERR=0.02299 FINAL_ERR=0.00034 ARM_V=0.00382
DAY4_STEP=1 EPISODE=045 STEP=05 DIST=0.025018 YAW_ERR_DEG=8.879 REQUESTED_MOVE=0.002878 EXECUTED_MOVE=0.002835 ATTEMPT=0 SUCCESS=0 TERMINATED=0 TRUNCATED=0
DAY4_MOTION_DONE=1 ELAPSED_SIM=1.242 INITIAL_ERR=0.05630 FINAL_ERR=0.00050 ARM_V=0.00555
DAY4_STEP=1 EPISODE=045 STEP=06 DIST=0.023618 YAW_ERR_DEG=7.864 REQUESTED_MOVE=0.005737 EXECUTED_MOVE=0.005687 ATTEMPT=0 SUCCESS=0 TERMINATED=0 TRUNCATED=0
DAY4_MOTION_DONE=1 ELAPSED_SIM=1.200 INITIAL_ERR=0.02766 FINAL_ERR=0.00037 ARM_V=0.00414
DAY4_STEP=1 EPISODE=045 STEP=07 DIST=0.024497 YAW_ERR_DEG=7.061 REQUESTED_MOVE=0.003036 EXECUTED_MOVE=0.002996 ATTEMPT=0 SUCCESS=0 TERMINATED=0 TRUNCATED=0
DAY4_MOTION_DONE=1 ELAPSED_SIM=1.234 INITIAL_ERR=0.05291 FINAL_ERR=0.00058 ARM_V=0.00643
DAY4_STEP=1 EPISODE=045 STEP=08 DIST=0.024257 YAW_ERR_DEG=3.861 REQUESTED_MOVE=0.003470 EXECUTED_MOVE=0.003433 ATTEMPT=0 SUCCESS=0 TERMINATED=0 TRUNCATED=0
DAY4_MOTION_DONE=1 ELAPSED_SIM=1.232 INITIAL_ERR=0.05422 FINAL_ERR=0.00053 ARM_V=0.00593
DAY4_STEP=1 EPISODE=045 STEP=09 DIST=0.027091 YAW_ERR_DEG=1.009 REQUESTED_MOVE=0.003298 EXECUTED_MOVE=0.003266 ATTEMPT=0 SUCCESS=0 TERMINATED=0 TRUNCATED=0
DAY4_MOTION_DONE=1 ELAPSED_SIM=1.222 INITIAL_ERR=0.05107 FINAL_ERR=0.00056 ARM_V=0.00621
DAY4_STEP=1 EPISODE=045 STEP=10 DIST=0.027059 YAW_ERR_DEG=1.832 REQUESTED_MOVE=0.004977 EXECUTED_MOVE=0.004923 ATTEMPT=0 SUCCESS=0 TERMINATED=0 TRUNCATED=0
DAY4_MOTION_DONE=1 ELAPSED_SIM=1.262 INITIAL_ERR=0.06809 FINAL_ERR=0.00060 ARM_V=0.00671
DAY4_STEP=1 EPISODE=045 STEP=11 DIST=0.029178 YAW_ERR_DEG=2.969 REQUESTED_MOVE=0.004945 EXECUTED_MOVE=0.004901 ATTEMPT=0 SUCCESS=0 TERMINATED=0 TRUNCATED=0
DAY4_MOTION_DONE=1 ELAPSED_SIM=1.200 INITIAL_ERR=0.03127 FINAL_ERR=0.00047 ARM_V=0.00522
DAY4_STEP=1 EPISODE=045 STEP=12 DIST=0.030164 YAW_ERR_DEG=2.300 REQUESTED_MOVE=0.003597 EXECUTED_MOVE=0.003543 ATTEMPT=0 SUCCESS=0 TERMINATED=0 TRUNCATED=0
DAY4_MOTION_DONE=1 ELAPSED_SIM=1.202 INITIAL_ERR=0.03303 FINAL_ERR=0.00045 ARM_V=0.00496
DAY4_STEP=1 EPISODE=045 STEP=13 DIST=0.035408 YAW_ERR_DEG=2.766 REQUESTED_MOVE=0.005622 EXECUTED_MOVE=0.005546 ATTEMPT=0 SUCCESS=0 TERMINATED=0 TRUNCATED=0
DAY4_MOTION_DONE=1 ELAPSED_SIM=1.264 INITIAL_ERR=0.07085 FINAL_ERR=0.00051 ARM_V=0.00565
DAY4_STEP=1 EPISODE=045 STEP=14 DIST=0.038139 YAW_ERR_DEG=4.640 REQUESTED_MOVE=0.007653 EXECUTED_MOVE=0.007598 ATTEMPT=0 SUCCESS=0 TERMINATED=0 TRUNCATED=0
DAY4_MOTION_DONE=1 ELAPSED_SIM=1.286 INITIAL_ERR=0.09786 FINAL_ERR=0.00057 ARM_V=0.00633
DAY4_STEP=1 EPISODE=045 STEP=15 DIST=0.038232 YAW_ERR_DEG=0.991 REQUESTED_MOVE=0.005985 EXECUTED_MOVE=0.005950 ATTEMPT=0 SUCCESS=0 TERMINATED=0 TRUNCATED=0
DAY4_MOTION_DONE=1 ELAPSED_SIM=1.226 INITIAL_ERR=0.05084 FINAL_ERR=0.00056 ARM_V=0.00618
DAY4_STEP=1 EPISODE=045 STEP=16 DIST=0.041350 YAW_ERR_DEG=2.704 REQUESTED_MOVE=0.005710 EXECUTED_MOVE=0.005648 ATTEMPT=0 SUCCESS=0 TERMINATED=0 TRUNCATED=0
DAY4_MOTION_DONE=1 ELAPSED_SIM=1.270 INITIAL_ERR=0.07869 FINAL_ERR=0.00057 ARM_V=0.00628
DAY4_STEP=1 EPISODE=045 STEP=17 DIST=0.039067 YAW_ERR_DEG=1.540 REQUESTED_MOVE=0.006232 EXECUTED_MOVE=0.006187 ATTEMPT=0 SUCCESS=0 TERMINATED=0 TRUNCATED=0
DAY4_MOTION_DONE=1 ELAPSED_SIM=1.200 INITIAL_ERR=0.04848 FINAL_ERR=0.00065 ARM_V=0.00727
DAY4_STEP=1 EPISODE=045 STEP=18 DIST=0.045682 YAW_ERR_DEG=3.998 REQUESTED_MOVE=0.007832 EXECUTED_MOVE=0.007727 ATTEMPT=0 SUCCESS=0 TERMINATED=0 TRUNCATED=0
DAY4_MOTION_DONE=1 ELAPSED_SIM=1.200 INITIAL_ERR=0.04758 FINAL_ERR=0.00072 ARM_V=0.00794
DAY4_STEP=1 EPISODE=045 STEP=19 DIST=0.049142 YAW_ERR_DEG=0.670 REQUESTED_MOVE=0.005107 EXECUTED_MOVE=0.005031 ATTEMPT=0 SUCCESS=0 TERMINATED=0 TRUNCATED=0
DAY4_MOTION_DONE=1 ELAPSED_SIM=1.200 INITIAL_ERR=0.02805 FINAL_ERR=0.00042 ARM_V=0.00469
DAY4_STEP=1 EPISODE=045 STEP=20 DIST=0.053178 YAW_ERR_DEG=0.681 REQUESTED_MOVE=0.005395 EXECUTED_MOVE=0.005315 ATTEMPT=0 SUCCESS=0 TERMINATED=0 TRUNCATED=1
DAY4_RESET_GRIPPER=OPEN ANGLE_RAD=1.291172 EFFORT_NM=0.544254
DAY4_RESET_GRIPPER=AFTER_INITIAL_MOVE ANGLE_RAD=1.301017 EFFORT_NM=0.536426
TRIAL=046 VISUAL_CENTER=[0.18084445595741272, -0.06469596922397614, 0.015097657739963216] SURFACE=[0.18084445595741272, -0.06469596922397614, 0.030097657739963216] CONTOUR_DEG=0.00 AXIS_STD_DEG=0.00 FOOTPRINT=[0.030004587024450302, 0.030004587024450302] CONFIDENCE=0.9935
TRIAL=046 SELECTED_CONTOUR_ORIENTATION=+90.00deg TILT=0.0 LEAN=+1 SYMMETRY=1 IK_FK_POS_ERROR=0.000000m IK_FK_ORIENTATION_ERROR=0.000000rad FINGER_FK_LIFT=0.080000m FINGER_FK_DRIFT=0.000000m JOINT_MOTION=2.295330rad
DAY4_MOTION_DONE=1 ELAPSED_SIM=1.200 INITIAL_ERR=0.04660 FINAL_ERR=0.00063 ARM_V=0.00699
DAY4_STEP=1 EPISODE=046 STEP=01 DIST=0.030103 YAW_ERR_DEG=1.930 REQUESTED_MOVE=0.006096 EXECUTED_MOVE=0.006014 ATTEMPT=0 SUCCESS=0 TERMINATED=0 TRUNCATED=0
DAY4_MOTION_DONE=1 ELAPSED_SIM=1.200 INITIAL_ERR=0.04765 FINAL_ERR=0.00072 ARM_V=0.00795
DAY4_STEP=1 EPISODE=046 STEP=02 DIST=0.025551 YAW_ERR_DEG=1.630 REQUESTED_MOVE=0.005375 EXECUTED_MOVE=0.005294 ATTEMPT=0 SUCCESS=0 TERMINATED=0 TRUNCATED=0
DAY4_MOTION_DONE=1 ELAPSED_SIM=1.200 INITIAL_ERR=0.03146 FINAL_ERR=0.00047 ARM_V=0.00524
DAY4_STEP=1 EPISODE=046 STEP=03 DIST=0.021030 YAW_ERR_DEG=4.034 REQUESTED_MOVE=0.005431 EXECUTED_MOVE=0.005350 ATTEMPT=0 SUCCESS=0 TERMINATED=0 TRUNCATED=0
DAY4_MOTION_DONE=1 ELAPSED_SIM=1.200 INITIAL_ERR=0.03793 FINAL_ERR=0.00051 ARM_V=0.00569
DAY4_STEP=1 EPISODE=046 STEP=04 DIST=0.018095 YAW_ERR_DEG=5.431 REQUESTED_MOVE=0.003600 EXECUTED_MOVE=0.003551 ATTEMPT=0 SUCCESS=0 TERMINATED=0 TRUNCATED=0
DAY4_MOTION_DONE=1 ELAPSED_SIM=1.200 INITIAL_ERR=0.03222 FINAL_ERR=0.00048 ARM_V=0.00538
DAY4_STEP=1 EPISODE=046 STEP=05 DIST=0.014790 YAW_ERR_DEG=4.761 REQUESTED_MOVE=0.006164 EXECUTED_MOVE=0.006072 ATTEMPT=0 SUCCESS=0 TERMINATED=0 TRUNCATED=0
DAY4_MOTION_DONE=1 ELAPSED_SIM=1.236 INITIAL_ERR=0.06121 FINAL_ERR=0.00060 ARM_V=0.00670
DAY4_STEP=1 EPISODE=046 STEP=06 DIST=0.017475 YAW_ERR_DEG=8.457 REQUESTED_MOVE=0.003589 EXECUTED_MOVE=0.003554 ATTEMPT=0 SUCCESS=0 TERMINATED=0 TRUNCATED=0
DAY4_MOTION_DONE=1 ELAPSED_SIM=1.200 INITIAL_ERR=0.02559 FINAL_ERR=0.00038 ARM_V=0.00427
DAY4_STEP=1 EPISODE=046 STEP=07 DIST=0.019152 YAW_ERR_DEG=9.345 REQUESTED_MOVE=0.005096 EXECUTED_MOVE=0.005019 ATTEMPT=0 SUCCESS=0 TERMINATED=0 TRUNCATED=0
DAY4_MOTION_DONE=1 ELAPSED_SIM=1.200 INITIAL_ERR=0.04126 FINAL_ERR=0.00069 ARM_V=0.00764
DAY4_STEP=1 EPISODE=046 STEP=08 DIST=0.019050 YAW_ERR_DEG=7.777 REQUESTED_MOVE=0.003811 EXECUTED_MOVE=0.003747 ATTEMPT=0 SUCCESS=0 TERMINATED=0 TRUNCATED=0
DAY4_MOTION_DONE=1 ELAPSED_SIM=1.282 INITIAL_ERR=0.07859 FINAL_ERR=0.00056 ARM_V=0.00627
DAY4_STEP=1 EPISODE=046 STEP=09 DIST=0.018211 YAW_ERR_DEG=11.225 REQUESTED_MOVE=0.005507 EXECUTED_MOVE=0.005467 ATTEMPT=0 SUCCESS=0 TERMINATED=0 TRUNCATED=0
DAY4_MOTION_DONE=1 ELAPSED_SIM=1.242 INITIAL_ERR=0.05894 FINAL_ERR=0.00052 ARM_V=0.00581
DAY4_STEP=1 EPISODE=046 STEP=10 DIST=0.019116 YAW_ERR_DEG=7.641 REQUESTED_MOVE=0.002101 EXECUTED_MOVE=0.002083 ATTEMPT=0 SUCCESS=0 TERMINATED=0 TRUNCATED=0
DAY4_MOTION_DONE=1 ELAPSED_SIM=1.256 INITIAL_ERR=0.07608 FINAL_ERR=0.00061 ARM_V=0.00675
DAY4_STEP=1 EPISODE=046 STEP=11 DIST=0.024610 YAW_ERR_DEG=12.296 REQUESTED_MOVE=0.006074 EXECUTED_MOVE=0.006026 ATTEMPT=0 SUCCESS=0 TERMINATED=0 TRUNCATED=0
DAY4_MOTION_DONE=1 ELAPSED_SIM=1.248 INITIAL_ERR=0.06547 FINAL_ERR=0.00052 ARM_V=0.00581
DAY4_STEP=1 EPISODE=046 STEP=12 DIST=0.025146 YAW_ERR_DEG=10.473 REQUESTED_MOVE=0.007496 EXECUTED_MOVE=0.007436 ATTEMPT=0 SUCCESS=0 TERMINATED=0 TRUNCATED=0
DAY4_MOTION_DONE=1 ELAPSED_SIM=1.200 INITIAL_ERR=0.03034 FINAL_ERR=0.00046 ARM_V=0.00507
DAY4_STEP=1 EPISODE=046 STEP=13 DIST=0.023217 YAW_ERR_DEG=11.398 REQUESTED_MOVE=0.002619 EXECUTED_MOVE=0.002579 ATTEMPT=0 SUCCESS=0 TERMINATED=0 TRUNCATED=0
DAY4_MOTION_DONE=1 ELAPSED_SIM=1.200 INITIAL_ERR=0.03775 FINAL_ERR=0.00057 ARM_V=0.00630
DAY4_STEP=1 EPISODE=046 STEP=14 DIST=0.025779 YAW_ERR_DEG=9.631 REQUESTED_MOVE=0.003665 EXECUTED_MOVE=0.003610 ATTEMPT=0 SUCCESS=0 TERMINATED=0 TRUNCATED=0
DAY4_MOTION_DONE=1 ELAPSED_SIM=1.244 INITIAL_ERR=0.05968 FINAL_ERR=0.00053 ARM_V=0.00588
DAY4_STEP=1 EPISODE=046 STEP=15 DIST=0.024488 YAW_ERR_DEG=13.174 REQUESTED_MOVE=0.003299 EXECUTED_MOVE=0.003270 ATTEMPT=0 SUCCESS=0 TERMINATED=0 TRUNCATED=0
DAY4_MOTION_DONE=1 ELAPSED_SIM=1.252 INITIAL_ERR=0.06293 FINAL_ERR=0.00050 ARM_V=0.00557
DAY4_STEP=1 EPISODE=046 STEP=16 DIST=0.018204 YAW_ERR_DEG=14.802 REQUESTED_MOVE=0.007130 EXECUTED_MOVE=0.007073 ATTEMPT=0 SUCCESS=0 TERMINATED=0 TRUNCATED=0
DAY4_MOTION_DONE=1 ELAPSED_SIM=1.200 INITIAL_ERR=0.03411 FINAL_ERR=0.00046 ARM_V=0.00512
DAY4_STEP=1 EPISODE=046 STEP=17 DIST=0.017260 YAW_ERR_DEG=13.025 REQUESTED_MOVE=0.004353 EXECUTED_MOVE=0.004295 ATTEMPT=0 SUCCESS=0 TERMINATED=0 TRUNCATED=0
DAY4_MOTION_DONE=1 ELAPSED_SIM=1.248 INITIAL_ERR=0.06100 FINAL_ERR=0.00060 ARM_V=0.00668
DAY4_STEP=1 EPISODE=046 STEP=18 DIST=0.016831 YAW_ERR_DEG=14.947 REQUESTED_MOVE=0.005872 EXECUTED_MOVE=0.005815 ATTEMPT=0 SUCCESS=0 TERMINATED=0 TRUNCATED=0
DAY4_MOTION_DONE=1 ELAPSED_SIM=1.200 INITIAL_ERR=0.04542 FINAL_ERR=0.00068 ARM_V=0.00757
DAY4_STEP=1 EPISODE=046 STEP=19 DIST=0.016188 YAW_ERR_DEG=17.502 REQUESTED_MOVE=0.000997 EXECUTED_MOVE=0.000982 ATTEMPT=0 SUCCESS=0 TERMINATED=0 TRUNCATED=0
DAY4_MOTION_DONE=1 ELAPSED_SIM=1.200 INITIAL_ERR=0.04340 FINAL_ERR=0.00065 ARM_V=0.00723
DAY4_STEP=1 EPISODE=046 STEP=20 DIST=0.022364 YAW_ERR_DEG=21.470 REQUESTED_MOVE=0.006389 EXECUTED_MOVE=0.006293 ATTEMPT=0 SUCCESS=0 TERMINATED=0 TRUNCATED=1
DAY4_RESET_GRIPPER=OPEN ANGLE_RAD=1.291135 EFFORT_NM=0.548704
DAY4_RESET_GRIPPER=AFTER_INITIAL_MOVE ANGLE_RAD=1.302835 EFFORT_NM=0.534476
TRIAL=047 VISUAL_CENTER=[0.14587536454200745, -0.05645579844713211, 0.015093765593981415] SURFACE=[0.14587536454200745, -0.05645579844713211, 0.030093765593981414] CONTOUR_DEG=0.00 AXIS_STD_DEG=0.00 FOOTPRINT=[0.030002307146787643, 0.030002307146787643] CONFIDENCE=0.9900
TRIAL=047 SELECTED_CONTOUR_ORIENTATION=+90.00deg TILT=0.0 LEAN=-1 SYMMETRY=1 IK_FK_POS_ERROR=0.000000m IK_FK_ORIENTATION_ERROR=0.000000rad FINGER_FK_LIFT=0.080000m FINGER_FK_DRIFT=0.000000m JOINT_MOTION=2.156936rad
DAY4_MOTION_DONE=1 ELAPSED_SIM=1.200 INITIAL_ERR=0.04049 FINAL_ERR=0.00061 ARM_V=0.00675
DAY4_STEP=1 EPISODE=047 STEP=01 DIST=0.021162 YAW_ERR_DEG=2.989 REQUESTED_MOVE=0.004432 EXECUTED_MOVE=0.004366 ATTEMPT=0 SUCCESS=0 TERMINATED=0 TRUNCATED=0
DAY4_MOTION_DONE=1 ELAPSED_SIM=1.236 INITIAL_ERR=0.05818 FINAL_ERR=0.00057 ARM_V=0.00636
DAY4_STEP=1 EPISODE=047 STEP=02 DIST=0.020184 YAW_ERR_DEG=5.167 REQUESTED_MOVE=0.004069 EXECUTED_MOVE=0.004029 ATTEMPT=0 SUCCESS=0 TERMINATED=0 TRUNCATED=0
DAY4_MOTION_DONE=1 ELAPSED_SIM=1.202 INITIAL_ERR=0.04893 FINAL_ERR=0.00082 ARM_V=0.00907
DAY4_STEP=1 EPISODE=047 STEP=03 DIST=0.024483 YAW_ERR_DEG=2.505 REQUESTED_MOVE=0.005495 EXECUTED_MOVE=0.005403 ATTEMPT=0 SUCCESS=0 TERMINATED=0 TRUNCATED=0
DAY4_MOTION_DONE=1 ELAPSED_SIM=1.306 INITIAL_ERR=0.10860 FINAL_ERR=0.00051 ARM_V=0.00568
DAY4_STEP=1 EPISODE=047 STEP=04 DIST=0.020475 YAW_ERR_DEG=2.078 REQUESTED_MOVE=0.006197 EXECUTED_MOVE=0.006168 ATTEMPT=0 SUCCESS=0 TERMINATED=0 TRUNCATED=0
DAY4_MOTION_DONE=1 ELAPSED_SIM=1.200 INITIAL_ERR=0.03929 FINAL_ERR=0.00059 ARM_V=0.00656
DAY4_STEP=1 EPISODE=047 STEP=05 DIST=0.025001 YAW_ERR_DEG=1.953 REQUESTED_MOVE=0.006114 EXECUTED_MOVE=0.006023 ATTEMPT=0 SUCCESS=0 TERMINATED=0 TRUNCATED=0
DAY4_MOTION_DONE=1 ELAPSED_SIM=1.288 INITIAL_ERR=0.10389 FINAL_ERR=0.00054 ARM_V=0.00604
DAY4_STEP=1 EPISODE=047 STEP=06 DIST=0.028700 YAW_ERR_DEG=2.954 REQUESTED_MOVE=0.005363 EXECUTED_MOVE=0.005335 ATTEMPT=0 SUCCESS=0 TERMINATED=0 TRUNCATED=0
DAY4_MOTION_DONE=1 ELAPSED_SIM=1.200 INITIAL_ERR=0.04091 FINAL_ERR=0.00061 ARM_V=0.00682
DAY4_STEP=1 EPISODE=047 STEP=07 DIST=0.026836 YAW_ERR_DEG=6.096 REQUESTED_MOVE=0.003053 EXECUTED_MOVE=0.003007 ATTEMPT=0 SUCCESS=0 TERMINATED=0 TRUNCATED=0
DAY4_MOTION_DONE=1 ELAPSED_SIM=1.260 INITIAL_ERR=0.06321 FINAL_ERR=0.00056 ARM_V=0.00623
DAY4_STEP=1 EPISODE=047 STEP=08 DIST=0.029480 YAW_ERR_DEG=3.208 REQUESTED_MOVE=0.004473 EXECUTED_MOVE=0.004433 ATTEMPT=0 SUCCESS=0 TERMINATED=0 TRUNCATED=0
DAY4_MOTION_DONE=1 ELAPSED_SIM=1.200 INITIAL_ERR=0.04292 FINAL_ERR=0.00079 ARM_V=0.00883
DAY4_STEP=1 EPISODE=047 STEP=09 DIST=0.028386 YAW_ERR_DEG=1.426 REQUESTED_MOVE=0.002522 EXECUTED_MOVE=0.002475 ATTEMPT=0 SUCCESS=0 TERMINATED=0 TRUNCATED=0
DAY4_MOTION_DONE=1 ELAPSED_SIM=1.200 INITIAL_ERR=0.04253 FINAL_ERR=0.00057 ARM_V=0.00639
DAY4_STEP=1 EPISODE=047 STEP=10 DIST=0.030987 YAW_ERR_DEG=4.669 REQUESTED_MOVE=0.006395 EXECUTED_MOVE=0.006309 ATTEMPT=0 SUCCESS=0 TERMINATED=0 TRUNCATED=0
DAY4_MOTION_DONE=1 ELAPSED_SIM=1.200 INITIAL_ERR=0.03116 FINAL_ERR=0.00071 ARM_V=0.00791
DAY4_STEP=1 EPISODE=047 STEP=11 DIST=0.028988 YAW_ERR_DEG=5.349 REQUESTED_MOVE=0.004944 EXECUTED_MOVE=0.004831 ATTEMPT=0 SUCCESS=0 TERMINATED=0 TRUNCATED=0
DAY4_MOTION_DONE=1 ELAPSED_SIM=1.276 INITIAL_ERR=0.07656 FINAL_ERR=0.00055 ARM_V=0.00611
DAY4_STEP=1 EPISODE=047 STEP=12 DIST=0.033119 YAW_ERR_DEG=0.534 REQUESTED_MOVE=0.006188 EXECUTED_MOVE=0.006144 ATTEMPT=0 SUCCESS=0 TERMINATED=0 TRUNCATED=0
DAY4_MOTION_DONE=1 ELAPSED_SIM=1.296 INITIAL_ERR=0.09135 FINAL_ERR=0.00053 ARM_V=0.00590
DAY4_STEP=1 EPISODE=047 STEP=13 DIST=0.036382 YAW_ERR_DEG=3.955 REQUESTED_MOVE=0.006687 EXECUTED_MOVE=0.006648 ATTEMPT=0 SUCCESS=0 TERMINATED=0 TRUNCATED=0
DAY4_MOTION_DONE=1 ELAPSED_SIM=1.256 INITIAL_ERR=0.06181 FINAL_ERR=0.00055 ARM_V=0.00609
DAY4_STEP=1 EPISODE=047 STEP=14 DIST=0.040277 YAW_ERR_DEG=4.634 REQUESTED_MOVE=0.006674 EXECUTED_MOVE=0.006615 ATTEMPT=0 SUCCESS=0 TERMINATED=0 TRUNCATED=0
DAY4_MOTION_DONE=1 ELAPSED_SIM=1.200 INITIAL_ERR=0.02703 FINAL_ERR=0.00050 ARM_V=0.00557
DAY4_STEP=1 EPISODE=047 STEP=15 DIST=0.041599 YAW_ERR_DEG=4.540 REQUESTED_MOVE=0.004008 EXECUTED_MOVE=0.003934 ATTEMPT=0 SUCCESS=0 TERMINATED=0 TRUNCATED=0
DAY4_MOTION_DONE=1 ELAPSED_SIM=1.308 INITIAL_ERR=0.10318 FINAL_ERR=0.00060 ARM_V=0.00666
DAY4_STEP=1 EPISODE=047 STEP=16 DIST=0.046320 YAW_ERR_DEG=0.383 REQUESTED_MOVE=0.006554 EXECUTED_MOVE=0.006516 ATTEMPT=0 SUCCESS=0 TERMINATED=0 TRUNCATED=0
DAY4_MOTION_DONE=1 ELAPSED_SIM=1.200 INITIAL_ERR=0.03759 FINAL_ERR=0.00056 ARM_V=0.00627
DAY4_STEP=1 EPISODE=047 STEP=17 DIST=0.047407 YAW_ERR_DEG=0.136 REQUESTED_MOVE=0.003752 EXECUTED_MOVE=0.003696 ATTEMPT=0 SUCCESS=0 TERMINATED=0 TRUNCATED=0
DAY4_MOTION_DONE=1 ELAPSED_SIM=1.256 INITIAL_ERR=0.06175 FINAL_ERR=0.00055 ARM_V=0.00608
DAY4_STEP=1 EPISODE=047 STEP=18 DIST=0.048720 YAW_ERR_DEG=2.600 REQUESTED_MOVE=0.002985 EXECUTED_MOVE=0.002958 ATTEMPT=0 SUCCESS=0 TERMINATED=0 TRUNCATED=0
DAY4_MOTION_DONE=1 ELAPSED_SIM=1.200 INITIAL_ERR=0.04585 FINAL_ERR=0.00076 ARM_V=0.00849
DAY4_STEP=1 EPISODE=047 STEP=19 DIST=0.052133 YAW_ERR_DEG=3.286 REQUESTED_MOVE=0.004485 EXECUTED_MOVE=0.004411 ATTEMPT=0 SUCCESS=0 TERMINATED=0 TRUNCATED=0
DAY4_MOTION_DONE=1 ELAPSED_SIM=1.202 INITIAL_ERR=0.03694 FINAL_ERR=0.00055 ARM_V=0.00615
DAY4_STEP=1 EPISODE=047 STEP=20 DIST=0.055227 YAW_ERR_DEG=2.997 REQUESTED_MOVE=0.006037 EXECUTED_MOVE=0.005946 ATTEMPT=0 SUCCESS=0 TERMINATED=0 TRUNCATED=1
DAY4_RESET_GRIPPER=OPEN ANGLE_RAD=1.291225 EFFORT_NM=0.556500
DAY4_RESET_GRIPPER=AFTER_INITIAL_MOVE ANGLE_RAD=1.304088 EFFORT_NM=0.536931
[
  {
    "name": "world",
    "pid": 133268,
    "start_ticks": "20685661",
    "log": "/home/ubuntu/ros2_ws/day9/runtime/logs/20260923T083446_1790152486843898779_world.log",
    "args": [
      "ros2",
      "launch",
      "/home/ubuntu/ros2_ws/day9/world.launch.py",
      "gui:=false"
    ]
  },
  {
    "name": "moveit",
    "pid": 133269,
    "start_ticks": "20685661",
    "log": "/home/ubuntu/ros2_ws/day9/runtime/logs/20260923T083446_1790152486843898779_moveit.log",
    "args": [
      "ros2",
      "launch",
      "/home/ubuntu/ros2_ws/day9/moveit.launch.py"
    ]
  },
  {
    "name": "perception",
    "pid": 133270,
    "start_ticks": "20685661",
    "log": "/home/ubuntu/ros2_ws/day9/runtime/logs/20260923T083446_1790152486843898779_perception.log",
    "args": [
      "/usr/bin/python3",
      "/home/ubuntu/ros2_ws/day9/perception_v5.py",
      "--ros-args",
      "--params-file",
      "/home/ubuntu/ros2_ws/day9/perception_v5.yaml"
    ]
  }
]
{"purpose": "pilot", "method": "B", "seed": 20260909, "steps": 3000, "wall_limit_sec": 357222.6893489278, "config": {"schema_version": 4, "world_name": "robot_world", "block_name": "wood_block", "base_frame": "base_link", "tcp_link": "end_effector_link", "move_group": "arm", "arm_joints": ["joint1", "joint2", "joint3", "joint4", "joint5"], "initial_pose": [0.0, 0.16755160819145562, -1.1728612573401895, -1.8849555921538759, 0.0], "robot_spawn_world": [-0.2, 0.0, 0.75], "block_reset_world": [-0.01540777340756408, -0.012438901168749173, 0.765], "table_top_world_z": 0.75, "block_size_m": [0.03, 0.03, 0.03], "sampling": {"base_x_m": [0.1166613453786855, 0.25252310780618636], "base_y_m": [-0.10027086404686325, 0.07539306170936491], "rows": 5, "columns": 5, "samples_per_stratum": 2, "shuffle_seed": 20260825, "maximum_preflight_attempts": 500, "block_yaw_deg": 0.0}, "representative_points": {"center": [0.18459222659243593, -0.012438901168749173, 0.015], "far": [0.13392035813002465, -0.012688906328956265, 0.015], "near": [0.23526409505484722, -0.012188896008542081, 0.015], "left": [0.1849409066683234, -0.08311052621120449, 0.015], "right": [0.18424354651654845, 0.05823272387370615, 0.015]}, "topics": {"joint_states": "/joint_states", "gazebo_joint_states": "/day3_v5/gazebo_joint_states", "arm_command": "/arm_controller/joint_trajectory", "gripper_command": "/gripper_controller/commands", "left_contacts": "/day3_v5/left_finger/contacts", "right_contacts": "/day3_v5/right_finger/contacts", "block_contacts": "/day3_v5/block/contacts", "block_odometry": "/day3_v5/block/odometry", "rgb": "/depth_cam/rgbd/image", "depth": "/depth_cam/rgbd/depth_image", "camera_info": "/depth_cam/rgbd/camera_info", "target": "/grasp/target_point", "surface": "/grasp/target_surface", "footprint": "/grasp/target_footprint", "detected": "/grasp/detected", "confidence": "/grasp/target_confidence", "ik_service": "/compute_ik", "fk_service": "/compute_fk", "state_validity_service": "/check_state_validity", "planning_scene_service": "/apply_planning_scene"}, "perception": {"samples": 12, "confidence_minimum": 0.66, "maximum_std_m": 0.005, "maximum_axis_std_deg": 6.0, "object_side_m": [0.025, 0.04], "workspace_x_m": [0.1066613453786855, 0.2625231078061864], "workspace_y_m": [-0.11027086404686325, 0.0853930617093649], "workspace_z_m": [0.005, 0.045], "center_surface_delta_tolerance_m": 0.008}, "geometry": {"table_normal_base": [0.0, 0.0, 1.0], "urdf": "generated/day3_v5_robot.urdf", "left_finger_link": "l_out_link", "right_finger_link": "r_out_link", "left_finger_collision": "l_out_link_box_collision", "right_finger_collision": "r_out_link_box_collision", "gripper_driver_joint": "r_joint", "contact_center_insertion_m": -0.007, "minimum_table_clearance_m": 0.004, "table_center_base_m": [0.2, 0.0, -0.015], "table_size_m": [0.9, 0.6, 0.03], "pedestal_center_base_m": [0.2, 0.0, -0.39], "pedestal_size_m": [0.1, 0.1, 0.72]}, "orientation": {"tilt_min_deg": 0.0, "tilt_max_deg": 60.0, "tilt_step_deg": 7.5, "lean_signs": [-1, 1], "square_symmetries": [0, 1, 2, 3], "maximum_orientation_error_rad": 0.08, "position_weight": 150.0, "orientation_weight": 2.0, "joint_motion_weight": 0.08, "joint_margin_weight": 0.15, "deterministic_seed_count": 12, "seed_random_seed": 20260825}, "motion": {"pregrasp_clearance_m": 0.07, "lift_command_m": 0.08, "cartesian_step_m": 0.0025, "maximum_joint_step_rad": 0.25, "state_validity_joint_step_rad": 0.025, "arm_joint_tolerance_rad": 0.15, "joint_limit_margin_rad": 0.01, "ik_timeout_sec": 0.35, "service_timeout_wall_sec": 15.0, "tcp_position_tolerance_m": 0.004, "grasp_center_tolerance_m": 0.005, "grasp_settle_joint_error_rad": 0.03, "grasp_settle_velocity_rad_sec": 0.1, "grasp_settle_sim_sec": 0.3, "initial_duration_sec": 2.0, "pregrasp_duration_sec": 2.2, "descent_duration_sec": 1.8, "lift_duration_sec": 2.2, "place_duration_sec": 2.0, "retreat_duration_sec": 1.5, "safe_duration_sec": 2.0}, "gripper": {"open_target": 1.3, "open_minimum": 1.15, "close_target": 0.0, "command_rate_hz": 15.0, "dual_contact_stable_sim_sec": 0.2, "contact_dropout_sim_sec": 0.25, "stall_velocity_rad_sec": 0.01, "stall_duration_sim_sec": 0.3, "overclose_offset": 0.04, "search_effort_nm": 0.02, "hold_effort_nm": 0.008, "compensation_velocity_rad_sec": 0.005, "position_velocity_gain": 0.5, "velocity_proportional_gain_nm_sec_per_rad": 0.75, "velocity_integral_gain_nm_per_rad": 2.0, "hold_effort_limit_nm": 0.6, "open_hold_effort_nm": 1.2, "effort_limit_nm": 1.5, "penetration_fail_m": 0.003, "minimum_contact_closure_m": 0.0015, "early_contact_angle_margin_rad": 0.045, "early_contact_gap_margin_m": 0.0015, "contact_inside_margin_m": 0.008, "contact_normal_alignment_min": 0.45}, "verification": {"minimum_lift_m": 0.06, "hold_sim_sec": 5.0, "hold_wall_sec": 5.0, "minimum_hold_height_m": 0.055, "maximum_relative_slip_m": 0.003, "drop_stable_sim_sec": 0.2, "pregrip_xy_disturbance_m": 0.02, "pregrip_z_disturbance_m": 0.015, "place_height_tolerance_m": 0.012}, "reset": {"pose_tolerance_m": 0.006, "linear_speed_max_m_sec": 0.025, "angular_speed_max_rad_sec": 0.15, "stable_sim_sec": 0.2, "arm_settle_sim_sec": 0.5, "arm_settle_joint_error_rad": 0.03, "arm_settle_velocity_rad_sec": 0.05}, "timeouts": {"interfaces_wall_sec": 90.0, "camera_topics_wall_sec": 60.0, "visual_wall_sec": 30.0, "open_wall_sec": 120.0, "arm_wall_sec": 240.0, "dual_contact_wall_sec": 45.0, "stall_wall_sec": 45.0, "lift_wall_sec": 240.0, "hold_wall_sec": 240.0, "place_wall_sec": 240.0, "reset_wall_sec": 60.0, "clock_stall_wall_sec": 20.0}, "day4": {"sampling": {"base_x_m": [0.1166613453786855, 0.25252310780618636], "base_y_m": [-0.10027086404686325, 0.07539306170936491], "yaw_deg": [0.0, 0.0]}, "action_limit_m": 0.005, "yaw_action_limit_deg": 5.0, "start_clearance_m": 0.025, "start_duration_sec": 1.2, "step_duration_sec": 1.0, "step_timeout_wall_sec": 120.0, "step_settle_joint_error_rad": 0.01, "step_settle_velocity_rad_sec": 0.05, "step_settle_sim_sec": 0.2, "position_trigger_m": 0.006, "yaw_trigger_deg": 8.0, "max_steps": 20, "invalid_action_limit": 3, "reset_attempts": 5, "reward": {"approach_scale": 100.0, "success": 50.0, "drop": -30.0, "collision": -30.0}, "smoke": {"episodes": 100, "base_seed": 20260828, "policy_gain": 0.8, "minimum_grasp_attempt_rate": 0.9}, "step_min_execution_fraction": 1.0}, "day6": {"enable_residual": true, "model_path": "models/sac_smoke.zip", "deterministic": true, "residual_limit_m": 0.001, "residual_yaw_limit_deg": 1.0, "low_pass_alpha": 0.25, "live_check": {"fixed_center": true, "seed": 20260902}, "provenance": {"day5_tree_sha256": "2ee2feece30cfa6bce7f8960b7a4b3362d6d02cf7176ff8150147ff32d868155", "day5_file_count": 2099, "day5_directory_count": 281, "day5_symlink_count": 4, "source_model_sha256": "69e3b9cec696129805ec96969be9e738f553fc1d5ac93e8f47384033af11c9a5"}}, "day8": {"mode": "auto", "initial_level": "L0", "seed": 20260913, "results_path": "results/white_area_episodes.jsonl", "state_path": "runtime/white_area_curriculum_state.json", "window": 100, "minimum_dwell": 100, "promote_rate": 0.8, "demote_rate": 0.55, "technical_retries": 5, "stage_restarts": 2, "sdf_readback_significant_digits": 6, "service_timeout_sec": 30.0, "episode_timeout_sec": 1200, "perception_node": "/perception", "world_sdf": "simulations/robot_gazebo/worlds/grasp_table.sdf", "episode_sdf": "runtime/wood_block_episode.sdf", "nominal": {"mass_kg": 0.03, "mu": 6.0, "mu2": 6.0, "brightness": 1.0, "contrast": 1.0, "side_m": 0.03}, "levels": {"L0": {"position_fraction": 1.0, "mass_fraction": 0.0, "friction_fraction": 0.0, "rgb_fraction": 0.0, "pixel_std": 0.0, "depth_std_mm": 0.0, "invalid_fraction": 0.0, "translation_mm": 0.0, "rotation_deg": 0.0, "delay_ms": 0.0, "size_fraction": 0}, "L1": {"position_fraction": 1.0, "mass_fraction": 0.1, "friction_fraction": 0.1, "rgb_fraction": 0.1, "pixel_std": 2.0, "depth_std_mm": 0.1, "invalid_fraction": 0.01, "translation_mm": 2.0, "rotation_deg": 0.5, "delay_ms": 20.0, "size_fraction": 0.02}, "L2": {"position_fraction": 1.0, "mass_fraction": 0.2, "friction_fraction": 0.2, "rgb_fraction": 0.2, "pixel_std": 5.0, "depth_std_mm": 0.2, "invalid_fraction": 0.03, "translation_mm": 5.0, "rotation_deg": 1.0, "delay_ms": 50.0, "size_fraction": 0.035}, "L3": {"position_fraction": 1.0, "mass_fraction": 0.3, "friction_fraction": 0.3, "rgb_fraction": 0.3, "pixel_std": 8.0, "depth_std_mm": 0.3, "invalid_fraction": 0.05, "translation_mm": 8.0, "rotation_deg": 2.0, "delay_ms": 100.0, "size_fraction": 0.05}}, "position_grid_path": "results/position_grid.json", "white_area": {"frame": "base_link", "center_base_m": [0.18459222659243593, -0.012438901168749173, 0.0], "size_xy_m": [0.135, 0.175], "yaw_rad": -3.1366588877894728, "sampling": "continuous_uniform_full_footprint", "source": "GJYfighting/source-code@70502c8:jetarm/src/hiwonder_imgproc/color_detection/config/config.yaml", "table_projection": true}, "camera_mount": {"reference": "camera_calibration_hand", "hand_reference_z_m": 0.17145583202, "link4_translation_m": [-0.04500000000000002, 0.0, 0.07045583202000001], "source_hand_to_optical": [[0.0, 0.0, 1.0, -0.101], [-1.0, 0.0, 0.0, 0.0], [0.0, -1.0, 0.0, 0.045], [0.0, 0.0, 0.0, 1.0]], "derivation": "results/camera_repair_geometry.json"}}, "day9": {"status": "CANDIDATE_UNVALIDATED", "profile": "combined", "methods": ["A", "B", "F"], "seed_diagnostic": 20260908, "seed_pilot": 20260909, "seed_validation": 20260910, "formal_seeds": [20260911, 20260912, 20260913], "pilot_steps_per_method": 3000, "formal_steps_per_method_seed": 10000, "task_reset_failure": "count_failure_without_fake_transition", "P1": {"learning_rate": 0.0003, "gamma": 0.99, "tau": 0.005, "buffer_size": 100000, "batch_size": 128, "learning_starts": 1000, "train_freq": [1, "step"], "gradient_steps": 1, "ent_coef": "auto", "target_entropy": "auto", "target_update_interval": 1, "action_noise": null, "use_sde": false, "optimize_memory_usage": false, "device": "cpu"}, "policy_kwargs": {"net_arch": [64, 64], "activation_fn": "torch.nn.ReLU", "n_critics": 2, "optimizer_class": "torch.optim.Adam", "optimizer_kwargs": {"betas": [0.9, 0.999], "eps": 1e-08, "weight_decay": 0}}, "accepted_optimizations": ["open_servo", "reset_once", "no_resend"], "selection_note": "functional execution candidate; standalone speed benefits not established; opening target control costs time", "control_overrides": {"implemented_in": "day9_env.install_execution_audit", "closing_search_velocity_reference_rad_sec": -0.1, "closing_feedback_hard_bound_verified": false, "search_to_hold_preserve_integral": true, "opening_target_rad": 1.3, "opening_position_tolerance_rad": 0.01, "opening_velocity_reference_cap_rad_sec": 0.1, "opening_pi": [0.75, 2.0], "opening_effort_cap_nm": 1.5, "hold_unchanged": true}}}, "code_hashes": {"analyze_day9.py": "732a6277653843666fb63e0edb79d626c5a259e146a24e419812d5d7db2a12f9", "analyze_self_occlusion.py": "021159e7da66f9dde02fc6c62abdf58864cf33a4787a53ce369de707892a46bf", "config.yaml": "e9f60a524e088d1a0fe6572a085eb5a001839e76db71d1244f9a80c90b61e54d", "day4_env.py": "710b07661208fcf8474e14ae853d5d872d3ea04cf3660f6df5350760b3b53522", "day8_check.py": "9393336635604aba50938a0adcf0f3fdee36f97cc935f85d2f1bf6441b5fe08f", "day8_env.py": "c20c8c59cfafb9ecf3d222deb621af64bddcaf8f1a29b3bde434cfa1269fc537", "day9_env.py": "1a66fc310648c9d45eac697b058b2d03438b65975d7b004ae3ed85277ac30257", "day9_training.py": "51d28abe6cc02e620db77a9c10c93f623d0de6509223dd9de3af8c57497bebf7", "generated/camera_baseline/day3_v5_robot.sdf": "7316b273a6d2bed98ddc6853af26c76470b69d0e736d11a79e04e669a76d9595", "generated/camera_baseline/day3_v5_robot.urdf": "479818df56947f89bd0bfa6db6bed642f1b892a423aa4dcbb5571c88ec469fdc", "generated/day3_v5_robot.sdf": "ede63437936c6597baf51f0f42f1d094e63750ae42616768373defc2102086e1", "generated/day3_v5_robot.urdf": "928b1da749265fd660662bb42779c37dd7d4ba5001cbed816e59bdea1a1085ef", "grasp_geometry_v5.py": "fc1815d10cbcfbb64563268a1b2e978d952b76dc85bb4da522dacc6f46a80352", "io_probe.py": "01c5cd5cc8c6817658778fbb20815a75251ec78145065ad405c7bd97f9b212cc", "manage_day8.py": "3790ff7f3621944df43d904721715a1bde15da3216fd74b024bf907bbc4cfa4c", "manage_day9.py": "a149b0fab4e8862c6fef035c894423b528f0eb2c019c1e93d9845d70ecc910e1", "moveit.launch.py": "5f4395e957478022f0bc32acbbcf1f27e565cdf793a46169005a86a1312a01b5", "moveit_v5/jetarm_6dof.srdf": "050e781b46de6e20a8e380889c80fa323864715766db22108718a7ab7a41f358", "moveit_v5/joint_limits.yaml": "34100799bd26830db251e4384988c390fcf6d52da34f7f668b9d1c78b98d4f3f", "moveit_v5/kinematics.yaml": "1501ebb454f62845ae94011e0d7cb9150185b05fbd45cffd8fec181a750182b9", "moveit_v5/launch_defaults.yaml": "9b52d3771161f749276f21709054fbb411ccddd54c479accf797c9e7e36dd4e6", "moveit_v5/moveit_controllers.yaml": "6e81d67a80a63f0db24406a99e8efc8993a3a24482c20e7c523497bce4c5248f", "moveit_v5/pilz_cartesian_limits.yaml": "fed80b213b77f13fb7b913d703609a66caa72ccb0617b41e83d3057e31749047", "moveit_v5/sensors_3d.yaml": "2da018b37e1038d2d868499d8c6cdf56b95ceda2d859eba80744ed2e7ec246c2", "perception_v5.py": "8c0cd48399360b78dd807550332ef132cc397abdb1576bad2eda2020bd322b99", "perception_v5.yaml": "927b371725cc84f6c939ec085161c6037c2ae221c309213e140dd5090ae1afad", "repair_camera.py": "86eb2db1b1236f4b72859ac8327c6c187de73e02768bc612f08c38696e838a10", "residual_env.py": "caee2ca833a1b226216a80d71be626870e055b79d16824fc35d251c8c92afd95", "run_day9.py": "53e818b9a947d6d46ade067ebd735c866541bdc76168390fff49b275bb48e89c", "run_validation.py": "28ac3bea09c5c53475ea9f33098563dcc4075fb9f557bff598cb8740ac41c1b6", "session_env.sh": "5fa52760e00d761c6d62ecbac5faf769e2610749a0242c00f95e4a370e201502", "simulations/robot_gazebo/config/robot_config.yaml": "37ec82d26af5103bd193a50325465c55b993e43c05589fbf2f6fd9a848d6c35d", "simulations/robot_gazebo/worlds/grasp_table.sdf": "c626376a90506a7f4834ec1124ad66fcc4ac8ab067fcba2964cb6508c2873d6f", "test_day9_contract.py": "881124e19ae379729dffa0012363c21944508a001fef38e91860a23caaceda18", "visual_grasp_v5.py": "6c427a085323aba690965df860ac81f7f2e0e53be9458aea3ef44405f857d4c0", "white_area.py": "72fe11ce9de3f9470851f389c908c922f1bbe692b78eddc29adfe76506795069", "white_area_check.py": "a8707b567eaba2687a0748079a2b813dbd4e160cad3b133caffe30b051cff09c", "world.launch.py": "811932079c7c959111b394aedef8eb83227fb48cc2ec911dddf603ea42cd1446", "write_review.py": "1080defad05d80afad9ef4375d011ac45547f6d38e2682281973076d5a06e93f"}, "fresh": false, "initial": "models/pilot/B_20260909/latest.json", "resolved_execution": {"method": "B", "phase": "train", "profile": "combined", "flags": ["open_servo", "reset_once", "no_resend"], "curriculum_mode": "off", "domain_mode": "off", "internal_smoke_model_loaded": false, "source_reset_attempts": 5, "effective_reset_attempts": 1, "action": "direct SAC physical action", "action_limit_m": 0.005, "yaw_limit_rad": 0.08726646259971647, "base_gain": null, "residual_scale": null, "filter_alpha": null, "confidence_fusion_gate": false, "perception_validity_threshold": 0.66, "closing_search_reference_rad_sec": -0.1, "closing_actual_hard_speed_bound_verified": false, "closing_hold_pi": [0.75, 2.0], "hold_effort_limit_nm": 0.6, "overclose_rad": 0.04, "reward": {"approach_scale": 100.0, "success": 50.0, "drop": -30.0, "collision": -30.0}, "max_steps": 20, "hold_sim_sec": 5.0, "hold_wall_sec": 5.0, "full_trajectory_completion_required": true, "physics_step_sec": 0.002}, "max_task_reset_failures_consecutive": 20, "max_scene_attempts": 6000, "max_technical_retries": 1, "validation_steps": 0, "update_budget": 2000, "checkpoint_every_steps": 200, "checkpoint_max_wall_sec": 1800}
TRIAL=000 PHASE=CHECK_INTERFACES
DAY4_RESET_GRIPPER=OPEN ANGLE_RAD=1.291171 EFFORT_NM=0.011239
DAY4_RESET_GRIPPER=AFTER_INITIAL_MOVE ANGLE_RAD=1.291178 EFFORT_NM=0.534247
TRIAL=001 VISUAL_CENTER=[0.20015259087085724, -0.04165380820631981, 0.015099312471647516] SURFACE=[0.20015259087085724, -0.04165380820631981, 0.030099312471647516] CONTOUR_DEG=0.00 AXIS_STD_DEG=0.00 FOOTPRINT=[0.030003026127815247, 0.030003026127815247] CONFIDENCE=0.9948
TRIAL=001 SELECTED_CONTOUR_ORIENTATION=+90.00deg TILT=0.0 LEAN=-1 SYMMETRY=1 IK_FK_POS_ERROR=0.000000m IK_FK_ORIENTATION_ERROR=0.000000rad FINGER_FK_LIFT=0.080000m FINGER_FK_DRIFT=0.000000m JOINT_MOTION=2.406930rad
DAY4_MOTION_DONE=1 ELAPSED_SIM=1.202 INITIAL_ERR=0.01793 FINAL_ERR=0.00024 ARM_V=0.00269
DAY4_STEP=1 EPISODE=001 STEP=01 DIST=0.026599 YAW_ERR_DEG=0.583 REQUESTED_MOVE=0.002558 EXECUTED_MOVE=0.002523 ATTEMPT=0 SUCCESS=0 TERMINATED=0 TRUNCATED=0
DAY4_MOTION_DONE=1 ELAPSED_SIM=1.202 INITIAL_ERR=0.04518 FINAL_ERR=0.00068 ARM_V=0.00754
DAY4_STEP=1 EPISODE=001 STEP=02 DIST=0.023634 YAW_ERR_DEG=0.099 REQUESTED_MOVE=0.007171 EXECUTED_MOVE=0.007063 ATTEMPT=0 SUCCESS=0 TERMINATED=0 TRUNCATED=0
DAY4_MOTION_DONE=1 ELAPSED_SIM=1.202 INITIAL_ERR=0.04561 FINAL_ERR=0.00062 ARM_V=0.00685
DAY4_STEP=1 EPISODE=001 STEP=03 DIST=0.023615 YAW_ERR_DEG=1.874 REQUESTED_MOVE=0.004585 EXECUTED_MOVE=0.004523 ATTEMPT=0 SUCCESS=0 TERMINATED=0 TRUNCATED=0
DAY4_MOTION_DONE=1 ELAPSED_SIM=1.200 INITIAL_ERR=0.02799 FINAL_ERR=0.00038 ARM_V=0.00419
DAY4_STEP=1 EPISODE=001 STEP=04 DIST=0.026761 YAW_ERR_DEG=4.838 REQUESTED_MOVE=0.006133 EXECUTED_MOVE=0.006050 ATTEMPT=0 SUCCESS=0 TERMINATED=0 TRUNCATED=0
DAY4_MOTION_DONE=1 ELAPSED_SIM=1.226 INITIAL_ERR=0.05150 FINAL_ERR=0.00056 ARM_V=0.00626
DAY4_STEP=1 EPISODE=001 STEP=05 DIST=0.025512 YAW_ERR_DEG=2.054 REQUESTED_MOVE=0.001911 EXECUTED_MOVE=0.001890 ATTEMPT=0 SUCCESS=0 TERMINATED=0 TRUNCATED=0
DAY4_MOTION_DONE=1 ELAPSED_SIM=1.200 INITIAL_ERR=0.03785 FINAL_ERR=0.00051 ARM_V=0.00568
DAY4_STEP=1 EPISODE=001 STEP=06 DIST=0.023933 YAW_ERR_DEG=1.616 REQUESTED_MOVE=0.003985 EXECUTED_MOVE=0.003932 ATTEMPT=0 SUCCESS=0 TERMINATED=0 TRUNCATED=0
DAY4_MOTION_DONE=1 ELAPSED_SIM=1.232 INITIAL_ERR=0.05145 FINAL_ERR=0.00056 ARM_V=0.00625
DAY4_STEP=1 EPISODE=001 STEP=07 DIST=0.029311 YAW_ERR_DEG=0.038 REQUESTED_MOVE=0.006534 EXECUTED_MOVE=0.006463 ATTEMPT=0 SUCCESS=0 TERMINATED=0 TRUNCATED=0
DAY4_MOTION_DONE=1 ELAPSED_SIM=1.252 INITIAL_ERR=0.06602 FINAL_ERR=0.00058 ARM_V=0.00649
DAY4_STEP=1 EPISODE=001 STEP=08 DIST=0.035151 YAW_ERR_DEG=2.753 REQUESTED_MOVE=0.006107 EXECUTED_MOVE=0.006053 ATTEMPT=0 SUCCESS=0 TERMINATED=0 TRUNCATED=0
DAY4_MOTION_DONE=1 ELAPSED_SIM=1.200 INITIAL_ERR=0.03518 FINAL_ERR=0.00048 ARM_V=0.00528
DAY4_STEP=1 EPISODE=001 STEP=09 DIST=0.031293 YAW_ERR_DEG=2.890 REQUESTED_MOVE=0.004361 EXECUTED_MOVE=0.004302 ATTEMPT=0 SUCCESS=0 TERMINATED=0 TRUNCATED=0
DAY4_MOTION_DONE=1 ELAPSED_SIM=1.202 INITIAL_ERR=0.02337 FINAL_ERR=0.00035 ARM_V=0.00390
DAY4_STEP=1 EPISODE=001 STEP=10 DIST=0.027679 YAW_ERR_DEG=4.989 REQUESTED_MOVE=0.005493 EXECUTED_MOVE=0.005410 ATTEMPT=0 SUCCESS=0 TERMINATED=0 TRUNCATED=0
DAY4_MOTION_DONE=1 ELAPSED_SIM=1.200 INITIAL_ERR=0.04307 FINAL_ERR=0.00065 ARM_V=0.00718
DAY4_STEP=1 EPISODE=001 STEP=11 DIST=0.026318 YAW_ERR_DEG=7.144 REQUESTED_MOVE=0.002094 EXECUTED_MOVE=0.002062 ATTEMPT=0 SUCCESS=0 TERMINATED=0 TRUNCATED=0
DAY4_MOTION_DONE=1 ELAPSED_SIM=1.294 INITIAL_ERR=0.10283 FINAL_ERR=0.00054 ARM_V=0.00598
DAY4_STEP=1 EPISODE=001 STEP=12 DIST=0.023598 YAW_ERR_DEG=2.795 REQUESTED_MOVE=0.006414 EXECUTED_MOVE=0.006381 ATTEMPT=0 SUCCESS=0 TERMINATED=0 TRUNCATED=0
DAY4_MOTION_DONE=1 ELAPSED_SIM=1.200 INITIAL_ERR=0.04894 FINAL_ERR=0.00074 ARM_V=0.00817
DAY4_STEP=1 EPISODE=001 STEP=13 DIST=0.027256 YAW_ERR_DEG=5.742 REQUESTED_MOVE=0.005544 EXECUTED_MOVE=0.005461 ATTEMPT=0 SUCCESS=0 TERMINATED=0 TRUNCATED=0
DAY4_MOTION_DONE=1 ELAPSED_SIM=1.250 INITIAL_ERR=0.06676 FINAL_ERR=0.00059 ARM_V=0.00657
DAY4_STEP=1 EPISODE=001 STEP=14 DIST=0.027575 YAW_ERR_DEG=5.192 REQUESTED_MOVE=0.006368 EXECUTED_MOVE=0.006311 ATTEMPT=0 SUCCESS=0 TERMINATED=0 TRUNCATED=0
DAY4_MOTION_DONE=1 ELAPSED_SIM=1.282 INITIAL_ERR=0.09299 FINAL_ERR=0.00060 ARM_V=0.00668
DAY4_STEP=1 EPISODE=001 STEP=15 DIST=0.026886 YAW_ERR_DEG=9.588 REQUESTED_MOVE=0.003248 EXECUTED_MOVE=0.003227 ATTEMPT=0 SUCCESS=0 TERMINATED=0 TRUNCATED=0
DAY4_MOTION_DONE=1 ELAPSED_SIM=1.236 INITIAL_ERR=0.05934 FINAL_ERR=0.00058 ARM_V=0.00650
DAY4_STEP=1 EPISODE=001 STEP=16 DIST=0.033011 YAW_ERR_DEG=4.880 REQUESTED_MOVE=0.007344 EXECUTED_MOVE=0.007272 ATTEMPT=0 SUCCESS=0 TERMINATED=0 TRUNCATED=0
DAY4_MOTION_DONE=1 ELAPSED_SIM=1.200 INITIAL_ERR=0.01834 FINAL_ERR=0.00025 ARM_V=0.00276
DAY4_STEP=1 EPISODE=001 STEP=17 DIST=0.030019 YAW_ERR_DEG=4.503 REQUESTED_MOVE=0.003489 EXECUTED_MOVE=0.003442 ATTEMPT=0 SUCCESS=0 TERMINATED=0 TRUNCATED=0
DAY4_MOTION_DONE=1 ELAPSED_SIM=1.200 INITIAL_ERR=0.02379 FINAL_ERR=0.00032 ARM_V=0.00357
DAY4_STEP=1 EPISODE=001 STEP=18 DIST=0.029803 YAW_ERR_DEG=4.611 REQUESTED_MOVE=0.004929 EXECUTED_MOVE=0.004863 ATTEMPT=0 SUCCESS=0 TERMINATED=0 TRUNCATED=0
DAY4_MOTION_DONE=1 ELAPSED_SIM=1.202 INITIAL_ERR=0.04679 FINAL_ERR=0.00063 ARM_V=0.00703
DAY4_STEP=1 EPISODE=001 STEP=19 DIST=0.028805 YAW_ERR_DEG=7.940 REQUESTED_MOVE=0.004326 EXECUTED_MOVE=0.004268 ATTEMPT=0 SUCCESS=0 TERMINATED=0 TRUNCATED=0
DAY4_MOTION_DONE=1 ELAPSED_SIM=1.200 INITIAL_ERR=0.02489 FINAL_ERR=0.00037 ARM_V=0.00416
DAY4_STEP=1 EPISODE=001 STEP=20 DIST=0.026770 YAW_ERR_DEG=7.935 REQUESTED_MOVE=0.002715 EXECUTED_MOVE=0.002674 ATTEMPT=0 SUCCESS=0 TERMINATED=0 TRUNCATED=1
DAY4_RESET_GRIPPER=OPEN ANGLE_RAD=1.291208 EFFORT_NM=0.567573
DAY4_RESET_GRIPPER=AFTER_INITIAL_MOVE ANGLE_RAD=1.307482 EFFORT_NM=0.536372
TRIAL=002 VISUAL_CENTER=[0.23528175055980682, -0.05634141806513071, 0.015103528817204226] SURFACE=[0.23528175055980682, -0.05634141806513071, 0.030103528817204225] CONTOUR_DEG=0.00 AXIS_STD_DEG=0.00 FOOTPRINT=[0.029993880540132523, 0.029993880540132523] CONFIDENCE=0.9924
TRIAL=002 PHASE=OPEN_GRIPPER
TRIAL=002 PHASE=RETURN_OBSERVATION
DAY4_RESET_GRIPPER=OPEN ANGLE_RAD=1.291182 EFFORT_NM=0.534110
DAY4_RESET_GRIPPER=AFTER_INITIAL_MOVE ANGLE_RAD=1.298063 EFFORT_NM=0.531554
TRIAL=003 VISUAL_CENTER=[0.15558208525180817, 0.006173069588840008, 0.015094900324515367] SURFACE=[0.15558208525180817, 0.006173069588840008, 0.030094900324515367] CONTOUR_DEG=-0.00 AXIS_STD_DEG=0.00 FOOTPRINT=[0.029706163331866264, 0.029706163331866264] CONFIDENCE=0.9925
TRIAL=003 SELECTED_CONTOUR_ORIENTATION=+90.00deg TILT=0.0 LEAN=-1 SYMMETRY=1 IK_FK_POS_ERROR=0.000000m IK_FK_ORIENTATION_ERROR=0.000000rad FINGER_FK_LIFT=0.080000m FINGER_FK_DRIFT=0.000000m JOINT_MOTION=1.924401rad
DAY4_MOTION_DONE=1 ELAPSED_SIM=1.242 INITIAL_ERR=0.06670 FINAL_ERR=0.00059 ARM_V=0.00657
DAY4_STEP=1 EPISODE=003 STEP=01 DIST=0.025346 YAW_ERR_DEG=3.247 REQUESTED_MOVE=0.002239 EXECUTED_MOVE=0.002219 ATTEMPT=0 SUCCESS=0 TERMINATED=0 TRUNCATED=0
DAY4_MOTION_DONE=1 ELAPSED_SIM=1.200 INITIAL_ERR=0.03286 FINAL_ERR=0.00044 ARM_V=0.00493
DAY4_STEP=1 EPISODE=003 STEP=02 DIST=0.030441 YAW_ERR_DEG=1.572 REQUESTED_MOVE=0.006167 EXECUTED_MOVE=0.006083 ATTEMPT=0 SUCCESS=0 TERMINATED=0 TRUNCATED=0
DAY4_MOTION_DONE=1 ELAPSED_SIM=1.252 INITIAL_ERR=0.06734 FINAL_ERR=0.00060 ARM_V=0.00663
DAY4_STEP=1 EPISODE=003 STEP=03 DIST=0.032909 YAW_ERR_DEG=6.006 REQUESTED_MOVE=0.004062 EXECUTED_MOVE=0.004026 ATTEMPT=0 SUCCESS=0 TERMINATED=0 TRUNCATED=0
DAY4_MOTION_DONE=1 ELAPSED_SIM=1.202 INITIAL_ERR=0.04724 FINAL_ERR=0.00064 ARM_V=0.00708
DAY4_STEP=1 EPISODE=003 STEP=04 DIST=0.033250 YAW_ERR_DEG=8.581 REQUESTED_MOVE=0.004904 EXECUTED_MOVE=0.004838 ATTEMPT=0 SUCCESS=0 TERMINATED=0 TRUNCATED=0
DAY4_MOTION_DONE=1 ELAPSED_SIM=1.280 INITIAL_ERR=0.09250 FINAL_ERR=0.00060 ARM_V=0.00664
DAY4_STEP=1 EPISODE=003 STEP=05 DIST=0.031773 YAW_ERR_DEG=13.179 REQUESTED_MOVE=0.005943 EXECUTED_MOVE=0.005905 ATTEMPT=0 SUCCESS=0 TERMINATED=0 TRUNCATED=0
DAY4_MOTION_DONE=1 ELAPSED_SIM=1.270 INITIAL_ERR=0.07660 FINAL_ERR=0.00055 ARM_V=0.00611
DAY4_STEP=1 EPISODE=003 STEP=06 DIST=0.036404 YAW_ERR_DEG=17.339 REQUESTED_MOVE=0.005662 EXECUTED_MOVE=0.005622 ATTEMPT=0 SUCCESS=0 TERMINATED=0 TRUNCATED=0
DAY4_MOTION_DONE=1 ELAPSED_SIM=1.296 INITIAL_ERR=0.08529 FINAL_ERR=0.00055 ARM_V=0.00612
DAY4_STEP=1 EPISODE=003 STEP=07 DIST=0.035978 YAW_ERR_DEG=21.158 REQUESTED_MOVE=0.006462 EXECUTED_MOVE=0.006420 ATTEMPT=0 SUCCESS=0 TERMINATED=0 TRUNCATED=0
DAY4_MOTION_DONE=1 ELAPSED_SIM=1.202 INITIAL_ERR=0.02425 FINAL_ERR=0.00056 ARM_V=0.00617
DAY4_STEP=1 EPISODE=003 STEP=08 DIST=0.035006 YAW_ERR_DEG=21.179 REQUESTED_MOVE=0.005256 EXECUTED_MOVE=0.005136 ATTEMPT=0 SUCCESS=0 TERMINATED=0 TRUNCATED=0
DAY4_MOTION_DONE=1 ELAPSED_SIM=1.238 INITIAL_ERR=0.05680 FINAL_ERR=0.00050 ARM_V=0.00559
DAY4_STEP=1 EPISODE=003 STEP=09 DIST=0.040643 YAW_ERR_DEG=19.880 REQUESTED_MOVE=0.006851 EXECUTED_MOVE=0.006791 ATTEMPT=0 SUCCESS=0 TERMINATED=0 TRUNCATED=0
DAY4_MOTION_DONE=1 ELAPSED_SIM=1.228 INITIAL_ERR=0.05554 FINAL_ERR=0.00061 ARM_V=0.00675
DAY4_STEP=1 EPISODE=003 STEP=10 DIST=0.038774 YAW_ERR_DEG=15.271 REQUESTED_MOVE=0.005734 EXECUTED_MOVE=0.005671 ATTEMPT=0 SUCCESS=0 TERMINATED=0 TRUNCATED=0
DAY4_MOTION_DONE=1 ELAPSED_SIM=1.200 INITIAL_ERR=0.04426 FINAL_ERR=0.00101 ARM_V=0.01126
DAY4_STEP=1 EPISODE=003 STEP=11 DIST=0.037392 YAW_ERR_DEG=17.494 REQUESTED_MOVE=0.003589 EXECUTED_MOVE=0.003507 ATTEMPT=0 SUCCESS=0 TERMINATED=0 TRUNCATED=0
DAY4_MOTION_DONE=1 ELAPSED_SIM=1.344 INITIAL_ERR=0.09980 FINAL_ERR=0.00058 ARM_V=0.00644
DAY4_STEP=1 EPISODE=003 STEP=12 DIST=0.040273 YAW_ERR_DEG=21.970 REQUESTED_MOVE=0.005953 EXECUTED_MOVE=0.005918 ATTEMPT=0 SUCCESS=0 TERMINATED=0 TRUNCATED=0
DAY4_MOTION_DONE=1 ELAPSED_SIM=1.308 INITIAL_ERR=0.09977 FINAL_ERR=0.00058 ARM_V=0.00644
DAY4_STEP=1 EPISODE=003 STEP=13 DIST=0.042308 YAW_ERR_DEG=26.430 REQUESTED_MOVE=0.003913 EXECUTED_MOVE=0.003891 ATTEMPT=0 SUCCESS=0 TERMINATED=0 TRUNCATED=0
DAY4_MOTION_DONE=1 ELAPSED_SIM=1.266 INITIAL_ERR=0.05935 FINAL_ERR=0.00053 ARM_V=0.00584
DAY4_STEP=1 EPISODE=003 STEP=14 DIST=0.041473 YAW_ERR_DEG=30.198 REQUESTED_MOVE=0.003775 EXECUTED_MOVE=0.003741 ATTEMPT=0 SUCCESS=0 TERMINATED=0 TRUNCATED=0
DAY4_MOTION_DONE=1 ELAPSED_SIM=1.326 INITIAL_ERR=0.09153 FINAL_ERR=0.00059 ARM_V=0.00657
DAY4_STEP=1 EPISODE=003 STEP=15 DIST=0.043558 YAW_ERR_DEG=34.390 REQUESTED_MOVE=0.007484 EXECUTED_MOVE=0.007436 ATTEMPT=0 SUCCESS=0 TERMINATED=0 TRUNCATED=0
DAY4_MOTION_DONE=1 ELAPSED_SIM=1.306 INITIAL_ERR=0.07684 FINAL_ERR=0.00055 ARM_V=0.00613
DAY4_STEP=1 EPISODE=003 STEP=16 DIST=0.046457 YAW_ERR_DEG=38.322 REQUESTED_MOVE=0.004163 EXECUTED_MOVE=0.004133 ATTEMPT=0 SUCCESS=0 TERMINATED=0 TRUNCATED=0
DAY4_MOTION_DONE=1 ELAPSED_SIM=1.322 INITIAL_ERR=0.07798 FINAL_ERR=0.00056 ARM_V=0.00622
DAY4_STEP=1 EPISODE=003 STEP=17 DIST=0.038737 YAW_ERR_DEG=37.442 REQUESTED_MOVE=0.007778 EXECUTED_MOVE=0.007721 ATTEMPT=0 SUCCESS=0 TERMINATED=0 TRUNCATED=0
DAY4_MOTION_DONE=1 ELAPSED_SIM=1.236 INITIAL_ERR=0.05779 FINAL_ERR=0.00057 ARM_V=0.00632
DAY4_STEP=1 EPISODE=003 STEP=18 DIST=0.038688 YAW_ERR_DEG=40.790 REQUESTED_MOVE=0.005333 EXECUTED_MOVE=0.005281 ATTEMPT=0 SUCCESS=0 TERMINATED=0 TRUNCATED=0
DAY4_MOTION_DONE=1 ELAPSED_SIM=1.230 INITIAL_ERR=0.05195 FINAL_ERR=0.00057 ARM_V=0.00632
DAY4_STEP=1 EPISODE=003 STEP=19 DIST=0.034110 YAW_ERR_DEG=42.980 REQUESTED_MOVE=0.005832 EXECUTED_MOVE=0.005768 ATTEMPT=0 SUCCESS=0 TERMINATED=0 TRUNCATED=0
DAY4_MOTION_DONE=1 ELAPSED_SIM=1.244 INITIAL_ERR=0.05628 FINAL_ERR=0.00050 ARM_V=0.00554
DAY4_STEP=1 EPISODE=003 STEP=20 DIST=0.038113 YAW_ERR_DEG=39.406 REQUESTED_MOVE=0.004733 EXECUTED_MOVE=0.004691 ATTEMPT=0 SUCCESS=0 TERMINATED=0 TRUNCATED=1
DAY4_RESET_GRIPPER=OPEN ANGLE_RAD=1.291228 EFFORT_NM=0.542878
DAY4_RESET_GRIPPER=AFTER_INITIAL_MOVE ANGLE_RAD=1.302228 EFFORT_NM=0.529230
TRIAL=004 PHASE=OPEN_GRIPPER
TRIAL=004 PHASE=RETURN_OBSERVATION
DAY4_RESET_GRIPPER=OPEN ANGLE_RAD=1.291176 EFFORT_NM=0.534128
DAY4_RESET_GRIPPER=AFTER_INITIAL_MOVE ANGLE_RAD=1.298063 EFFORT_NM=0.531553
TRIAL=005 VISUAL_CENTER=[0.19187091290950775, -0.02526259794831276, 0.015098878139258629] SURFACE=[0.19187091290950775, -0.02526259794831276, 0.030098878139258628] CONTOUR_DEG=0.00 AXIS_STD_DEG=0.00 FOOTPRINT=[0.0298069529235363, 0.0298069529235363] CONFIDENCE=0.9913
TRIAL=005 SELECTED_CONTOUR_ORIENTATION=+90.00deg TILT=0.0 LEAN=-1 SYMMETRY=1 IK_FK_POS_ERROR=0.000000m IK_FK_ORIENTATION_ERROR=0.000000rad FINGER_FK_LIFT=0.080000m FINGER_FK_DRIFT=0.000000m JOINT_MOTION=2.181082rad
DAY4_MOTION_DONE=1 ELAPSED_SIM=1.268 INITIAL_ERR=0.07915 FINAL_ERR=0.00051 ARM_V=0.00568
DAY4_STEP=1 EPISODE=005 STEP=01 DIST=0.025170 YAW_ERR_DEG=3.275 REQUESTED_MOVE=0.005374 EXECUTED_MOVE=0.005339 ATTEMPT=0 SUCCESS=0 TERMINATED=0 TRUNCATED=0
DAY4_MOTION_DONE=1 ELAPSED_SIM=1.202 INITIAL_ERR=0.03942 FINAL_ERR=0.00053 ARM_V=0.00592
DAY4_STEP=1 EPISODE=005 STEP=02 DIST=0.022178 YAW_ERR_DEG=0.264 REQUESTED_MOVE=0.006372 EXECUTED_MOVE=0.006286 ATTEMPT=0 SUCCESS=0 TERMINATED=0 TRUNCATED=0
DAY4_MOTION_DONE=1 ELAPSED_SIM=1.200 INITIAL_ERR=0.02824 FINAL_ERR=0.00065 ARM_V=0.00719
DAY4_STEP=1 EPISODE=005 STEP=03 DIST=0.024944 YAW_ERR_DEG=1.577 REQUESTED_MOVE=0.004009 EXECUTED_MOVE=0.003916 ATTEMPT=0 SUCCESS=0 TERMINATED=0 TRUNCATED=0
DAY4_MOTION_DONE=1 ELAPSED_SIM=1.200 INITIAL_ERR=0.03822 FINAL_ERR=0.00052 ARM_V=0.00573
DAY4_STEP=1 EPISODE=005 STEP=04 DIST=0.027457 YAW_ERR_DEG=1.069 REQUESTED_MOVE=0.005377 EXECUTED_MOVE=0.005304 ATTEMPT=0 SUCCESS=0 TERMINATED=0 TRUNCATED=0
DAY4_MOTION_DONE=1 ELAPSED_SIM=1.228 INITIAL_ERR=0.05310 FINAL_ERR=0.00052 ARM_V=0.00581
DAY4_STEP=1 EPISODE=005 STEP=05 DIST=0.028827 YAW_ERR_DEG=2.465 REQUESTED_MOVE=0.006440 EXECUTED_MOVE=0.006377 ATTEMPT=0 SUCCESS=0 TERMINATED=0 TRUNCATED=0
DAY4_MOTION_DONE=1 ELAPSED_SIM=1.292 INITIAL_ERR=0.06006 FINAL_ERR=0.00053 ARM_V=0.00591
DAY4_STEP=1 EPISODE=005 STEP=06 DIST=0.030620 YAW_ERR_DEG=7.191 REQUESTED_MOVE=0.004670 EXECUTED_MOVE=0.004629 ATTEMPT=0 SUCCESS=0 TERMINATED=0 TRUNCATED=0
DAY4_MOTION_DONE=1 ELAPSED_SIM=1.202 INITIAL_ERR=0.01980 FINAL_ERR=0.00050 ARM_V=0.00560
DAY4_STEP=1 EPISODE=005 STEP=07 DIST=0.027754 YAW_ERR_DEG=7.180 REQUESTED_MOVE=0.004115 EXECUTED_MOVE=0.004010 ATTEMPT=0 SUCCESS=0 TERMINATED=0 TRUNCATED=0
DAY4_MOTION_DONE=1 ELAPSED_SIM=1.262 INITIAL_ERR=0.06362 FINAL_ERR=0.00051 ARM_V=0.00564
DAY4_STEP=1 EPISODE=005 STEP=08 DIST=0.032174 YAW_ERR_DEG=10.446 REQUESTED_MOVE=0.005616 EXECUTED_MOVE=0.005571 ATTEMPT=0 SUCCESS=0 TERMINATED=0 TRUNCATED=0
DAY4_MOTION_DONE=1 ELAPSED_SIM=1.272 INITIAL_ERR=0.05163 FINAL_ERR=0.00057 ARM_V=0.00629
DAY4_STEP=1 EPISODE=005 STEP=09 DIST=0.037973 YAW_ERR_DEG=8.907 REQUESTED_MOVE=0.007211 EXECUTED_MOVE=0.007133 ATTEMPT=0 SUCCESS=0 TERMINATED=0 TRUNCATED=0
DAY4_MOTION_DONE=1 ELAPSED_SIM=1.200 INITIAL_ERR=0.03873 FINAL_ERR=0.00058 ARM_V=0.00647
DAY4_STEP=1 EPISODE=005 STEP=10 DIST=0.036134 YAW_ERR_DEG=11.848 REQUESTED_MOVE=0.003869 EXECUTED_MOVE=0.003811 ATTEMPT=0 SUCCESS=0 TERMINATED=0 TRUNCATED=0
DAY4_MOTION_DONE=1 ELAPSED_SIM=1.342 INITIAL_ERR=0.09847 FINAL_ERR=0.00052 ARM_V=0.00572
DAY4_STEP=1 EPISODE=005 STEP=11 DIST=0.038495 YAW_ERR_DEG=16.219 REQUESTED_MOVE=0.005249 EXECUTED_MOVE=0.005221 ATTEMPT=0 SUCCESS=0 TERMINATED=0 TRUNCATED=0
DAY4_MOTION_DONE=1 ELAPSED_SIM=1.202 INITIAL_ERR=0.02091 FINAL_ERR=0.00031 ARM_V=0.00348
DAY4_STEP=1 EPISODE=005 STEP=12 DIST=0.036254 YAW_ERR_DEG=18.403 REQUESTED_MOVE=0.004381 EXECUTED_MOVE=0.004315 ATTEMPT=0 SUCCESS=0 TERMINATED=0 TRUNCATED=0
DAY4_MOTION_DONE=1 ELAPSED_SIM=1.284 INITIAL_ERR=0.09758 FINAL_ERR=0.00057 ARM_V=0.00631
DAY4_STEP=1 EPISODE=005 STEP=13 DIST=0.040825 YAW_ERR_DEG=13.663 REQUESTED_MOVE=0.005094 EXECUTED_MOVE=0.005064 ATTEMPT=0 SUCCESS=0 TERMINATED=0 TRUNCATED=0
DAY4_MOTION_DONE=1 ELAPSED_SIM=1.294 INITIAL_ERR=0.10236 FINAL_ERR=0.00059 ARM_V=0.00661
DAY4_STEP=1 EPISODE=005 STEP=14 DIST=0.043617 YAW_ERR_DEG=9.420 REQUESTED_MOVE=0.005055 EXECUTED_MOVE=0.005025 ATTEMPT=0 SUCCESS=0 TERMINATED=0 TRUNCATED=0
DAY4_MOTION_DONE=1 ELAPSED_SIM=1.202 INITIAL_ERR=0.02981 FINAL_ERR=0.00040 ARM_V=0.00448
DAY4_STEP=1 EPISODE=005 STEP=15 DIST=0.040239 YAW_ERR_DEG=8.822 REQUESTED_MOVE=0.005767 EXECUTED_MOVE=0.005689 ATTEMPT=0 SUCCESS=0 TERMINATED=0 TRUNCATED=0
DAY4_MOTION_DONE=1 ELAPSED_SIM=1.262 INITIAL_ERR=0.07026 FINAL_ERR=0.00050 ARM_V=0.00561
DAY4_STEP=1 EPISODE=005 STEP=16 DIST=0.039801 YAW_ERR_DEG=8.570 REQUESTED_MOVE=0.007445 EXECUTED_MOVE=0.007392 ATTEMPT=0 SUCCESS=0 TERMINATED=0 TRUNCATED=0
DAY4_MOTION_DONE=1 ELAPSED_SIM=1.202 INITIAL_ERR=0.02933 FINAL_ERR=0.00044 ARM_V=0.00489
DAY4_STEP=1 EPISODE=005 STEP=17 DIST=0.044275 YAW_ERR_DEG=9.106 REQUESTED_MOVE=0.004999 EXECUTED_MOVE=0.004924 ATTEMPT=0 SUCCESS=0 TERMINATED=0 TRUNCATED=0
DAY4_MOTION_DONE=1 ELAPSED_SIM=1.270 INITIAL_ERR=0.07957 FINAL_ERR=0.00051 ARM_V=0.00571
DAY4_STEP=1 EPISODE=005 STEP=18 DIST=0.040820 YAW_ERR_DEG=13.197 REQUESTED_MOVE=0.005104 EXECUTED_MOVE=0.005070 ATTEMPT=0 SUCCESS=0 TERMINATED=0 TRUNCATED=0
DAY4_MOTION_DONE=1 ELAPSED_SIM=1.200 INITIAL_ERR=0.02453 FINAL_ERR=0.00051 ARM_V=0.00562
DAY4_STEP=1 EPISODE=005 STEP=19 DIST=0.038031 YAW_ERR_DEG=11.353 REQUESTED_MOVE=0.003406 EXECUTED_MOVE=0.003336 ATTEMPT=0 SUCCESS=0 TERMINATED=0 TRUNCATED=0
DAY4_MOTION_DONE=1 ELAPSED_SIM=1.202 INITIAL_ERR=0.03743 FINAL_ERR=0.00077 ARM_V=0.00857
DAY4_STEP=1 EPISODE=005 STEP=20 DIST=0.032761 YAW_ERR_DEG=14.025 REQUESTED_MOVE=0.005968 EXECUTED_MOVE=0.005846 ATTEMPT=0 SUCCESS=0 TERMINATED=0 TRUNCATED=1
DAY4_RESET_GRIPPER=OPEN ANGLE_RAD=1.291181 EFFORT_NM=0.555572
DAY4_RESET_GRIPPER=AFTER_INITIAL_MOVE ANGLE_RAD=1.304388 EFFORT_NM=0.536115
TRIAL=006 VISUAL_CENTER=[0.21964040398597717, 0.017215339466929436, 0.015101827958086261] SURFACE=[0.21964040398597717, 0.017215339466929436, 0.03010182795808626] CONTOUR_DEG=0.00 AXIS_STD_DEG=0.00 FOOTPRINT=[0.029617007821798325, 0.029617007821798325] CONFIDENCE=0.9946
TRIAL=006 SELECTED_CONTOUR_ORIENTATION=+90.00deg TILT=0.0 LEAN=+1 SYMMETRY=1 IK_FK_POS_ERROR=0.000000m IK_FK_ORIENTATION_ERROR=0.000000rad FINGER_FK_LIFT=0.080000m FINGER_FK_DRIFT=0.000000m JOINT_MOTION=2.946779rad
DAY4_MOTION_DONE=1 ELAPSED_SIM=1.242 INITIAL_ERR=0.05947 FINAL_ERR=0.00059 ARM_V=0.00651
DAY4_STEP=1 EPISODE=006 STEP=01 DIST=0.027634 YAW_ERR_DEG=3.721 REQUESTED_MOVE=0.003302 EXECUTED_MOVE=0.003269 ATTEMPT=0 SUCCESS=0 TERMINATED=0 TRUNCATED=0
DAY4_MOTION_DONE=1 ELAPSED_SIM=1.202 INITIAL_ERR=0.04814 FINAL_ERR=0.00099 ARM_V=0.01103
DAY4_STEP=1 EPISODE=006 STEP=02 DIST=0.024878 YAW_ERR_DEG=2.157 REQUESTED_MOVE=0.006541 EXECUTED_MOVE=0.006406 ATTEMPT=0 SUCCESS=0 TERMINATED=0 TRUNCATED=0
DAY4_MOTION_DONE=1 ELAPSED_SIM=1.270 INITIAL_ERR=0.05673 FINAL_ERR=0.00050 ARM_V=0.00559
DAY4_STEP=1 EPISODE=006 STEP=03 DIST=0.026718 YAW_ERR_DEG=0.929 REQUESTED_MOVE=0.005050 EXECUTED_MOVE=0.005004 ATTEMPT=0 SUCCESS=0 TERMINATED=0 TRUNCATED=0
DAY4_MOTION_DONE=1 ELAPSED_SIM=1.288 INITIAL_ERR=0.07403 FINAL_ERR=0.00053 ARM_V=0.00591
DAY4_STEP=1 EPISODE=006 STEP=04 DIST=0.031764 YAW_ERR_DEG=3.950 REQUESTED_MOVE=0.005633 EXECUTED_MOVE=0.005592 ATTEMPT=0 SUCCESS=0 TERMINATED=0 TRUNCATED=0
DAY4_MOTION_DONE=1 ELAPSED_SIM=1.272 INITIAL_ERR=0.07349 FINAL_ERR=0.00059 ARM_V=0.00652
DAY4_STEP=1 EPISODE=006 STEP=05 DIST=0.029124 YAW_ERR_DEG=2.076 REQUESTED_MOVE=0.004800 EXECUTED_MOVE=0.004760 ATTEMPT=0 SUCCESS=0 TERMINATED=0 TRUNCATED=0
DAY4_MOTION_DONE=1 ELAPSED_SIM=1.200 INITIAL_ERR=0.03214 FINAL_ERR=0.00048 ARM_V=0.00536
DAY4_STEP=1 EPISODE=006 STEP=06 DIST=0.028975 YAW_ERR_DEG=0.842 REQUESTED_MOVE=0.004572 EXECUTED_MOVE=0.004504 ATTEMPT=0 SUCCESS=0 TERMINATED=0 TRUNCATED=0
DAY4_MOTION_DONE=1 ELAPSED_SIM=1.350 INITIAL_ERR=0.10531 FINAL_ERR=0.00050 ARM_V=0.00551
DAY4_STEP=1 EPISODE=006 STEP=07 DIST=0.028000 YAW_ERR_DEG=5.638 REQUESTED_MOVE=0.006204 EXECUTED_MOVE=0.006175 ATTEMPT=0 SUCCESS=0 TERMINATED=0 TRUNCATED=0
DAY4_MOTION_DONE=1 ELAPSED_SIM=1.298 INITIAL_ERR=0.08414 FINAL_ERR=0.00060 ARM_V=0.00671
DAY4_STEP=1 EPISODE=006 STEP=08 DIST=0.024016 YAW_ERR_DEG=3.301 REQUESTED_MOVE=0.007504 EXECUTED_MOVE=0.007449 ATTEMPT=0 SUCCESS=0 TERMINATED=0 TRUNCATED=0
DAY4_MOTION_DONE=1 ELAPSED_SIM=1.262 INITIAL_ERR=0.06402 FINAL_ERR=0.00051 ARM_V=0.00568
DAY4_STEP=1 EPISODE=006 STEP=09 DIST=0.023445 YAW_ERR_DEG=6.072 REQUESTED_MOVE=0.004816 EXECUTED_MOVE=0.004778 ATTEMPT=0 SUCCESS=0 TERMINATED=0 TRUNCATED=0
DAY4_MOTION_DONE=1 ELAPSED_SIM=1.300 INITIAL_ERR=0.06631 FINAL_ERR=0.00053 ARM_V=0.00588
DAY4_STEP=1 EPISODE=006 STEP=10 DIST=0.028546 YAW_ERR_DEG=3.366 REQUESTED_MOVE=0.006849 EXECUTED_MOVE=0.006795 ATTEMPT=0 SUCCESS=0 TERMINATED=0 TRUNCATED=0
DAY4_MOTION_DONE=1 ELAPSED_SIM=1.200 INITIAL_ERR=0.03822 FINAL_ERR=0.00064 ARM_V=0.00709
DAY4_STEP=1 EPISODE=006 STEP=11 DIST=0.024786 YAW_ERR_DEG=6.137 REQUESTED_MOVE=0.007117 EXECUTED_MOVE=0.006997 ATTEMPT=0 SUCCESS=0 TERMINATED=0 TRUNCATED=0
DAY4_MOTION_DONE=1 ELAPSED_SIM=1.202 INITIAL_ERR=0.04365 FINAL_ERR=0.00065 ARM_V=0.00727
DAY4_STEP=1 EPISODE=006 STEP=12 DIST=0.028707 YAW_ERR_DEG=9.585 REQUESTED_MOVE=0.005335 EXECUTED_MOVE=0.005255 ATTEMPT=0 SUCCESS=0 TERMINATED=0 TRUNCATED=0
DAY4_MOTION_DONE=1 ELAPSED_SIM=1.294 INITIAL_ERR=0.05865 FINAL_ERR=0.00058 ARM_V=0.00641
DAY4_STEP=1 EPISODE=006 STEP=13 DIST=0.032079 YAW_ERR_DEG=13.662 REQUESTED_MOVE=0.004283 EXECUTED_MOVE=0.004242 ATTEMPT=0 SUCCESS=0 TERMINATED=0 TRUNCATED=0
DAY4_MOTION_DONE=1 ELAPSED_SIM=1.266 INITIAL_ERR=0.06685 FINAL_ERR=0.00053 ARM_V=0.00592
DAY4_STEP=1 EPISODE=006 STEP=14 DIST=0.035416 YAW_ERR_DEG=13.514 REQUESTED_MOVE=0.005893 EXECUTED_MOVE=0.005847 ATTEMPT=0 SUCCESS=0 TERMINATED=0 TRUNCATED=0
DAY4_MOTION_DONE=1 ELAPSED_SIM=1.332 INITIAL_ERR=0.09952 FINAL_ERR=0.00052 ARM_V=0.00579
DAY4_STEP=1 EPISODE=006 STEP=15 DIST=0.034538 YAW_ERR_DEG=18.100 REQUESTED_MOVE=0.005637 EXECUTED_MOVE=0.005607 ATTEMPT=0 SUCCESS=0 TERMINATED=0 TRUNCATED=0
DAY4_MOTION_DONE=1 ELAPSED_SIM=1.328 INITIAL_ERR=0.09315 FINAL_ERR=0.00054 ARM_V=0.00602
DAY4_STEP=1 EPISODE=006 STEP=16 DIST=0.036759 YAW_ERR_DEG=13.711 REQUESTED_MOVE=0.004146 EXECUTED_MOVE=0.004122 ATTEMPT=0 SUCCESS=0 TERMINATED=0 TRUNCATED=0
DAY4_MOTION_DONE=1 ELAPSED_SIM=1.230 INITIAL_ERR=0.05336 FINAL_ERR=0.00058 ARM_V=0.00648
DAY4_STEP=1 EPISODE=006 STEP=17 DIST=0.036905 YAW_ERR_DEG=10.810 REQUESTED_MOVE=0.000801 EXECUTED_MOVE=0.000792 ATTEMPT=0 SUCCESS=0 TERMINATED=0 TRUNCATED=0
DAY4_MOTION_DONE=1 ELAPSED_SIM=1.306 INITIAL_ERR=0.06702 FINAL_ERR=0.00054 ARM_V=0.00595
DAY4_STEP=1 EPISODE=006 STEP=18 DIST=0.036743 YAW_ERR_DEG=15.366 REQUESTED_MOVE=0.003945 EXECUTED_MOVE=0.003913 ATTEMPT=0 SUCCESS=0 TERMINATED=0 TRUNCATED=0
DAY4_MOTION_DONE=1 ELAPSED_SIM=1.312 INITIAL_ERR=0.10011 FINAL_ERR=0.00052 ARM_V=0.00582
DAY4_STEP=1 EPISODE=006 STEP=19 DIST=0.032592 YAW_ERR_DEG=18.373 REQUESTED_MOVE=0.007088 EXECUTED_MOVE=0.007049 ATTEMPT=0 SUCCESS=0 TERMINATED=0 TRUNCATED=0
DAY4_MOTION_DONE=1 ELAPSED_SIM=1.202 INITIAL_ERR=0.02712 FINAL_ERR=0.00037 ARM_V=0.00407
DAY4_STEP=1 EPISODE=006 STEP=20 DIST=0.033815 YAW_ERR_DEG=15.939 REQUESTED_MOVE=0.005373 EXECUTED_MOVE=0.005300 ATTEMPT=0 SUCCESS=0 TERMINATED=0 TRUNCATED=1
DAY4_RESET_GRIPPER=OPEN ANGLE_RAD=1.291210 EFFORT_NM=0.562127
DAY4_RESET_GRIPPER=AFTER_INITIAL_MOVE ANGLE_RAD=1.306274 EFFORT_NM=0.534424
TRIAL=007 VISUAL_CENTER=[0.17253203690052032, 0.002230820246040821, 0.015097061674856624] SURFACE=[0.17253203690052032, 0.002230820246040821, 0.030097061674856623] CONTOUR_DEG=0.00 AXIS_STD_DEG=0.00 FOOTPRINT=[0.029983798041939735, 0.029983798041939735] CONFIDENCE=0.9931
TRIAL=007 SELECTED_CONTOUR_ORIENTATION=+90.00deg TILT=0.0 LEAN=-1 SYMMETRY=1 IK_FK_POS_ERROR=0.000000m IK_FK_ORIENTATION_ERROR=0.000000rad FINGER_FK_LIFT=0.080000m FINGER_FK_DRIFT=0.000000m JOINT_MOTION=1.956409rad
DAY4_MOTION_DONE=1 ELAPSED_SIM=1.200 INITIAL_ERR=0.03376 FINAL_ERR=0.00051 ARM_V=0.00563
DAY4_STEP=1 EPISODE=007 STEP=01 DIST=0.027698 YAW_ERR_DEG=1.741 REQUESTED_MOVE=0.003525 EXECUTED_MOVE=0.003473 ATTEMPT=0 SUCCESS=0 TERMINATED=0 TRUNCATED=0
DAY4_MOTION_DONE=1 ELAPSED_SIM=1.202 INITIAL_ERR=0.03610 FINAL_ERR=0.00091 ARM_V=0.01013
DAY4_STEP=1 EPISODE=007 STEP=02 DIST=0.029133 YAW_ERR_DEG=0.849 REQUESTED_MOVE=0.005563 EXECUTED_MOVE=0.005422 ATTEMPT=0 SUCCESS=0 TERMINATED=0 TRUNCATED=0
DAY4_MOTION_DONE=1 ELAPSED_SIM=1.202 INITIAL_ERR=0.03214 FINAL_ERR=0.00048 ARM_V=0.00535
DAY4_STEP=1 EPISODE=007 STEP=03 DIST=0.029840 YAW_ERR_DEG=0.494 REQUESTED_MOVE=0.004260 EXECUTED_MOVE=0.004197 ATTEMPT=0 SUCCESS=0 TERMINATED=0 TRUNCATED=0
DAY4_MOTION_DONE=1 ELAPSED_SIM=1.308 INITIAL_ERR=0.08612 FINAL_ERR=0.00050 ARM_V=0.00556
DAY4_STEP=1 EPISODE=007 STEP=04 DIST=0.031591 YAW_ERR_DEG=3.015 REQUESTED_MOVE=0.005903 EXECUTED_MOVE=0.005869 ATTEMPT=0 SUCCESS=0 TERMINATED=0 TRUNCATED=0
DAY4_MOTION_DONE=1 ELAPSED_SIM=1.202 INITIAL_ERR=0.04202 FINAL_ERR=0.00078 ARM_V=0.00866
DAY4_STEP=1 EPISODE=007 STEP=05 DIST=0.031372 YAW_ERR_DEG=2.588 REQUESTED_MOVE=0.005848 EXECUTED_MOVE=0.005739 ATTEMPT=0 SUCCESS=0 TERMINATED=0 TRUNCATED=0
DAY4_MOTION_DONE=1 ELAPSED_SIM=1.268 INITIAL_ERR=0.07095 FINAL_ERR=0.00051 ARM_V=0.00566
DAY4_STEP=1 EPISODE=007 STEP=06 DIST=0.032413 YAW_ERR_DEG=6.686 REQUESTED_MOVE=0.001242 EXECUTED_MOVE=0.001233 ATTEMPT=0 SUCCESS=0 TERMINATED=0 TRUNCATED=0
DAY4_MOTION_DONE=1 ELAPSED_SIM=1.222 INITIAL_ERR=0.05495 FINAL_ERR=0.00060 ARM_V=0.00668
DAY4_STEP=1 EPISODE=007 STEP=07 DIST=0.037139 YAW_ERR_DEG=6.037 REQUESTED_MOVE=0.005520 EXECUTED_MOVE=0.005460 ATTEMPT=0 SUCCESS=0 TERMINATED=0 TRUNCATED=0
DAY4_MOTION_DONE=1 ELAPSED_SIM=1.202 INITIAL_ERR=0.02497 FINAL_ERR=0.00057 ARM_V=0.00635
DAY4_STEP=1 EPISODE=007 STEP=08 DIST=0.039635 YAW_ERR_DEG=3.931 REQUESTED_MOVE=0.003174 EXECUTED_MOVE=0.003102 ATTEMPT=0 SUCCESS=0 TERMINATED=0 TRUNCATED=0
DAY4_MOTION_DONE=1 ELAPSED_SIM=1.200 INITIAL_ERR=0.02852 FINAL_ERR=0.00053 ARM_V=0.00587
DAY4_STEP=1 EPISODE=007 STEP=09 DIST=0.042615 YAW_ERR_DEG=3.733 REQUESTED_MOVE=0.006142 EXECUTED_MOVE=0.006028 ATTEMPT=0 SUCCESS=0 TERMINATED=0 TRUNCATED=0
DAY4_MOTION_DONE=1 ELAPSED_SIM=1.200 INITIAL_ERR=0.02311 FINAL_ERR=0.00043 ARM_V=0.00475
DAY4_STEP=1 EPISODE=007 STEP=10 DIST=0.041727 YAW_ERR_DEG=5.563 REQUESTED_MOVE=0.004565 EXECUTED_MOVE=0.004480 ATTEMPT=0 SUCCESS=0 TERMINATED=0 TRUNCATED=0
DAY4_MOTION_DONE=1 ELAPSED_SIM=1.202 INITIAL_ERR=0.02925 FINAL_ERR=0.00044 ARM_V=0.00488
DAY4_STEP=1 EPISODE=007 STEP=11 DIST=0.042033 YAW_ERR_DEG=4.782 REQUESTED_MOVE=0.004501 EXECUTED_MOVE=0.004434 ATTEMPT=0 SUCCESS=0 TERMINATED=0 TRUNCATED=0
DAY4_MOTION_DONE=1 ELAPSED_SIM=1.298 INITIAL_ERR=0.05708 FINAL_ERR=0.00050 ARM_V=0.00561
DAY4_STEP=1 EPISODE=007 STEP=12 DIST=0.037834 YAW_ERR_DEG=2.998 REQUESTED_MOVE=0.005745 EXECUTED_MOVE=0.005694 ATTEMPT=0 SUCCESS=0 TERMINATED=0 TRUNCATED=0
DAY4_MOTION_DONE=1 ELAPSED_SIM=1.290 INITIAL_ERR=0.05735 FINAL_ERR=0.00051 ARM_V=0.00565
DAY4_STEP=1 EPISODE=007 STEP=13 DIST=0.038224 YAW_ERR_DEG=7.345 REQUESTED_MOVE=0.005876 EXECUTED_MOVE=0.005824 ATTEMPT=0 SUCCESS=0 TERMINATED=0 TRUNCATED=0
DAY4_MOTION_DONE=1 ELAPSED_SIM=1.328 INITIAL_ERR=0.10030 FINAL_ERR=0.00052 ARM_V=0.00583
DAY4_STEP=1 EPISODE=007 STEP=14 DIST=0.039336 YAW_ERR_DEG=11.573 REQUESTED_MOVE=0.004997 EXECUTED_MOVE=0.004971 ATTEMPT=0 SUCCESS=0 TERMINATED=0 TRUNCATED=0
DAY4_MOTION_DONE=1 ELAPSED_SIM=1.284 INITIAL_ERR=0.06177 FINAL_ERR=0.00055 ARM_V=0.00608
DAY4_STEP=1 EPISODE=007 STEP=15 DIST=0.041636 YAW_ERR_DEG=9.072 REQUESTED_MOVE=0.004144 EXECUTED_MOVE=0.004107 ATTEMPT=0 SUCCESS=0 TERMINATED=0 TRUNCATED=0
DAY4_MOTION_DONE=1 ELAPSED_SIM=1.322 INITIAL_ERR=0.08662 FINAL_ERR=0.00050 ARM_V=0.00560
DAY4_STEP=1 EPISODE=007 STEP=16 DIST=0.037333 YAW_ERR_DEG=5.604 REQUESTED_MOVE=0.007428 EXECUTED_MOVE=0.007384 ATTEMPT=0 SUCCESS=0 TERMINATED=0 TRUNCATED=0
DAY4_MOTION_DONE=1 ELAPSED_SIM=1.356 INITIAL_ERR=0.11020 FINAL_ERR=0.00052 ARM_V=0.00577
DAY4_STEP=1 EPISODE=007 STEP=17 DIST=0.032661 YAW_ERR_DEG=10.480 REQUESTED_MOVE=0.006500 EXECUTED_MOVE=0.006469 ATTEMPT=0 SUCCESS=0 TERMINATED=0 TRUNCATED=0
DAY4_MOTION_DONE=1 ELAPSED_SIM=1.202 INITIAL_ERR=0.04973 FINAL_ERR=0.00114 ARM_V=0.01264
DAY4_STEP=1 EPISODE=007 STEP=18 DIST=0.029984 YAW_ERR_DEG=11.871 REQUESTED_MOVE=0.004821 EXECUTED_MOVE=0.004710 ATTEMPT=0 SUCCESS=0 TERMINATED=0 TRUNCATED=0
DAY4_MOTION_DONE=1 ELAPSED_SIM=1.200 INITIAL_ERR=0.04357 FINAL_ERR=0.00059 ARM_V=0.00653
DAY4_STEP=1 EPISODE=007 STEP=19 DIST=0.027399 YAW_ERR_DEG=15.571 REQUESTED_MOVE=0.004382 EXECUTED_MOVE=0.004323 ATTEMPT=0 SUCCESS=0 TERMINATED=0 TRUNCATED=0
DAY4_MOTION_DONE=1 ELAPSED_SIM=1.202 INITIAL_ERR=0.02427 FINAL_ERR=0.00036 ARM_V=0.00405
DAY4_STEP=1 EPISODE=007 STEP=20 DIST=0.031714 YAW_ERR_DEG=16.073 REQUESTED_MOVE=0.005370 EXECUTED_MOVE=0.005289 ATTEMPT=0 SUCCESS=0 TERMINATED=0 TRUNCATED=1
DAY4_RESET_GRIPPER=OPEN ANGLE_RAD=1.291229 EFFORT_NM=0.551221
DAY4_RESET_GRIPPER=AFTER_INITIAL_MOVE ANGLE_RAD=1.303388 EFFORT_NM=0.535503
TRIAL=008 VISUAL_CENTER=[0.18606415390968323, -0.006674673408269882, 0.015098213401616586] SURFACE=[0.18606415390968323, -0.006674673408269882, 0.030098213401616586] CONTOUR_DEG=0.00 AXIS_STD_DEG=0.00 FOOTPRINT=[0.02968084067106247, 0.02968084067106247] CONFIDENCE=0.9928
TRIAL=008 SELECTED_CONTOUR_ORIENTATION=+90.00deg TILT=0.0 LEAN=-1 SYMMETRY=1 IK_FK_POS_ERROR=0.000000m IK_FK_ORIENTATION_ERROR=0.000000rad FINGER_FK_LIFT=0.080000m FINGER_FK_DRIFT=0.000000m JOINT_MOTION=2.065466rad
DAY4_MOTION_DONE=1 ELAPSED_SIM=1.234 INITIAL_ERR=0.05982 FINAL_ERR=0.00059 ARM_V=0.00655
DAY4_STEP=1 EPISODE=008 STEP=01 DIST=0.028096 YAW_ERR_DEG=3.516 REQUESTED_MOVE=0.005180 EXECUTED_MOVE=0.005130 ATTEMPT=0 SUCCESS=0 TERMINATED=0 TRUNCATED=0
DAY4_MOTION_DONE=1 ELAPSED_SIM=1.202 INITIAL_ERR=0.04187 FINAL_ERR=0.00096 ARM_V=0.01065
DAY4_STEP=1 EPISODE=008 STEP=02 DIST=0.032539 YAW_ERR_DEG=1.092 REQUESTED_MOVE=0.008136 EXECUTED_MOVE=0.007951 ATTEMPT=0 SUCCESS=0 TERMINATED=0 TRUNCATED=0
DAY4_MOTION_DONE=1 ELAPSED_SIM=1.202 INITIAL_ERR=0.04343 FINAL_ERR=0.00065 ARM_V=0.00724
DAY4_STEP=1 EPISODE=008 STEP=03 DIST=0.032695 YAW_ERR_DEG=1.949 REQUESTED_MOVE=0.004742 EXECUTED_MOVE=0.004671 ATTEMPT=0 SUCCESS=0 TERMINATED=0 TRUNCATED=0
DAY4_MOTION_DONE=1 ELAPSED_SIM=1.302 INITIAL_ERR=0.07132 FINAL_ERR=0.00051 ARM_V=0.00569
DAY4_STEP=1 EPISODE=008 STEP=04 DIST=0.035751 YAW_ERR_DEG=5.527 REQUESTED_MOVE=0.005578 EXECUTED_MOVE=0.005539 ATTEMPT=0 SUCCESS=0 TERMINATED=0 TRUNCATED=0
DAY4_MOTION_DONE=1 ELAPSED_SIM=1.302 INITIAL_ERR=0.06364 FINAL_ERR=0.00056 ARM_V=0.00626
DAY4_STEP=1 EPISODE=008 STEP=05 DIST=0.040793 YAW_ERR_DEG=5.121 REQUESTED_MOVE=0.006388 EXECUTED_MOVE=0.006332 ATTEMPT=0 SUCCESS=0 TERMINATED=0 TRUNCATED=0
DAY4_MOTION_DONE=1 ELAPSED_SIM=1.248 INITIAL_ERR=0.05667 FINAL_ERR=0.00050 ARM_V=0.00558
DAY4_STEP=1 EPISODE=008 STEP=06 DIST=0.037524 YAW_ERR_DEG=7.312 REQUESTED_MOVE=0.004425 EXECUTED_MOVE=0.004386 ATTEMPT=0 SUCCESS=0 TERMINATED=0 TRUNCATED=0
DAY4_MOTION_DONE=1 ELAPSED_SIM=1.296 INITIAL_ERR=0.05660 FINAL_ERR=0.00050 ARM_V=0.00558
DAY4_STEP=1 EPISODE=008 STEP=07 DIST=0.040446 YAW_ERR_DEG=4.028 REQUESTED_MOVE=0.003596 EXECUTED_MOVE=0.003564 ATTEMPT=0 SUCCESS=0 TERMINATED=0 TRUNCATED=0
DAY4_MOTION_DONE=1 ELAPSED_SIM=1.298 INITIAL_ERR=0.06350 FINAL_ERR=0.00051 ARM_V=0.00563
DAY4_STEP=1 EPISODE=008 STEP=08 DIST=0.036158 YAW_ERR_DEG=1.508 REQUESTED_MOVE=0.007138 EXECUTED_MOVE=0.007080 ATTEMPT=0 SUCCESS=0 TERMINATED=0 TRUNCATED=0
DAY4_MOTION_DONE=1 ELAPSED_SIM=1.202 INITIAL_ERR=0.04692 FINAL_ERR=0.00119 ARM_V=0.01325
DAY4_STEP=1 EPISODE=008 STEP=09 DIST=0.036557 YAW_ERR_DEG=1.356 REQUESTED_MOVE=0.000989 EXECUTED_MOVE=0.000964 ATTEMPT=0 SUCCESS=0 TERMINATED=0 TRUNCATED=0
DAY4_MOTION_DONE=1 ELAPSED_SIM=1.202 INITIAL_ERR=0.03082 FINAL_ERR=0.00051 ARM_V=0.00570
DAY4_STEP=1 EPISODE=008 STEP=10 DIST=0.034107 YAW_ERR_DEG=4.196 REQUESTED_MOVE=0.005727 EXECUTED_MOVE=0.005631 ATTEMPT=0 SUCCESS=0 TERMINATED=0 TRUNCATED=0
DAY4_MOTION_DONE=1 ELAPSED_SIM=1.284 INITIAL_ERR=0.06853 FINAL_ERR=0.00055 ARM_V=0.00607
DAY4_STEP=1 EPISODE=008 STEP=11 DIST=0.037510 YAW_ERR_DEG=5.153 REQUESTED_MOVE=0.007092 EXECUTED_MOVE=0.007036 ATTEMPT=0 SUCCESS=0 TERMINATED=0 TRUNCATED=0
DAY4_MOTION_DONE=1 ELAPSED_SIM=1.252 INITIAL_ERR=0.05392 FINAL_ERR=0.00053 ARM_V=0.00590
DAY4_STEP=1 EPISODE=008 STEP=12 DIST=0.039402 YAW_ERR_DEG=2.110 REQUESTED_MOVE=0.004070 EXECUTED_MOVE=0.004030 ATTEMPT=0 SUCCESS=0 TERMINATED=0 TRUNCATED=0
DAY4_MOTION_DONE=1 ELAPSED_SIM=1.310 INITIAL_ERR=0.07246 FINAL_ERR=0.00052 ARM_V=0.00578
DAY4_STEP=1 EPISODE=008 STEP=13 DIST=0.044983 YAW_ERR_DEG=2.056 REQUESTED_MOVE=0.007216 EXECUTED_MOVE=0.007165 ATTEMPT=0 SUCCESS=0 TERMINATED=0 TRUNCATED=0
DAY4_MOTION_DONE=1 ELAPSED_SIM=1.318 INITIAL_ERR=0.08433 FINAL_ERR=0.00061 ARM_V=0.00673
DAY4_STEP=1 EPISODE=008 STEP=14 DIST=0.040186 YAW_ERR_DEG=5.540 REQUESTED_MOVE=0.006705 EXECUTED_MOVE=0.006657 ATTEMPT=0 SUCCESS=0 TERMINATED=0 TRUNCATED=0
DAY4_MOTION_DONE=1 ELAPSED_SIM=1.258 INITIAL_ERR=0.06469 FINAL_ERR=0.00052 ARM_V=0.00573
DAY4_STEP=1 EPISODE=008 STEP=15 DIST=0.037005 YAW_ERR_DEG=3.821 REQUESTED_MOVE=0.005392 EXECUTED_MOVE=0.005348 ATTEMPT=0 SUCCESS=0 TERMINATED=0 TRUNCATED=0
DAY4_MOTION_DONE=1 ELAPSED_SIM=1.302 INITIAL_ERR=0.06487 FINAL_ERR=0.00058 ARM_V=0.00639
DAY4_STEP=1 EPISODE=008 STEP=16 DIST=0.032794 YAW_ERR_DEG=7.018 REQUESTED_MOVE=0.004573 EXECUTED_MOVE=0.004533 ATTEMPT=0 SUCCESS=0 TERMINATED=0 TRUNCATED=0
DAY4_MOTION_DONE=1 ELAPSED_SIM=1.202 INITIAL_ERR=0.03313 FINAL_ERR=0.00084 ARM_V=0.00937
DAY4_STEP=1 EPISODE=008 STEP=17 DIST=0.037334 YAW_ERR_DEG=4.746 REQUESTED_MOVE=0.005116 EXECUTED_MOVE=0.004986 ATTEMPT=0 SUCCESS=0 TERMINATED=0 TRUNCATED=0
DAY4_MOTION_DONE=1 ELAPSED_SIM=1.308 INITIAL_ERR=0.06826 FINAL_ERR=0.00054 ARM_V=0.00604
DAY4_STEP=1 EPISODE=008 STEP=18 DIST=0.042501 YAW_ERR_DEG=0.021 REQUESTED_MOVE=0.007064 EXECUTED_MOVE=0.007009 ATTEMPT=0 SUCCESS=0 TERMINATED=0 TRUNCATED=0
DAY4_MOTION_DONE=1 ELAPSED_SIM=1.202 INITIAL_ERR=0.03094 FINAL_ERR=0.00071 ARM_V=0.00789
DAY4_STEP=1 EPISODE=008 STEP=19 DIST=0.045203 YAW_ERR_DEG=0.537 REQUESTED_MOVE=0.004824 EXECUTED_MOVE=0.004715 ATTEMPT=0 SUCCESS=0 TERMINATED=0 TRUNCATED=0
DAY4_MOTION_DONE=1 ELAPSED_SIM=1.202 INITIAL_ERR=0.02949 FINAL_ERR=0.00068 ARM_V=0.00751
DAY4_STEP=1 EPISODE=008 STEP=20 DIST=0.041751 YAW_ERR_DEG=1.130 REQUESTED_MOVE=0.005563 EXECUTED_MOVE=0.005436 ATTEMPT=0 SUCCESS=0 TERMINATED=0 TRUNCATED=1
DAY4_RESET_GRIPPER=OPEN ANGLE_RAD=1.291199 EFFORT_NM=0.556320
DAY4_RESET_GRIPPER=AFTER_INITIAL_MOVE ANGLE_RAD=1.304741 EFFORT_NM=0.534388
TRIAL=009 VISUAL_CENTER=[0.1492186188697815, -0.022086475044488907, 0.015094588931074265] SURFACE=[0.1492186188697815, -0.022086475044488907, 0.030094588931074265] CONTOUR_DEG=0.00 AXIS_STD_DEG=0.00 FOOTPRINT=[0.03000304102897644, 0.03000304102897644] CONFIDENCE=0.9891
TRIAL=009 SELECTED_CONTOUR_ORIENTATION=+90.00deg TILT=0.0 LEAN=-1 SYMMETRY=1 IK_FK_POS_ERROR=0.000000m IK_FK_ORIENTATION_ERROR=0.000000rad FINGER_FK_LIFT=0.080000m FINGER_FK_DRIFT=0.000000m JOINT_MOTION=1.972887rad
DAY4_MOTION_DONE=1 ELAPSED_SIM=1.202 INITIAL_ERR=0.04197 FINAL_ERR=0.00057 ARM_V=0.00630
DAY4_STEP=1 EPISODE=009 STEP=01 DIST=0.024274 YAW_ERR_DEG=2.145 REQUESTED_MOVE=0.006783 EXECUTED_MOVE=0.006692 ATTEMPT=0 SUCCESS=0 TERMINATED=0 TRUNCATED=0
DAY4_MOTION_DONE=1 ELAPSED_SIM=1.202 INITIAL_ERR=0.03353 FINAL_ERR=0.00045 ARM_V=0.00503
DAY4_STEP=1 EPISODE=009 STEP=02 DIST=0.024017 YAW_ERR_DEG=2.749 REQUESTED_MOVE=0.003784 EXECUTED_MOVE=0.003733 ATTEMPT=0 SUCCESS=0 TERMINATED=0 TRUNCATED=0
DAY4_MOTION_DONE=1 ELAPSED_SIM=1.334 INITIAL_ERR=0.09685 FINAL_ERR=0.00056 ARM_V=0.00626
DAY4_STEP=1 EPISODE=009 STEP=03 DIST=0.021143 YAW_ERR_DEG=6.490 REQUESTED_MOVE=0.005716 EXECUTED_MOVE=0.005683 ATTEMPT=0 SUCCESS=0 TERMINATED=0 TRUNCATED=0
DAY4_MOTION_DONE=1 ELAPSED_SIM=1.284 INITIAL_ERR=0.08574 FINAL_ERR=0.00050 ARM_V=0.00554
DAY4_STEP=1 EPISODE=009 STEP=04 DIST=0.025498 YAW_ERR_DEG=10.057 REQUESTED_MOVE=0.005494 EXECUTED_MOVE=0.005463 ATTEMPT=0 SUCCESS=0 TERMINATED=0 TRUNCATED=0
DAY4_MOTION_DONE=1 ELAPSED_SIM=1.202 INITIAL_ERR=0.03414 FINAL_ERR=0.00063 ARM_V=0.00703
DAY4_STEP=1 EPISODE=009 STEP=05 DIST=0.023860 YAW_ERR_DEG=11.992 REQUESTED_MOVE=0.004017 EXECUTED_MOVE=0.003942 ATTEMPT=0 SUCCESS=0 TERMINATED=0 TRUNCATED=0
DAY4_MOTION_DONE=1 ELAPSED_SIM=1.312 INITIAL_ERR=0.07139 FINAL_ERR=0.00057 ARM_V=0.00632
DAY4_STEP=1 EPISODE=009 STEP=06 DIST=0.027788 YAW_ERR_DEG=16.265 REQUESTED_MOVE=0.004655 EXECUTED_MOVE=0.004617 ATTEMPT=0 SUCCESS=0 TERMINATED=0 TRUNCATED=0
DAY4_MOTION_DONE=1 ELAPSED_SIM=1.238 INITIAL_ERR=0.05374 FINAL_ERR=0.00053 ARM_V=0.00588
DAY4_STEP=1 EPISODE=009 STEP=07 DIST=0.032504 YAW_ERR_DEG=20.424 REQUESTED_MOVE=0.005705 EXECUTED_MOVE=0.005649 ATTEMPT=0 SUCCESS=0 TERMINATED=0 TRUNCATED=0
DAY4_MOTION_DONE=1 ELAPSED_SIM=1.298 INITIAL_ERR=0.08324 FINAL_ERR=0.00054 ARM_V=0.00597
DAY4_STEP=1 EPISODE=009 STEP=08 DIST=0.036765 YAW_ERR_DEG=24.981 REQUESTED_MOVE=0.004544 EXECUTED_MOVE=0.004515 ATTEMPT=0 SUCCESS=0 TERMINATED=0 TRUNCATED=0
DAY4_MOTION_DONE=1 ELAPSED_SIM=1.284 INITIAL_ERR=0.08645 FINAL_ERR=0.00050 ARM_V=0.00558
DAY4_STEP=1 EPISODE=009 STEP=09 DIST=0.038069 YAW_ERR_DEG=29.814 REQUESTED_MOVE=0.002113 EXECUTED_MOVE=0.002101 ATTEMPT=0 SUCCESS=0 TERMINATED=0 TRUNCATED=0
DAY4_MOTION_DONE=1 ELAPSED_SIM=1.266 INITIAL_ERR=0.07496 FINAL_ERR=0.00054 ARM_V=0.00598
DAY4_STEP=1 EPISODE=009 STEP=10 DIST=0.037100 YAW_ERR_DEG=32.180 REQUESTED_MOVE=0.005543 EXECUTED_MOVE=0.005503 ATTEMPT=0 SUCCESS=0 TERMINATED=0 TRUNCATED=0
DAY4_MOTION_DONE=1 ELAPSED_SIM=1.288 INITIAL_ERR=0.05794 FINAL_ERR=0.00051 ARM_V=0.00571
DAY4_STEP=1 EPISODE=009 STEP=11 DIST=0.035932 YAW_ERR_DEG=28.916 REQUESTED_MOVE=0.004999 EXECUTED_MOVE=0.004955 ATTEMPT=0 SUCCESS=0 TERMINATED=0 TRUNCATED=0
DAY4_MOTION_DONE=1 ELAPSED_SIM=1.202 INITIAL_ERR=0.03424 FINAL_ERR=0.00087 ARM_V=0.00966
DAY4_STEP=1 EPISODE=009 STEP=12 DIST=0.039680 YAW_ERR_DEG=30.521 REQUESTED_MOVE=0.004929 EXECUTED_MOVE=0.004804 ATTEMPT=0 SUCCESS=0 TERMINATED=0 TRUNCATED=0
DAY4_MOTION_DONE=1 ELAPSED_SIM=1.314 INITIAL_ERR=0.07692 FINAL_ERR=0.00050 ARM_V=0.00552
DAY4_STEP=1 EPISODE=009 STEP=13 DIST=0.035842 YAW_ERR_DEG=27.781 REQUESTED_MOVE=0.006733 EXECUTED_MOVE=0.006689 ATTEMPT=0 SUCCESS=0 TERMINATED=0 TRUNCATED=0
DAY4_MOTION_DONE=1 ELAPSED_SIM=1.202 INITIAL_ERR=0.03568 FINAL_ERR=0.00091 ARM_V=0.01013
DAY4_STEP=1 EPISODE=009 STEP=14 DIST=0.035839 YAW_ERR_DEG=28.715 REQUESTED_MOVE=0.003055 EXECUTED_MOVE=0.002977 ATTEMPT=0 SUCCESS=0 TERMINATED=0 TRUNCATED=0
DAY4_MOTION_DONE=1 ELAPSED_SIM=1.202 INITIAL_ERR=0.02543 FINAL_ERR=0.00047 ARM_V=0.00524
DAY4_STEP=1 EPISODE=009 STEP=15 DIST=0.037165 YAW_ERR_DEG=31.182 REQUESTED_MOVE=0.004271 EXECUTED_MOVE=0.004191 ATTEMPT=0 SUCCESS=0 TERMINATED=0 TRUNCATED=0
DAY4_MOTION_DONE=1 ELAPSED_SIM=1.264 INITIAL_ERR=0.08025 FINAL_ERR=0.00052 ARM_V=0.00576
DAY4_STEP=1 EPISODE=009 STEP=16 DIST=0.039190 YAW_ERR_DEG=34.642 REQUESTED_MOVE=0.003903 EXECUTED_MOVE=0.003877 ATTEMPT=0 SUCCESS=0 TERMINATED=0 TRUNCATED=0
DAY4_MOTION_DONE=1 ELAPSED_SIM=1.282 INITIAL_ERR=0.05937 FINAL_ERR=0.00059 ARM_V=0.00650
DAY4_STEP=1 EPISODE=009 STEP=17 DIST=0.038777 YAW_ERR_DEG=29.860 REQUESTED_MOVE=0.004720 EXECUTED_MOVE=0.004674 ATTEMPT=0 SUCCESS=0 TERMINATED=0 TRUNCATED=0
DAY4_MOTION_DONE=1 ELAPSED_SIM=1.334 INITIAL_ERR=0.11507 FINAL_ERR=0.00060 ARM_V=0.00669
DAY4_STEP=1 EPISODE=009 STEP=18 DIST=0.034998 YAW_ERR_DEG=24.958 REQUESTED_MOVE=0.006565 EXECUTED_MOVE=0.006531 ATTEMPT=0 SUCCESS=0 TERMINATED=0 TRUNCATED=0
DAY4_MOTION_DONE=1 ELAPSED_SIM=1.248 INITIAL_ERR=0.05907 FINAL_ERR=0.00058 ARM_V=0.00646
DAY4_STEP=1 EPISODE=009 STEP=19 DIST=0.039980 YAW_ERR_DEG=20.324 REQUESTED_MOVE=0.005916 EXECUTED_MOVE=0.005857 ATTEMPT=0 SUCCESS=0 TERMINATED=0 TRUNCATED=0
DAY4_MOTION_DONE=1 ELAPSED_SIM=1.326 INITIAL_ERR=0.08226 FINAL_ERR=0.00053 ARM_V=0.00590
DAY4_STEP=1 EPISODE=009 STEP=20 DIST=0.041267 YAW_ERR_DEG=16.698 REQUESTED_MOVE=0.003077 EXECUTED_MOVE=0.003057 ATTEMPT=0 SUCCESS=0 TERMINATED=0 TRUNCATED=1
DAY4_RESET_GRIPPER=OPEN ANGLE_RAD=1.291213 EFFORT_NM=0.543772
DAY4_RESET_GRIPPER=AFTER_INITIAL_MOVE ANGLE_RAD=1.301785 EFFORT_NM=0.533260
TRIAL=010 VISUAL_CENTER=[0.2065572440624237, 0.03268563002347946, 0.015100373804359996] SURFACE=[0.2065572440624237, 0.03268563002347946, 0.030100373804359995] CONTOUR_DEG=0.00 AXIS_STD_DEG=0.00 FOOTPRINT=[0.02996303141117096, 0.02996303141117096] CONFIDENCE=0.9923
TRIAL=010 SELECTED_CONTOUR_ORIENTATION=+90.00deg TILT=0.0 LEAN=-1 SYMMETRY=1 IK_FK_POS_ERROR=0.000000m IK_FK_ORIENTATION_ERROR=0.000000rad FINGER_FK_LIFT=0.080000m FINGER_FK_DRIFT=0.000000m JOINT_MOTION=2.503997rad
DAY4_MOTION_DONE=1 ELAPSED_SIM=1.266 INITIAL_ERR=0.07102 FINAL_ERR=0.00057 ARM_V=0.00629
DAY4_STEP=1 EPISODE=010 STEP=01 DIST=0.028386 YAW_ERR_DEG=4.010 REQUESTED_MOVE=0.003567 EXECUTED_MOVE=0.003538 ATTEMPT=0 SUCCESS=0 TERMINATED=0 TRUNCATED=0
DAY4_MOTION_DONE=1 ELAPSED_SIM=1.254 INITIAL_ERR=0.06354 FINAL_ERR=0.00051 ARM_V=0.00563
DAY4_STEP=1 EPISODE=010 STEP=02 DIST=0.025537 YAW_ERR_DEG=0.675 REQUESTED_MOVE=0.005607 EXECUTED_MOVE=0.005562 ATTEMPT=0 SUCCESS=0 TERMINATED=0 TRUNCATED=0
DAY4_MOTION_DONE=1 ELAPSED_SIM=1.258 INITIAL_ERR=0.06382 FINAL_ERR=0.00051 ARM_V=0.00566
DAY4_STEP=1 EPISODE=010 STEP=03 DIST=0.026101 YAW_ERR_DEG=2.769 REQUESTED_MOVE=0.005227 EXECUTED_MOVE=0.005186 ATTEMPT=0 SUCCESS=0 TERMINATED=0 TRUNCATED=0
DAY4_MOTION_DONE=1 ELAPSED_SIM=1.274 INITIAL_ERR=0.08396 FINAL_ERR=0.00054 ARM_V=0.00603
DAY4_STEP=1 EPISODE=010 STEP=04 DIST=0.021260 YAW_ERR_DEG=5.993 REQUESTED_MOVE=0.007015 EXECUTED_MOVE=0.006969 ATTEMPT=0 SUCCESS=0 TERMINATED=0 TRUNCATED=0
DAY4_MOTION_DONE=1 ELAPSED_SIM=1.202 INITIAL_ERR=0.02567 FINAL_ERR=0.00039 ARM_V=0.00429
DAY4_STEP=1 EPISODE=010 STEP=05 DIST=0.021484 YAW_ERR_DEG=7.917 REQUESTED_MOVE=0.004237 EXECUTED_MOVE=0.004173 ATTEMPT=0 SUCCESS=0 TERMINATED=0 TRUNCATED=0
DAY4_MOTION_DONE=1 ELAPSED_SIM=1.202 INITIAL_ERR=0.04293 FINAL_ERR=0.00109 ARM_V=0.01214
DAY4_STEP=1 EPISODE=010 STEP=06 DIST=0.022021 YAW_ERR_DEG=8.363 REQUESTED_MOVE=0.003968 EXECUTED_MOVE=0.003866 ATTEMPT=0 SUCCESS=0 TERMINATED=0 TRUNCATED=0
DAY4_MOTION_DONE=1 ELAPSED_SIM=1.200 INITIAL_ERR=0.01645 FINAL_ERR=0.00034 ARM_V=0.00376
DAY4_STEP=1 EPISODE=010 STEP=07 DIST=0.024205 YAW_ERR_DEG=8.767 REQUESTED_MOVE=0.003303 EXECUTED_MOVE=0.003235 ATTEMPT=0 SUCCESS=0 TERMINATED=0 TRUNCATED=0
DAY4_MOTION_DONE=1 ELAPSED_SIM=1.202 INITIAL_ERR=0.02343 FINAL_ERR=0.00039 ARM_V=0.00434
DAY4_STEP=1 EPISODE=010 STEP=08 DIST=0.023716 YAW_ERR_DEG=7.312 REQUESTED_MOVE=0.005255 EXECUTED_MOVE=0.005167 ATTEMPT=0 SUCCESS=0 TERMINATED=0 TRUNCATED=0
DAY4_MOTION_DONE=1 ELAPSED_SIM=1.306 INITIAL_ERR=0.07098 FINAL_ERR=0.00057 ARM_V=0.00629
DAY4_STEP=1 EPISODE=010 STEP=09 DIST=0.024789 YAW_ERR_DEG=4.853 REQUESTED_MOVE=0.005808 EXECUTED_MOVE=0.005762 ATTEMPT=0 SUCCESS=0 TERMINATED=0 TRUNCATED=0
DAY4_MOTION_DONE=1 ELAPSED_SIM=1.202 INITIAL_ERR=0.02095 FINAL_ERR=0.00053 ARM_V=0.00593
DAY4_STEP=1 EPISODE=010 STEP=10 DIST=0.022230 YAW_ERR_DEG=4.647 REQUESTED_MOVE=0.005646 EXECUTED_MOVE=0.005502 ATTEMPT=0 SUCCESS=0 TERMINATED=0 TRUNCATED=0
DAY4_MOTION_DONE=1 ELAPSED_SIM=1.306 INITIAL_ERR=0.06591 FINAL_ERR=0.00053 ARM_V=0.00584
DAY4_STEP=1 EPISODE=010 STEP=11 DIST=0.019584 YAW_ERR_DEG=9.381 REQUESTED_MOVE=0.004947 EXECUTED_MOVE=0.004907 ATTEMPT=0 SUCCESS=0 TERMINATED=0 TRUNCATED=0
DAY4_MOTION_DONE=1 ELAPSED_SIM=1.200 INITIAL_ERR=0.02705 FINAL_ERR=0.00062 ARM_V=0.00687
DAY4_STEP=1 EPISODE=010 STEP=12 DIST=0.023995 YAW_ERR_DEG=9.679 REQUESTED_MOVE=0.007569 EXECUTED_MOVE=0.007397 ATTEMPT=0 SUCCESS=0 TERMINATED=0 TRUNCATED=0
DAY4_MOTION_DONE=1 ELAPSED_SIM=1.310 INITIAL_ERR=0.07801 FINAL_ERR=0.00056 ARM_V=0.00623
DAY4_STEP=1 EPISODE=010 STEP=13 DIST=0.024807 YAW_ERR_DEG=13.193 REQUESTED_MOVE=0.004622 EXECUTED_MOVE=0.004588 ATTEMPT=0 SUCCESS=0 TERMINATED=0 TRUNCATED=0
DAY4_MOTION_DONE=1 ELAPSED_SIM=1.268 INITIAL_ERR=0.07326 FINAL_ERR=0.00058 ARM_V=0.00649
DAY4_STEP=1 EPISODE=010 STEP=14 DIST=0.025116 YAW_ERR_DEG=17.544 REQUESTED_MOVE=0.002643 EXECUTED_MOVE=0.002622 ATTEMPT=0 SUCCESS=0 TERMINATED=0 TRUNCATED=0
DAY4_MOTION_DONE=1 ELAPSED_SIM=1.200 INITIAL_ERR=0.02522 FINAL_ERR=0.00034 ARM_V=0.00379
DAY4_STEP=1 EPISODE=010 STEP=15 DIST=0.028575 YAW_ERR_DEG=16.642 REQUESTED_MOVE=0.004782 EXECUTED_MOVE=0.004718 ATTEMPT=0 SUCCESS=0 TERMINATED=0 TRUNCATED=0
DAY4_MOTION_DONE=1 ELAPSED_SIM=1.202 INITIAL_ERR=0.02859 FINAL_ERR=0.00048 ARM_V=0.00529
DAY4_STEP=1 EPISODE=010 STEP=16 DIST=0.029545 YAW_ERR_DEG=15.640 REQUESTED_MOVE=0.004545 EXECUTED_MOVE=0.004470 ATTEMPT=0 SUCCESS=0 TERMINATED=0 TRUNCATED=0
DAY4_MOTION_DONE=1 ELAPSED_SIM=1.202 INITIAL_ERR=0.03736 FINAL_ERR=0.00095 ARM_V=0.01059
DAY4_STEP=1 EPISODE=010 STEP=17 DIST=0.027156 YAW_ERR_DEG=17.287 REQUESTED_MOVE=0.004993 EXECUTED_MOVE=0.004864 ATTEMPT=0 SUCCESS=0 TERMINATED=0 TRUNCATED=0
DAY4_MOTION_DONE=1 ELAPSED_SIM=1.310 INITIAL_ERR=0.06543 FINAL_ERR=0.00052 ARM_V=0.00582
DAY4_STEP=1 EPISODE=010 STEP=18 DIST=0.031244 YAW_ERR_DEG=14.609 REQUESTED_MOVE=0.005210 EXECUTED_MOVE=0.005169 ATTEMPT=0 SUCCESS=0 TERMINATED=0 TRUNCATED=0
DAY4_MOTION_DONE=1 ELAPSED_SIM=1.202 INITIAL_ERR=0.02833 FINAL_ERR=0.00047 ARM_V=0.00525
DAY4_STEP=1 EPISODE=010 STEP=19 DIST=0.035684 YAW_ERR_DEG=13.842 REQUESTED_MOVE=0.004983 EXECUTED_MOVE=0.004900 ATTEMPT=0 SUCCESS=0 TERMINATED=0 TRUNCATED=0
DAY4_MOTION_DONE=1 ELAPSED_SIM=1.298 INITIAL_ERR=0.08881 FINAL_ERR=0.00057 ARM_V=0.00637
DAY4_STEP=1 EPISODE=010 STEP=20 DIST=0.038494 YAW_ERR_DEG=8.919 REQUESTED_MOVE=0.003432 EXECUTED_MOVE=0.003411 ATTEMPT=0 SUCCESS=0 TERMINATED=0 TRUNCATED=1
DAY4_RESET_GRIPPER=OPEN ANGLE_RAD=1.291206 EFFORT_NM=0.553197
DAY4_RESET_GRIPPER=AFTER_INITIAL_MOVE ANGLE_RAD=1.303878 EFFORT_NM=0.533654
TRIAL=011 VISUAL_CENTER=[0.1701817512512207, 0.00991041399538517, 0.015096502642818005] SURFACE=[0.1701817512512207, 0.00991041399538517, 0.030096502642818004] CONTOUR_DEG=0.00 AXIS_STD_DEG=0.00 FOOTPRINT=[0.0296747088432312, 0.0296747088432312] CONFIDENCE=0.9945
TRIAL=011 SELECTED_CONTOUR_ORIENTATION=+90.00deg TILT=0.0 LEAN=-1 SYMMETRY=1 IK_FK_POS_ERROR=0.000000m IK_FK_ORIENTATION_ERROR=0.000000rad FINGER_FK_LIFT=0.080000m FINGER_FK_DRIFT=0.000000m JOINT_MOTION=1.953385rad
DAY4_MOTION_DONE=1 ELAPSED_SIM=1.270 INITIAL_ERR=0.07185 FINAL_ERR=0.00052 ARM_V=0.00573
DAY4_STEP=1 EPISODE=011 STEP=01 DIST=0.030077 YAW_ERR_DEG=2.562 REQUESTED_MOVE=0.007785 EXECUTED_MOVE=0.007730 ATTEMPT=0 SUCCESS=0 TERMINATED=0 TRUNCATED=0
DAY4_MOTION_DONE=1 ELAPSED_SIM=1.202 INITIAL_ERR=0.02744 FINAL_ERR=0.00041 ARM_V=0.00457
DAY4_STEP=1 EPISODE=011 STEP=02 DIST=0.029648 YAW_ERR_DEG=1.116 REQUESTED_MOVE=0.005675 EXECUTED_MOVE=0.005589 ATTEMPT=0 SUCCESS=0 TERMINATED=0 TRUNCATED=0
DAY4_MOTION_DONE=1 ELAPSED_SIM=1.310 INITIAL_ERR=0.07193 FINAL_ERR=0.00052 ARM_V=0.00574
DAY4_STEP=1 EPISODE=011 STEP=03 DIST=0.029790 YAW_ERR_DEG=3.143 REQUESTED_MOVE=0.004086 EXECUTED_MOVE=0.004056 ATTEMPT=0 SUCCESS=0 TERMINATED=0 TRUNCATED=0
DAY4_MOTION_DONE=1 ELAPSED_SIM=1.200 INITIAL_ERR=0.03309 FINAL_ERR=0.00084 ARM_V=0.00933
DAY4_STEP=1 EPISODE=011 STEP=04 DIST=0.033447 YAW_ERR_DEG=5.349 REQUESTED_MOVE=0.004129 EXECUTED_MOVE=0.004024 ATTEMPT=0 SUCCESS=0 TERMINATED=0 TRUNCATED=0
DAY4_MOTION_DONE=1 ELAPSED_SIM=1.202 INITIAL_ERR=0.03971 FINAL_ERR=0.00054 ARM_V=0.00597
DAY4_STEP=1 EPISODE=011 STEP=05 DIST=0.031815 YAW_ERR_DEG=6.004 REQUESTED_MOVE=0.004177 EXECUTED_MOVE=0.004120 ATTEMPT=0 SUCCESS=0 TERMINATED=0 TRUNCATED=0
DAY4_MOTION_DONE=1 ELAPSED_SIM=1.298 INITIAL_ERR=0.08739 FINAL_ERR=0.00056 ARM_V=0.00627
DAY4_STEP=1 EPISODE=011 STEP=06 DIST=0.027853 YAW_ERR_DEG=10.526 REQUESTED_MOVE=0.004140 EXECUTED_MOVE=0.004114 ATTEMPT=0 SUCCESS=0 TERMINATED=0 TRUNCATED=0
DAY4_MOTION_DONE=1 ELAPSED_SIM=1.202 INITIAL_ERR=0.03206 FINAL_ERR=0.00048 ARM_V=0.00535
DAY4_STEP=1 EPISODE=011 STEP=07 DIST=0.029244 YAW_ERR_DEG=9.937 REQUESTED_MOVE=0.004310 EXECUTED_MOVE=0.004245 ATTEMPT=0 SUCCESS=0 TERMINATED=0 TRUNCATED=0
DAY4_MOTION_DONE=1 ELAPSED_SIM=1.202 INITIAL_ERR=0.03447 FINAL_ERR=0.00079 ARM_V=0.00873
DAY4_STEP=1 EPISODE=011 STEP=08 DIST=0.027993 YAW_ERR_DEG=9.982 REQUESTED_MOVE=0.005904 EXECUTED_MOVE=0.005769 ATTEMPT=0 SUCCESS=0 TERMINATED=0 TRUNCATED=0
DAY4_MOTION_DONE=1 ELAPSED_SIM=1.202 INITIAL_ERR=0.03880 FINAL_ERR=0.00058 ARM_V=0.00646
DAY4_STEP=1 EPISODE=011 STEP=09 DIST=0.028842 YAW_ERR_DEG=11.262 REQUESTED_MOVE=0.003234 EXECUTED_MOVE=0.003186 ATTEMPT=0 SUCCESS=0 TERMINATED=0 TRUNCATED=0
DAY4_MOTION_DONE=1 ELAPSED_SIM=1.202 INITIAL_ERR=0.03334 FINAL_ERR=0.00085 ARM_V=0.00940
DAY4_STEP=1 EPISODE=011 STEP=10 DIST=0.033815 YAW_ERR_DEG=9.976 REQUESTED_MOVE=0.007034 EXECUTED_MOVE=0.006857 ATTEMPT=0 SUCCESS=0 TERMINATED=0 TRUNCATED=0
DAY4_MOTION_DONE=1 ELAPSED_SIM=1.286 INITIAL_ERR=0.08959 FINAL_ERR=0.00052 ARM_V=0.00579
DAY4_STEP=1 EPISODE=011 STEP=11 DIST=0.035053 YAW_ERR_DEG=5.588 REQUESTED_MOVE=0.002972 EXECUTED_MOVE=0.002954 ATTEMPT=0 SUCCESS=0 TERMINATED=0 TRUNCATED=0
DAY4_MOTION_DONE=1 ELAPSED_SIM=1.202 INITIAL_ERR=0.03561 FINAL_ERR=0.00066 ARM_V=0.00732
DAY4_STEP=1 EPISODE=011 STEP=12 DIST=0.030322 YAW_ERR_DEG=3.098 REQUESTED_MOVE=0.005745 EXECUTED_MOVE=0.005638 ATTEMPT=0 SUCCESS=0 TERMINATED=0 TRUNCATED=0
DAY4_MOTION_DONE=1 ELAPSED_SIM=1.202 INITIAL_ERR=0.03359 FINAL_ERR=0.00069 ARM_V=0.00769
DAY4_STEP=1 EPISODE=011 STEP=13 DIST=0.026968 YAW_ERR_DEG=5.023 REQUESTED_MOVE=0.004616 EXECUTED_MOVE=0.004522 ATTEMPT=0 SUCCESS=0 TERMINATED=0 TRUNCATED=0
DAY4_MOTION_DONE=1 ELAPSED_SIM=1.252 INITIAL_ERR=0.05348 FINAL_ERR=0.00053 ARM_V=0.00585
DAY4_STEP=1 EPISODE=011 STEP=14 DIST=0.025250 YAW_ERR_DEG=6.912 REQUESTED_MOVE=0.005399 EXECUTED_MOVE=0.005345 ATTEMPT=0 SUCCESS=0 TERMINATED=0 TRUNCATED=0
DAY4_MOTION_DONE=1 ELAPSED_SIM=1.270 INITIAL_ERR=0.06323 FINAL_ERR=0.00050 ARM_V=0.00560
DAY4_STEP=1 EPISODE=011 STEP=15 DIST=0.025852 YAW_ERR_DEG=11.164 REQUESTED_MOVE=0.003190 EXECUTED_MOVE=0.003165 ATTEMPT=0 SUCCESS=0 TERMINATED=0 TRUNCATED=0
DAY4_MOTION_DONE=1 ELAPSED_SIM=1.202 INITIAL_ERR=0.04750 FINAL_ERR=0.00064 ARM_V=0.00714
DAY4_STEP=1 EPISODE=011 STEP=16 DIST=0.025141 YAW_ERR_DEG=7.530 REQUESTED_MOVE=0.004332 EXECUTED_MOVE=0.004273 ATTEMPT=0 SUCCESS=0 TERMINATED=0 TRUNCATED=0
DAY4_MOTION_DONE=1 ELAPSED_SIM=1.234 INITIAL_ERR=0.05160 FINAL_ERR=0.00051 ARM_V=0.00566
DAY4_STEP=1 EPISODE=011 STEP=17 DIST=0.020194 YAW_ERR_DEG=12.226 REQUESTED_MOVE=0.007584 EXECUTED_MOVE=0.007509 ATTEMPT=0 SUCCESS=0 TERMINATED=0 TRUNCATED=0
DAY4_MOTION_DONE=1 ELAPSED_SIM=1.200 INITIAL_ERR=0.04621 FINAL_ERR=0.00118 ARM_V=0.01309
DAY4_STEP=1 EPISODE=011 STEP=18 DIST=0.019790 YAW_ERR_DEG=10.635 REQUESTED_MOVE=0.004591 EXECUTED_MOVE=0.004476 ATTEMPT=0 SUCCESS=0 TERMINATED=0 TRUNCATED=0
DAY4_MOTION_DONE=1 ELAPSED_SIM=1.302 INITIAL_ERR=0.06549 FINAL_ERR=0.00052 ARM_V=0.00581
DAY4_STEP=1 EPISODE=011 STEP=19 DIST=0.016793 YAW_ERR_DEG=12.807 REQUESTED_MOVE=0.004644 EXECUTED_MOVE=0.004606 ATTEMPT=0 SUCCESS=0 TERMINATED=0 TRUNCATED=0
DAY4_MOTION_DONE=1 ELAPSED_SIM=1.202 INITIAL_ERR=0.03734 FINAL_ERR=0.00062 ARM_V=0.00692
DAY4_STEP=1 EPISODE=011 STEP=20 DIST=0.015332 YAW_ERR_DEG=11.051 REQUESTED_MOVE=0.004331 EXECUTED_MOVE=0.004259 ATTEMPT=0 SUCCESS=0 TERMINATED=0 TRUNCATED=1
DAY4_RESET_GRIPPER=OPEN ANGLE_RAD=1.291227 EFFORT_NM=0.543662
DAY4_RESET_GRIPPER=AFTER_INITIAL_MOVE ANGLE_RAD=1.302153 EFFORT_NM=0.532750
TRIAL=012 VISUAL_CENTER=[0.14847464859485626, 0.03584642335772514, 0.015094234342302698] SURFACE=[0.14847464859485626, 0.03584642335772514, 0.030094234342302698] CONTOUR_DEG=0.00 AXIS_STD_DEG=0.00 FOOTPRINT=[0.029988478869199753, 0.029988478869199753] CONFIDENCE=0.9915
TRIAL=012 SELECTED_CONTOUR_ORIENTATION=+90.00deg TILT=0.0 LEAN=-1 SYMMETRY=1 IK_FK_POS_ERROR=0.000000m IK_FK_ORIENTATION_ERROR=0.000000rad FINGER_FK_LIFT=0.080000m FINGER_FK_DRIFT=0.000000m JOINT_MOTION=2.033990rad
DAY4_MOTION_DONE=1 ELAPSED_SIM=1.202 INITIAL_ERR=0.03758 FINAL_ERR=0.00051 ARM_V=0.00564
DAY4_STEP=1 EPISODE=012 STEP=01 DIST=0.024583 YAW_ERR_DEG=3.023 REQUESTED_MOVE=0.006763 EXECUTED_MOVE=0.006672 ATTEMPT=0 SUCCESS=0 TERMINATED=0 TRUNCATED=0
DAY4_MOTION_DONE=1 ELAPSED_SIM=1.306 INITIAL_ERR=0.06568 FINAL_ERR=0.00052 ARM_V=0.00582
DAY4_STEP=1 EPISODE=012 STEP=02 DIST=0.026480 YAW_ERR_DEG=7.360 REQUESTED_MOVE=0.002260 EXECUTED_MOVE=0.002242 ATTEMPT=0 SUCCESS=0 TERMINATED=0 TRUNCATED=0
DAY4_MOTION_DONE=1 ELAPSED_SIM=1.276 INITIAL_ERR=0.07692 FINAL_ERR=0.00050 ARM_V=0.00552
DAY4_STEP=1 EPISODE=012 STEP=03 DIST=0.030006 YAW_ERR_DEG=4.326 REQUESTED_MOVE=0.004554 EXECUTED_MOVE=0.004525 ATTEMPT=0 SUCCESS=0 TERMINATED=0 TRUNCATED=0
DAY4_MOTION_DONE=1 ELAPSED_SIM=1.202 INITIAL_ERR=0.02404 FINAL_ERR=0.00061 ARM_V=0.00678
DAY4_STEP=1 EPISODE=012 STEP=04 DIST=0.028982 YAW_ERR_DEG=5.951 REQUESTED_MOVE=0.004726 EXECUTED_MOVE=0.004606 ATTEMPT=0 SUCCESS=0 TERMINATED=0 TRUNCATED=0
DAY4_MOTION_DONE=1 ELAPSED_SIM=1.292 INITIAL_ERR=0.09760 FINAL_ERR=0.00051 ARM_V=0.00568
DAY4_STEP=1 EPISODE=012 STEP=05 DIST=0.027885 YAW_ERR_DEG=1.215 REQUESTED_MOVE=0.004652 EXECUTED_MOVE=0.004628 ATTEMPT=0 SUCCESS=0 TERMINATED=0 TRUNCATED=0
DAY4_MOTION_DONE=1 ELAPSED_SIM=1.202 INITIAL_ERR=0.02344 FINAL_ERR=0.00032 ARM_V=0.00352
DAY4_STEP=1 EPISODE=012 STEP=06 DIST=0.030449 YAW_ERR_DEG=0.653 REQUESTED_MOVE=0.002949 EXECUTED_MOVE=0.002910 ATTEMPT=0 SUCCESS=0 TERMINATED=0 TRUNCATED=0
DAY4_MOTION_DONE=1 ELAPSED_SIM=1.284 INITIAL_ERR=0.07845 FINAL_ERR=0.00056 ARM_V=0.00626
DAY4_STEP=1 EPISODE=012 STEP=07 DIST=0.035307 YAW_ERR_DEG=2.386 REQUESTED_MOVE=0.005157 EXECUTED_MOVE=0.005120 ATTEMPT=0 SUCCESS=0 TERMINATED=0 TRUNCATED=0
DAY4_MOTION_DONE=1 ELAPSED_SIM=1.200 INITIAL_ERR=0.02788 FINAL_ERR=0.00038 ARM_V=0.00418
DAY4_STEP=1 EPISODE=012 STEP=08 DIST=0.040759 YAW_ERR_DEG=1.018 REQUESTED_MOVE=0.005648 EXECUTED_MOVE=0.005572 ATTEMPT=0 SUCCESS=0 TERMINATED=0 TRUNCATED=0
DAY4_MOTION_DONE=1 ELAPSED_SIM=1.284 INITIAL_ERR=0.07719 FINAL_ERR=0.00055 ARM_V=0.00616
DAY4_STEP=1 EPISODE=012 STEP=09 DIST=0.037138 YAW_ERR_DEG=3.079 REQUESTED_MOVE=0.004293 EXECUTED_MOVE=0.004262 ATTEMPT=0 SUCCESS=0 TERMINATED=0 TRUNCATED=0
DAY4_MOTION_DONE=1 ELAPSED_SIM=1.260 INITIAL_ERR=0.06864 FINAL_ERR=0.00049 ARM_V=0.00547
DAY4_STEP=1 EPISODE=012 STEP=10 DIST=0.032838 YAW_ERR_DEG=4.638 REQUESTED_MOVE=0.007115 EXECUTED_MOVE=0.007064 ATTEMPT=0 SUCCESS=0 TERMINATED=0 TRUNCATED=0
DAY4_MOTION_DONE=1 ELAPSED_SIM=1.202 INITIAL_ERR=0.03043 FINAL_ERR=0.00046 ARM_V=0.00508
DAY4_STEP=1 EPISODE=012 STEP=11 DIST=0.030416 YAW_ERR_DEG=2.753 REQUESTED_MOVE=0.003244 EXECUTED_MOVE=0.003196 ATTEMPT=0 SUCCESS=0 TERMINATED=0 TRUNCATED=0
DAY4_MOTION_DONE=1 ELAPSED_SIM=1.200 INITIAL_ERR=0.03491 FINAL_ERR=0.00052 ARM_V=0.00582
DAY4_STEP=1 EPISODE=012 STEP=12 DIST=0.036633 YAW_ERR_DEG=3.696 REQUESTED_MOVE=0.006805 EXECUTED_MOVE=0.006703 ATTEMPT=0 SUCCESS=0 TERMINATED=0 TRUNCATED=0
DAY4_MOTION_DONE=1 ELAPSED_SIM=1.266 INITIAL_ERR=0.08129 FINAL_ERR=0.00053 ARM_V=0.00584
DAY4_STEP=1 EPISODE=012 STEP=13 DIST=0.035946 YAW_ERR_DEG=8.226 REQUESTED_MOVE=0.003776 EXECUTED_MOVE=0.003751 ATTEMPT=0 SUCCESS=0 TERMINATED=0 TRUNCATED=0
DAY4_MOTION_DONE=1 ELAPSED_SIM=1.200 INITIAL_ERR=0.03378 FINAL_ERR=0.00046 ARM_V=0.00507
DAY4_STEP=1 EPISODE=012 STEP=14 DIST=0.038872 YAW_ERR_DEG=10.546 REQUESTED_MOVE=0.005316 EXECUTED_MOVE=0.005244 ATTEMPT=0 SUCCESS=0 TERMINATED=0 TRUNCATED=0
DAY4_MOTION_DONE=1 ELAPSED_SIM=1.232 INITIAL_ERR=0.05509 FINAL_ERR=0.00054 ARM_V=0.00603
DAY4_STEP=1 EPISODE=012 STEP=15 DIST=0.041501 YAW_ERR_DEG=8.075 REQUESTED_MOVE=0.005925 EXECUTED_MOVE=0.005867 ATTEMPT=0 SUCCESS=0 TERMINATED=0 TRUNCATED=0
DAY4_MOTION_DONE=1 ELAPSED_SIM=1.202 INITIAL_ERR=0.04969 FINAL_ERR=0.00113 ARM_V=0.01260
DAY4_STEP=1 EPISODE=012 STEP=16 DIST=0.036320 YAW_ERR_DEG=3.856 REQUESTED_MOVE=0.005486 EXECUTED_MOVE=0.005360 ATTEMPT=0 SUCCESS=0 TERMINATED=0 TRUNCATED=0
DAY4_MOTION_DONE=1 ELAPSED_SIM=1.304 INITIAL_ERR=0.06532 FINAL_ERR=0.00058 ARM_V=0.00640
DAY4_STEP=1 EPISODE=012 STEP=17 DIST=0.033464 YAW_ERR_DEG=0.534 REQUESTED_MOVE=0.006004 EXECUTED_MOVE=0.005951 ATTEMPT=0 SUCCESS=0 TERMINATED=0 TRUNCATED=0
DAY4_MOTION_DONE=1 ELAPSED_SIM=1.202 INITIAL_ERR=0.04497 FINAL_ERR=0.00083 ARM_V=0.00926
DAY4_STEP=1 EPISODE=012 STEP=18 DIST=0.038752 YAW_ERR_DEG=0.998 REQUESTED_MOVE=0.005530 EXECUTED_MOVE=0.005428 ATTEMPT=0 SUCCESS=0 TERMINATED=0 TRUNCATED=0
DAY4_MOTION_DONE=1 ELAPSED_SIM=1.202 INITIAL_ERR=0.02995 FINAL_ERR=0.00068 ARM_V=0.00760
DAY4_STEP=1 EPISODE=012 STEP=19 DIST=0.043722 YAW_ERR_DEG=0.614 REQUESTED_MOVE=0.005609 EXECUTED_MOVE=0.005483 ATTEMPT=0 SUCCESS=0 TERMINATED=0 TRUNCATED=0
DAY4_MOTION_DONE=1 ELAPSED_SIM=1.200 INITIAL_ERR=0.03135 FINAL_ERR=0.00079 ARM_V=0.00880
DAY4_STEP=1 EPISODE=012 STEP=20 DIST=0.048642 YAW_ERR_DEG=1.868 REQUESTED_MOVE=0.005153 EXECUTED_MOVE=0.005026 ATTEMPT=0 SUCCESS=0 TERMINATED=0 TRUNCATED=1
DAY4_RESET_GRIPPER=OPEN ANGLE_RAD=1.291157 EFFORT_NM=0.550200
DAY4_RESET_GRIPPER=AFTER_INITIAL_MOVE ANGLE_RAD=1.304299 EFFORT_NM=0.531320
TRIAL=013 VISUAL_CENTER=[0.14472711086273193, -0.014797523617744446, 0.01509378958443966] SURFACE=[0.14472711086273193, -0.014797523617744446, 0.03009378958443966] CONTOUR_DEG=0.00 AXIS_STD_DEG=0.00 FOOTPRINT=[0.029595043510198593, 0.029595043510198593] CONFIDENCE=0.9863
TRIAL=013 SELECTED_CONTOUR_ORIENTATION=+90.00deg TILT=0.0 LEAN=-1 SYMMETRY=1 IK_FK_POS_ERROR=0.000000m IK_FK_ORIENTATION_ERROR=0.000000rad FINGER_FK_LIFT=0.080000m FINGER_FK_DRIFT=0.000000m JOINT_MOTION=1.963806rad
DAY4_MOTION_DONE=1 ELAPSED_SIM=1.200 INITIAL_ERR=0.01893 FINAL_ERR=0.00028 ARM_V=0.00316
DAY4_STEP=1 EPISODE=013 STEP=01 DIST=0.026471 YAW_ERR_DEG=0.993 REQUESTED_MOVE=0.002168 EXECUTED_MOVE=0.002135 ATTEMPT=0 SUCCESS=0 TERMINATED=0 TRUNCATED=0
DAY4_MOTION_DONE=1 ELAPSED_SIM=1.316 INITIAL_ERR=0.08020 FINAL_ERR=0.00052 ARM_V=0.00576
DAY4_STEP=1 EPISODE=013 STEP=02 DIST=0.027072 YAW_ERR_DEG=1.579 REQUESTED_MOVE=0.006624 EXECUTED_MOVE=0.006581 ATTEMPT=0 SUCCESS=0 TERMINATED=0 TRUNCATED=0
DAY4_MOTION_DONE=1 ELAPSED_SIM=1.202 INITIAL_ERR=0.03950 FINAL_ERR=0.00059 ARM_V=0.00660
DAY4_STEP=1 EPISODE=013 STEP=03 DIST=0.022249 YAW_ERR_DEG=0.523 REQUESTED_MOVE=0.004982 EXECUTED_MOVE=0.004907 ATTEMPT=0 SUCCESS=0 TERMINATED=0 TRUNCATED=0
DAY4_MOTION_DONE=1 ELAPSED_SIM=1.298 INITIAL_ERR=0.05801 FINAL_ERR=0.00051 ARM_V=0.00572
DAY4_STEP=1 EPISODE=013 STEP=04 DIST=0.025119 YAW_ERR_DEG=1.557 REQUESTED_MOVE=0.005220 EXECUTED_MOVE=0.005174 ATTEMPT=0 SUCCESS=0 TERMINATED=0 TRUNCATED=0
DAY4_MOTION_DONE=1 ELAPSED_SIM=1.318 INITIAL_ERR=0.08553 FINAL_ERR=0.00055 ARM_V=0.00614
DAY4_STEP=1 EPISODE=013 STEP=05 DIST=0.023518 YAW_ERR_DEG=5.165 REQUESTED_MOVE=0.004693 EXECUTED_MOVE=0.004663 ATTEMPT=0 SUCCESS=0 TERMINATED=0 TRUNCATED=0
DAY4_MOTION_DONE=1 ELAPSED_SIM=1.202 INITIAL_ERR=0.03903 FINAL_ERR=0.00089 ARM_V=0.00991
DAY4_STEP=1 EPISODE=013 STEP=06 DIST=0.023606 YAW_ERR_DEG=7.001 REQUESTED_MOVE=0.001210 EXECUTED_MOVE=0.001183 ATTEMPT=0 SUCCESS=0 TERMINATED=0 TRUNCATED=0
DAY4_MOTION_DONE=1 ELAPSED_SIM=1.304 INITIAL_ERR=0.07811 FINAL_ERR=0.00056 ARM_V=0.00623
DAY4_STEP=1 EPISODE=013 STEP=07 DIST=0.022834 YAW_ERR_DEG=3.686 REQUESTED_MOVE=0.003456 EXECUTED_MOVE=0.003431 ATTEMPT=0 SUCCESS=0 TERMINATED=0 TRUNCATED=0
DAY4_MOTION_DONE=1 ELAPSED_SIM=1.234 INITIAL_ERR=0.05753 FINAL_ERR=0.00057 ARM_V=0.00630
DAY4_STEP=1 EPISODE=013 STEP=08 DIST=0.025699 YAW_ERR_DEG=5.448 REQUESTED_MOVE=0.005190 EXECUTED_MOVE=0.005139 ATTEMPT=0 SUCCESS=0 TERMINATED=0 TRUNCATED=0
DAY4_MOTION_DONE=1 ELAPSED_SIM=1.278 INITIAL_ERR=0.06992 FINAL_ERR=0.00050 ARM_V=0.00558
DAY4_STEP=1 EPISODE=013 STEP=09 DIST=0.021084 YAW_ERR_DEG=2.185 REQUESTED_MOVE=0.004942 EXECUTED_MOVE=0.004906 ATTEMPT=0 SUCCESS=0 TERMINATED=0 TRUNCATED=0
DAY4_MOTION_DONE=1 ELAPSED_SIM=1.202 INITIAL_ERR=0.04336 FINAL_ERR=0.00059 ARM_V=0.00650
DAY4_STEP=1 EPISODE=013 STEP=10 DIST=0.020560 YAW_ERR_DEG=0.095 REQUESTED_MOVE=0.002199 EXECUTED_MOVE=0.002169 ATTEMPT=0 SUCCESS=0 TERMINATED=0 TRUNCATED=0
DAY4_MOTION_DONE=1 ELAPSED_SIM=1.200 INITIAL_ERR=0.02875 FINAL_ERR=0.00073 ARM_V=0.00812
DAY4_STEP=1 EPISODE=013 STEP=11 DIST=0.017193 YAW_ERR_DEG=0.672 REQUESTED_MOVE=0.003910 EXECUTED_MOVE=0.003811 ATTEMPT=0 SUCCESS=0 TERMINATED=0 TRUNCATED=0
DAY4_MOTION_DONE=1 ELAPSED_SIM=1.200 INITIAL_ERR=0.03338 FINAL_ERR=0.00085 ARM_V=0.00945
DAY4_STEP=1 EPISODE=013 STEP=12 DIST=0.020848 YAW_ERR_DEG=2.944 REQUESTED_MOVE=0.005338 EXECUTED_MOVE=0.005201 ATTEMPT=0 SUCCESS=0 TERMINATED=0 TRUNCATED=0
DAY4_MOTION_DONE=1 ELAPSED_SIM=1.294 INITIAL_ERR=0.08211 FINAL_ERR=0.00059 ARM_V=0.00655
DAY4_STEP=1 EPISODE=013 STEP=13 DIST=0.018164 YAW_ERR_DEG=5.756 REQUESTED_MOVE=0.005219 EXECUTED_MOVE=0.005181 ATTEMPT=0 SUCCESS=0 TERMINATED=0 TRUNCATED=0
DAY4_MOTION_DONE=1 ELAPSED_SIM=1.200 INITIAL_ERR=0.01632 FINAL_ERR=0.00027 ARM_V=0.00302
DAY4_STEP=1 EPISODE=013 STEP=14 DIST=0.016488 YAW_ERR_DEG=6.633 REQUESTED_MOVE=0.002090 EXECUTED_MOVE=0.002055 ATTEMPT=0 SUCCESS=0 TERMINATED=0 TRUNCATED=0
DAY4_MOTION_DONE=1 ELAPSED_SIM=1.308 INITIAL_ERR=0.07541 FINAL_ERR=0.00060 ARM_V=0.00669
DAY4_STEP=1 EPISODE=013 STEP=15 DIST=0.014021 YAW_ERR_DEG=2.630 REQUESTED_MOVE=0.006353 EXECUTED_MOVE=0.006302 ATTEMPT=0 SUCCESS=0 TERMINATED=0 TRUNCATED=0
DAY4_MOTION_DONE=1 ELAPSED_SIM=1.200 INITIAL_ERR=0.04338 FINAL_ERR=0.00080 ARM_V=0.00893
DAY4_STEP=1 EPISODE=013 STEP=16 DIST=0.010851 YAW_ERR_DEG=0.416 REQUESTED_MOVE=0.005962 EXECUTED_MOVE=0.005850 ATTEMPT=0 SUCCESS=0 TERMINATED=0 TRUNCATED=0
DAY4_MOTION_DONE=1 ELAPSED_SIM=1.200 INITIAL_ERR=0.04496 FINAL_ERR=0.00114 ARM_V=0.01268
DAY4_STEP=1 EPISODE=013 STEP=17 DIST=0.014116 YAW_ERR_DEG=2.872 REQUESTED_MOVE=0.005701 EXECUTED_MOVE=0.005556 ATTEMPT=0 SUCCESS=0 TERMINATED=0 TRUNCATED=0
DAY4_MOTION_DONE=1 ELAPSED_SIM=1.290 INITIAL_ERR=0.05661 FINAL_ERR=0.00056 ARM_V=0.00621
DAY4_STEP=1 EPISODE=013 STEP=18 DIST=0.013554 YAW_ERR_DEG=1.294 REQUESTED_MOVE=0.006655 EXECUTED_MOVE=0.006589 ATTEMPT=0 SUCCESS=0 TERMINATED=0 TRUNCATED=0
DAY4_MOTION_DONE=1 ELAPSED_SIM=1.312 INITIAL_ERR=0.07014 FINAL_ERR=0.00050 ARM_V=0.00560
DAY4_STEP=1 EPISODE=013 STEP=19 DIST=0.009938 YAW_ERR_DEG=6.094 REQUESTED_MOVE=0.003860 EXECUTED_MOVE=0.003832 ATTEMPT=0 SUCCESS=0 TERMINATED=0 TRUNCATED=0
DAY4_MOTION_DONE=1 ELAPSED_SIM=1.200 INITIAL_ERR=0.04662 FINAL_ERR=0.00118 ARM_V=0.01317
DAY4_STEP=1 EPISODE=013 STEP=20 DIST=0.011743 YAW_ERR_DEG=3.943 REQUESTED_MOVE=0.006737 EXECUTED_MOVE=0.006567 ATTEMPT=0 SUCCESS=0 TERMINATED=0 TRUNCATED=1
DAY4_RESET_GRIPPER=OPEN ANGLE_RAD=1.291212 EFFORT_NM=0.535430
DAY4_RESET_GRIPPER=AFTER_INITIAL_MOVE ANGLE_RAD=1.299812 EFFORT_NM=0.533850
TRIAL=014 VISUAL_CENTER=[0.17055962979793549, 0.05063274875283241, 0.01509596748888109] SURFACE=[0.17055962979793549, 0.05063274875283241, 0.03009596748888109] CONTOUR_DEG=0.00 AXIS_STD_DEG=0.00 FOOTPRINT=[0.03000522404909134, 0.03000522404909134] CONFIDENCE=0.9921
TRIAL=014 SELECTED_CONTOUR_ORIENTATION=+90.00deg TILT=0.0 LEAN=-1 SYMMETRY=1 IK_FK_POS_ERROR=0.000000m IK_FK_ORIENTATION_ERROR=0.000000rad FINGER_FK_LIFT=0.080000m FINGER_FK_DRIFT=0.000000m JOINT_MOTION=2.126202rad
DAY4_MOTION_DONE=1 ELAPSED_SIM=1.236 INITIAL_ERR=0.06039 FINAL_ERR=0.00059 ARM_V=0.00661
DAY4_STEP=1 EPISODE=014 STEP=01 DIST=0.029340 YAW_ERR_DEG=1.498 REQUESTED_MOVE=0.006611 EXECUTED_MOVE=0.006547 ATTEMPT=0 SUCCESS=0 TERMINATED=0 TRUNCATED=0
DAY4_MOTION_DONE=1 ELAPSED_SIM=1.200 INITIAL_ERR=0.03614 FINAL_ERR=0.00074 ARM_V=0.00825
DAY4_STEP=1 EPISODE=014 STEP=02 DIST=0.032530 YAW_ERR_DEG=2.786 REQUESTED_MOVE=0.003589 EXECUTED_MOVE=0.003517 ATTEMPT=0 SUCCESS=0 TERMINATED=0 TRUNCATED=0
DAY4_MOTION_DONE=1 ELAPSED_SIM=1.200 INITIAL_ERR=0.04264 FINAL_ERR=0.00109 ARM_V=0.01206
DAY4_STEP=1 EPISODE=014 STEP=03 DIST=0.034702 YAW_ERR_DEG=1.829 REQUESTED_MOVE=0.005142 EXECUTED_MOVE=0.005012 ATTEMPT=0 SUCCESS=0 TERMINATED=0 TRUNCATED=0
DAY4_MOTION_DONE=1 ELAPSED_SIM=1.200 INITIAL_ERR=0.01697 FINAL_ERR=0.00028 ARM_V=0.00315
DAY4_STEP=1 EPISODE=014 STEP=04 DIST=0.032072 YAW_ERR_DEG=2.082 REQUESTED_MOVE=0.003466 EXECUTED_MOVE=0.003408 ATTEMPT=0 SUCCESS=0 TERMINATED=0 TRUNCATED=0
DAY4_MOTION_DONE=1 ELAPSED_SIM=1.298 INITIAL_ERR=0.06903 FINAL_ERR=0.00050 ARM_V=0.00551
DAY4_STEP=1 EPISODE=014 STEP=05 DIST=0.031639 YAW_ERR_DEG=0.266 REQUESTED_MOVE=0.006844 EXECUTED_MOVE=0.006795 ATTEMPT=0 SUCCESS=0 TERMINATED=0 TRUNCATED=0
DAY4_MOTION_DONE=1 ELAPSED_SIM=1.314 INITIAL_ERR=0.08444 FINAL_ERR=0.00061 ARM_V=0.00674
DAY4_STEP=1 EPISODE=014 STEP=06 DIST=0.026986 YAW_ERR_DEG=3.068 REQUESTED_MOVE=0.005966 EXECUTED_MOVE=0.005923 ATTEMPT=0 SUCCESS=0 TERMINATED=0 TRUNCATED=0
DAY4_MOTION_DONE=1 ELAPSED_SIM=1.202 INITIAL_ERR=0.02825 FINAL_ERR=0.00072 ARM_V=0.00796
DAY4_STEP=1 EPISODE=014 STEP=07 DIST=0.027590 YAW_ERR_DEG=2.046 REQUESTED_MOVE=0.003919 EXECUTED_MOVE=0.003819 ATTEMPT=0 SUCCESS=0 TERMINATED=0 TRUNCATED=0
DAY4_MOTION_DONE=1 ELAPSED_SIM=1.308 INITIAL_ERR=0.06642 FINAL_ERR=0.00059 ARM_V=0.00656
DAY4_STEP=1 EPISODE=014 STEP=08 DIST=0.025249 YAW_ERR_DEG=5.681 REQUESTED_MOVE=0.004087 EXECUTED_MOVE=0.004051 ATTEMPT=0 SUCCESS=0 TERMINATED=0 TRUNCATED=0
DAY4_MOTION_DONE=1 ELAPSED_SIM=1.258 INITIAL_ERR=0.06862 FINAL_ERR=0.00061 ARM_V=0.00675
DAY4_STEP=1 EPISODE=014 STEP=09 DIST=0.027632 YAW_ERR_DEG=9.408 REQUESTED_MOVE=0.005203 EXECUTED_MOVE=0.005157 ATTEMPT=0 SUCCESS=0 TERMINATED=0 TRUNCATED=0
DAY4_MOTION_DONE=1 ELAPSED_SIM=1.200 INITIAL_ERR=0.04718 FINAL_ERR=0.00064 ARM_V=0.00707
DAY4_STEP=1 EPISODE=014 STEP=10 DIST=0.024159 YAW_ERR_DEG=12.425 REQUESTED_MOVE=0.004520 EXECUTED_MOVE=0.004458 ATTEMPT=0 SUCCESS=0 TERMINATED=0 TRUNCATED=0
DAY4_MOTION_DONE=1 ELAPSED_SIM=1.292 INITIAL_ERR=0.09617 FINAL_ERR=0.00050 ARM_V=0.00559
DAY4_STEP=1 EPISODE=014 STEP=11 DIST=0.028727 YAW_ERR_DEG=17.332 REQUESTED_MOVE=0.006556 EXECUTED_MOVE=0.006522 ATTEMPT=0 SUCCESS=0 TERMINATED=0 TRUNCATED=0
DAY4_MOTION_DONE=1 ELAPSED_SIM=1.200 INITIAL_ERR=0.04586 FINAL_ERR=0.00069 ARM_V=0.00764
DAY4_STEP=1 EPISODE=014 STEP=12 DIST=0.031673 YAW_ERR_DEG=15.724 REQUESTED_MOVE=0.005551 EXECUTED_MOVE=0.005468 ATTEMPT=0 SUCCESS=0 TERMINATED=0 TRUNCATED=0
DAY4_MOTION_DONE=1 ELAPSED_SIM=1.202 INITIAL_ERR=0.04006 FINAL_ERR=0.00102 ARM_V=0.01131
DAY4_STEP=1 EPISODE=014 STEP=13 DIST=0.031573 YAW_ERR_DEG=12.499 REQUESTED_MOVE=0.004691 EXECUTED_MOVE=0.004573 ATTEMPT=0 SUCCESS=0 TERMINATED=0 TRUNCATED=0
DAY4_MOTION_DONE=1 ELAPSED_SIM=1.288 INITIAL_ERR=0.05394 FINAL_ERR=0.00059 ARM_V=0.00658
DAY4_STEP=1 EPISODE=014 STEP=14 DIST=0.036842 YAW_ERR_DEG=9.879 REQUESTED_MOVE=0.006297 EXECUTED_MOVE=0.006229 ATTEMPT=0 SUCCESS=0 TERMINATED=0 TRUNCATED=0
DAY4_MOTION_DONE=1 ELAPSED_SIM=1.202 INITIAL_ERR=0.03827 FINAL_ERR=0.00088 ARM_V=0.00975
DAY4_STEP=1 EPISODE=014 STEP=15 DIST=0.033317 YAW_ERR_DEG=10.690 REQUESTED_MOVE=0.003680 EXECUTED_MOVE=0.003594 ATTEMPT=0 SUCCESS=0 TERMINATED=0 TRUNCATED=0
DAY4_MOTION_DONE=1 ELAPSED_SIM=1.202 INITIAL_ERR=0.03042 FINAL_ERR=0.00041 ARM_V=0.00457
DAY4_STEP=1 EPISODE=014 STEP=16 DIST=0.031204 YAW_ERR_DEG=12.809 REQUESTED_MOVE=0.005323 EXECUTED_MOVE=0.005251 ATTEMPT=0 SUCCESS=0 TERMINATED=0 TRUNCATED=0
DAY4_MOTION_DONE=1 ELAPSED_SIM=1.200 INITIAL_ERR=0.02982 FINAL_ERR=0.00061 ARM_V=0.00683
DAY4_STEP=1 EPISODE=014 STEP=17 DIST=0.034097 YAW_ERR_DEG=11.198 REQUESTED_MOVE=0.006090 EXECUTED_MOVE=0.005964 ATTEMPT=0 SUCCESS=0 TERMINATED=0 TRUNCATED=0
DAY4_MOTION_DONE=1 ELAPSED_SIM=1.200 INITIAL_ERR=0.03497 FINAL_ERR=0.00099 ARM_V=0.01095
DAY4_STEP=1 EPISODE=014 STEP=18 DIST=0.033576 YAW_ERR_DEG=7.957 REQUESTED_MOVE=0.005499 EXECUTED_MOVE=0.005342 ATTEMPT=0 SUCCESS=0 TERMINATED=0 TRUNCATED=0
DAY4_MOTION_DONE=1 ELAPSED_SIM=1.334 INITIAL_ERR=0.08636 FINAL_ERR=0.00050 ARM_V=0.00558
DAY4_STEP=1 EPISODE=014 STEP=19 DIST=0.029358 YAW_ERR_DEG=4.181 REQUESTED_MOVE=0.005323 EXECUTED_MOVE=0.005292 ATTEMPT=0 SUCCESS=0 TERMINATED=0 TRUNCATED=0
DAY4_MOTION_DONE=1 ELAPSED_SIM=1.200 INITIAL_ERR=0.01932 FINAL_ERR=0.00040 ARM_V=0.00442
DAY4_STEP=1 EPISODE=014 STEP=20 DIST=0.028412 YAW_ERR_DEG=2.421 REQUESTED_MOVE=0.002648 EXECUTED_MOVE=0.002594 ATTEMPT=0 SUCCESS=0 TERMINATED=0 TRUNCATED=1
DAY4_RESET_GRIPPER=OPEN ANGLE_RAD=1.291159 EFFORT_NM=0.542956
DAY4_RESET_GRIPPER=AFTER_INITIAL_MOVE ANGLE_RAD=1.301848 EFFORT_NM=0.531683
TRIAL=015 VISUAL_CENTER=[0.15444301068782806, -0.0696616917848587, 0.01509481690858007] SURFACE=[0.15444301068782806, -0.0696616917848587, 0.03009481690858007] CONTOUR_DEG=0.02 AXIS_STD_DEG=0.00 FOOTPRINT=[0.03000004030764103, 0.03000004030764103] CONFIDENCE=0.9934
TRIAL=015 SELECTED_CONTOUR_ORIENTATION=+90.02deg TILT=0.0 LEAN=+1 SYMMETRY=1 IK_FK_POS_ERROR=0.000000m IK_FK_ORIENTATION_ERROR=0.000000rad FINGER_FK_LIFT=0.080000m FINGER_FK_DRIFT=0.000000m JOINT_MOTION=2.225817rad
DAY4_MOTION_DONE=1 ELAPSED_SIM=1.230 INITIAL_ERR=0.05460 FINAL_ERR=0.00054 ARM_V=0.00597
DAY4_STEP=1 EPISODE=015 STEP=01 DIST=0.026090 YAW_ERR_DEG=4.476 REQUESTED_MOVE=0.004476 EXECUTED_MOVE=0.004431 ATTEMPT=0 SUCCESS=0 TERMINATED=0 TRUNCATED=0
DAY4_MOTION_DONE=1 ELAPSED_SIM=1.200 INITIAL_ERR=0.01864 FINAL_ERR=0.00028 ARM_V=0.00311
DAY4_STEP=1 EPISODE=015 STEP=02 DIST=0.025739 YAW_ERR_DEG=6.224 REQUESTED_MOVE=0.003419 EXECUTED_MOVE=0.003367 ATTEMPT=0 SUCCESS=0 TERMINATED=0 TRUNCATED=0
DAY4_MOTION_DONE=1 ELAPSED_SIM=1.202 INITIAL_ERR=0.02418 FINAL_ERR=0.00036 ARM_V=0.00403
DAY4_STEP=1 EPISODE=015 STEP=03 DIST=0.027134 YAW_ERR_DEG=8.561 REQUESTED_MOVE=0.003398 EXECUTED_MOVE=0.003347 ATTEMPT=0 SUCCESS=0 TERMINATED=0 TRUNCATED=0
DAY4_MOTION_DONE=1 ELAPSED_SIM=1.200 INITIAL_ERR=0.03747 FINAL_ERR=0.00077 ARM_V=0.00857
DAY4_STEP=1 EPISODE=015 STEP=04 DIST=0.022573 YAW_ERR_DEG=9.621 REQUESTED_MOVE=0.004851 EXECUTED_MOVE=0.004751 ATTEMPT=0 SUCCESS=0 TERMINATED=0 TRUNCATED=0
DAY4_MOTION_DONE=1 ELAPSED_SIM=1.280 INITIAL_ERR=0.08803 FINAL_ERR=0.00057 ARM_V=0.00633
DAY4_STEP=1 EPISODE=015 STEP=05 DIST=0.024613 YAW_ERR_DEG=5.811 REQUESTED_MOVE=0.005147 EXECUTED_MOVE=0.005114 ATTEMPT=0 SUCCESS=0 TERMINATED=0 TRUNCATED=0
DAY4_MOTION_DONE=1 ELAPSED_SIM=1.320 INITIAL_ERR=0.07970 FINAL_ERR=0.00057 ARM_V=0.00636
DAY4_STEP=1 EPISODE=015 STEP=06 DIST=0.020584 YAW_ERR_DEG=10.262 REQUESTED_MOVE=0.005215 EXECUTED_MOVE=0.005177 ATTEMPT=0 SUCCESS=0 TERMINATED=0 TRUNCATED=0
DAY4_MOTION_DONE=1 ELAPSED_SIM=1.202 INITIAL_ERR=0.02725 FINAL_ERR=0.00062 ARM_V=0.00692
DAY4_STEP=1 EPISODE=015 STEP=07 DIST=0.020032 YAW_ERR_DEG=11.598 REQUESTED_MOVE=0.005102 EXECUTED_MOVE=0.004986 ATTEMPT=0 SUCCESS=0 TERMINATED=0 TRUNCATED=0
DAY4_MOTION_DONE=1 ELAPSED_SIM=1.202 INITIAL_ERR=0.03751 FINAL_ERR=0.00051 ARM_V=0.00564
DAY4_STEP=1 EPISODE=015 STEP=08 DIST=0.025760 YAW_ERR_DEG=13.755 REQUESTED_MOVE=0.006184 EXECUTED_MOVE=0.006100 ATTEMPT=0 SUCCESS=0 TERMINATED=0 TRUNCATED=0
DAY4_MOTION_DONE=1 ELAPSED_SIM=1.290 INITIAL_ERR=0.09363 FINAL_ERR=0.00061 ARM_V=0.00672
DAY4_STEP=1 EPISODE=015 STEP=09 DIST=0.028924 YAW_ERR_DEG=9.188 REQUESTED_MOVE=0.003828 EXECUTED_MOVE=0.003803 ATTEMPT=0 SUCCESS=0 TERMINATED=0 TRUNCATED=0
DAY4_MOTION_DONE=1 ELAPSED_SIM=1.200 INITIAL_ERR=0.03582 FINAL_ERR=0.00060 ARM_V=0.00664
DAY4_STEP=1 EPISODE=015 STEP=10 DIST=0.027594 YAW_ERR_DEG=11.412 REQUESTED_MOVE=0.005308 EXECUTED_MOVE=0.005219 ATTEMPT=0 SUCCESS=0 TERMINATED=0 TRUNCATED=0
DAY4_MOTION_DONE=1 ELAPSED_SIM=1.200 INITIAL_ERR=0.03314 FINAL_ERR=0.00084 ARM_V=0.00935
DAY4_STEP=1 EPISODE=015 STEP=11 DIST=0.028578 YAW_ERR_DEG=12.493 REQUESTED_MOVE=0.005670 EXECUTED_MOVE=0.005526 ATTEMPT=0 SUCCESS=0 TERMINATED=0 TRUNCATED=0
DAY4_MOTION_DONE=1 ELAPSED_SIM=1.200 INITIAL_ERR=0.02350 FINAL_ERR=0.00060 ARM_V=0.00664
DAY4_STEP=1 EPISODE=015 STEP=12 DIST=0.030910 YAW_ERR_DEG=12.022 REQUESTED_MOVE=0.002703 EXECUTED_MOVE=0.002636 ATTEMPT=0 SUCCESS=0 TERMINATED=0 TRUNCATED=0
DAY4_MOTION_DONE=1 ELAPSED_SIM=1.306 INITIAL_ERR=0.06873 FINAL_ERR=0.00049 ARM_V=0.00548
DAY4_STEP=1 EPISODE=015 STEP=13 DIST=0.029052 YAW_ERR_DEG=7.506 REQUESTED_MOVE=0.004606 EXECUTED_MOVE=0.004573 ATTEMPT=0 SUCCESS=0 TERMINATED=0 TRUNCATED=0
DAY4_MOTION_DONE=1 ELAPSED_SIM=1.202 INITIAL_ERR=0.03739 FINAL_ERR=0.00050 ARM_V=0.00561
DAY4_STEP=1 EPISODE=015 STEP=14 DIST=0.032003 YAW_ERR_DEG=10.601 REQUESTED_MOVE=0.006792 EXECUTED_MOVE=0.006701 ATTEMPT=0 SUCCESS=0 TERMINATED=0 TRUNCATED=0
DAY4_MOTION_DONE=1 ELAPSED_SIM=1.342 INITIAL_ERR=0.09451 FINAL_ERR=0.00049 ARM_V=0.00550
DAY4_STEP=1 EPISODE=015 STEP=15 DIST=0.028003 YAW_ERR_DEG=14.641 REQUESTED_MOVE=0.004964 EXECUTED_MOVE=0.004938 ATTEMPT=0 SUCCESS=0 TERMINATED=0 TRUNCATED=0
DAY4_MOTION_DONE=1 ELAPSED_SIM=1.258 INITIAL_ERR=0.06894 FINAL_ERR=0.00055 ARM_V=0.00611
DAY4_STEP=1 EPISODE=015 STEP=16 DIST=0.024568 YAW_ERR_DEG=17.053 REQUESTED_MOVE=0.005541 EXECUTED_MOVE=0.005497 ATTEMPT=0 SUCCESS=0 TERMINATED=0 TRUNCATED=0
DAY4_MOTION_DONE=1 ELAPSED_SIM=1.202 INITIAL_ERR=0.01651 FINAL_ERR=0.00042 ARM_V=0.00465
DAY4_STEP=1 EPISODE=015 STEP=17 DIST=0.022533 YAW_ERR_DEG=15.431 REQUESTED_MOVE=0.003376 EXECUTED_MOVE=0.003291 ATTEMPT=0 SUCCESS=0 TERMINATED=0 TRUNCATED=0
DAY4_MOTION_DONE=1 ELAPSED_SIM=1.200 INITIAL_ERR=0.04561 FINAL_ERR=0.00104 ARM_V=0.01159
DAY4_STEP=1 EPISODE=015 STEP=18 DIST=0.021258 YAW_ERR_DEG=15.978 REQUESTED_MOVE=0.005800 EXECUTED_MOVE=0.005668 ATTEMPT=0 SUCCESS=0 TERMINATED=0 TRUNCATED=0
DAY4_MOTION_DONE=1 ELAPSED_SIM=1.284 INITIAL_ERR=0.05025 FINAL_ERR=0.00050 ARM_V=0.00552
DAY4_STEP=1 EPISODE=015 STEP=19 DIST=0.016768 YAW_ERR_DEG=12.177 REQUESTED_MOVE=0.005303 EXECUTED_MOVE=0.005251 ATTEMPT=0 SUCCESS=0 TERMINATED=0 TRUNCATED=0
DAY4_MOTION_DONE=1 ELAPSED_SIM=1.236 INITIAL_ERR=0.05141 FINAL_ERR=0.00051 ARM_V=0.00563
DAY4_STEP=1 EPISODE=015 STEP=20 DIST=0.014632 YAW_ERR_DEG=14.585 REQUESTED_MOVE=0.004322 EXECUTED_MOVE=0.004279 ATTEMPT=0 SUCCESS=0 TERMINATED=0 TRUNCATED=1
DAY4_RESET_GRIPPER=OPEN ANGLE_RAD=1.291144 EFFORT_NM=0.544841
DAY4_RESET_GRIPPER=AFTER_INITIAL_MOVE ANGLE_RAD=1.301527 EFFORT_NM=0.536902
TRIAL=016 VISUAL_CENTER=[0.20299331843852997, 0.019600473809987307, 0.015100023051607181] SURFACE=[0.20299331843852997, 0.019600473809987307, 0.03010002305160718] CONTOUR_DEG=0.00 AXIS_STD_DEG=0.00 FOOTPRINT=[0.029517296701669693, 0.029517296701669693] CONFIDENCE=0.9937
TRIAL=016 SELECTED_CONTOUR_ORIENTATION=+90.00deg TILT=0.0 LEAN=-1 SYMMETRY=1 IK_FK_POS_ERROR=0.000000m IK_FK_ORIENTATION_ERROR=0.000000rad FINGER_FK_LIFT=0.080000m FINGER_FK_DRIFT=0.000000m JOINT_MOTION=2.359395rad
DAY4_MOTION_DONE=1 ELAPSED_SIM=1.202 INITIAL_ERR=0.02789 FINAL_ERR=0.00038 ARM_V=0.00419
DAY4_STEP=1 EPISODE=016 STEP=01 DIST=0.024405 YAW_ERR_DEG=0.178 REQUESTED_MOVE=0.002473 EXECUTED_MOVE=0.002439 ATTEMPT=0 SUCCESS=0 TERMINATED=0 TRUNCATED=0
DAY4_MOTION_DONE=1 ELAPSED_SIM=1.284 INITIAL_ERR=0.05501 FINAL_ERR=0.00054 ARM_V=0.00602
DAY4_STEP=1 EPISODE=016 STEP=02 DIST=0.020104 YAW_ERR_DEG=4.174 REQUESTED_MOVE=0.006290 EXECUTED_MOVE=0.006228 ATTEMPT=0 SUCCESS=0 TERMINATED=0 TRUNCATED=0
DAY4_MOTION_DONE=1 ELAPSED_SIM=1.296 INITIAL_ERR=0.06510 FINAL_ERR=0.00052 ARM_V=0.00577
DAY4_STEP=1 EPISODE=016 STEP=03 DIST=0.023500 YAW_ERR_DEG=4.670 REQUESTED_MOVE=0.006727 EXECUTED_MOVE=0.006673 ATTEMPT=0 SUCCESS=0 TERMINATED=0 TRUNCATED=0
DAY4_MOTION_DONE=1 ELAPSED_SIM=1.308 INITIAL_ERR=0.09164 FINAL_ERR=0.00059 ARM_V=0.00658
DAY4_STEP=1 EPISODE=016 STEP=04 DIST=0.026325 YAW_ERR_DEG=9.158 REQUESTED_MOVE=0.004914 EXECUTED_MOVE=0.004882 ATTEMPT=0 SUCCESS=0 TERMINATED=0 TRUNCATED=0
DAY4_MOTION_DONE=1 ELAPSED_SIM=1.322 INITIAL_ERR=0.08279 FINAL_ERR=0.00060 ARM_V=0.00661
DAY4_STEP=1 EPISODE=016 STEP=05 DIST=0.027337 YAW_ERR_DEG=4.415 REQUESTED_MOVE=0.003473 EXECUTED_MOVE=0.003449 ATTEMPT=0 SUCCESS=0 TERMINATED=0 TRUNCATED=0
DAY4_MOTION_DONE=1 ELAPSED_SIM=1.200 INITIAL_ERR=0.02145 FINAL_ERR=0.00054 ARM_V=0.00604
DAY4_STEP=1 EPISODE=016 STEP=06 DIST=0.025316 YAW_ERR_DEG=5.301 REQUESTED_MOVE=0.004730 EXECUTED_MOVE=0.004610 ATTEMPT=0 SUCCESS=0 TERMINATED=0 TRUNCATED=0
DAY4_MOTION_DONE=1 ELAPSED_SIM=1.336 INITIAL_ERR=0.09704 FINAL_ERR=0.00056 ARM_V=0.00627
DAY4_STEP=1 EPISODE=016 STEP=07 DIST=0.027551 YAW_ERR_DEG=0.956 REQUESTED_MOVE=0.005042 EXECUTED_MOVE=0.005013 ATTEMPT=0 SUCCESS=0 TERMINATED=0 TRUNCATED=0
DAY4_MOTION_DONE=1 ELAPSED_SIM=1.200 INITIAL_ERR=0.01539 FINAL_ERR=0.00029 ARM_V=0.00317
DAY4_STEP=1 EPISODE=016 STEP=08 DIST=0.025600 YAW_ERR_DEG=0.941 REQUESTED_MOVE=0.003591 EXECUTED_MOVE=0.003524 ATTEMPT=0 SUCCESS=0 TERMINATED=0 TRUNCATED=0
DAY4_MOTION_DONE=1 ELAPSED_SIM=1.200 INITIAL_ERR=0.03103 FINAL_ERR=0.00052 ARM_V=0.00575
DAY4_STEP=1 EPISODE=016 STEP=09 DIST=0.023652 YAW_ERR_DEG=2.059 REQUESTED_MOVE=0.002687 EXECUTED_MOVE=0.002642 ATTEMPT=0 SUCCESS=0 TERMINATED=0 TRUNCATED=0
DAY4_MOTION_DONE=1 ELAPSED_SIM=1.250 INITIAL_ERR=0.06699 FINAL_ERR=0.00059 ARM_V=0.00660
DAY4_STEP=1 EPISODE=016 STEP=10 DIST=0.020407 YAW_ERR_DEG=2.177 REQUESTED_MOVE=0.003468 EXECUTED_MOVE=0.003438 ATTEMPT=0 SUCCESS=0 TERMINATED=0 TRUNCATED=0
DAY4_MOTION_DONE=1 ELAPSED_SIM=1.306 INITIAL_ERR=0.06417 FINAL_ERR=0.00051 ARM_V=0.00570
DAY4_STEP=1 EPISODE=016 STEP=11 DIST=0.021629 YAW_ERR_DEG=1.638 REQUESTED_MOVE=0.001284 EXECUTED_MOVE=0.001273 ATTEMPT=0 SUCCESS=0 TERMINATED=0 TRUNCATED=0
DAY4_MOTION_DONE=1 ELAPSED_SIM=1.200 INITIAL_ERR=0.02696 FINAL_ERR=0.00040 ARM_V=0.00450
DAY4_STEP=1 EPISODE=016 STEP=12 DIST=0.020059 YAW_ERR_DEG=1.074 REQUESTED_MOVE=0.002527 EXECUTED_MOVE=0.002489 ATTEMPT=0 SUCCESS=0 TERMINATED=0 TRUNCATED=0
DAY4_MOTION_DONE=1 ELAPSED_SIM=1.324 INITIAL_ERR=0.08806 FINAL_ERR=0.00051 ARM_V=0.00569
DAY4_STEP=1 EPISODE=016 STEP=13 DIST=0.017122 YAW_ERR_DEG=5.134 REQUESTED_MOVE=0.006045 EXECUTED_MOVE=0.006010 ATTEMPT=0 SUCCESS=0 TERMINATED=0 TRUNCATED=0
DAY4_MOTION_DONE=1 ELAPSED_SIM=1.200 INITIAL_ERR=0.03199 FINAL_ERR=0.00048 ARM_V=0.00535
DAY4_STEP=1 EPISODE=016 STEP=14 DIST=0.018783 YAW_ERR_DEG=2.426 REQUESTED_MOVE=0.004776 EXECUTED_MOVE=0.004705 ATTEMPT=0 SUCCESS=0 TERMINATED=0 TRUNCATED=0
DAY4_MOTION_DONE=1 ELAPSED_SIM=1.258 INITIAL_ERR=0.05457 FINAL_ERR=0.00060 ARM_V=0.00664
DAY4_STEP=1 EPISODE=016 STEP=15 DIST=0.015670 YAW_ERR_DEG=4.253 REQUESTED_MOVE=0.006838 EXECUTED_MOVE=0.006763 ATTEMPT=0 SUCCESS=0 TERMINATED=0 TRUNCATED=0
DAY4_MOTION_DONE=1 ELAPSED_SIM=1.264 INITIAL_ERR=0.05674 FINAL_ERR=0.00056 ARM_V=0.00621
DAY4_STEP=1 EPISODE=016 STEP=16 DIST=0.016387 YAW_ERR_DEG=1.719 REQUESTED_MOVE=0.005541 EXECUTED_MOVE=0.005486 ATTEMPT=0 SUCCESS=0 TERMINATED=0 TRUNCATED=0
DAY4_MOTION_DONE=1 ELAPSED_SIM=1.200 INITIAL_ERR=0.04277 FINAL_ERR=0.00079 ARM_V=0.00880
DAY4_STEP=1 EPISODE=016 STEP=17 DIST=0.013689 YAW_ERR_DEG=1.023 REQUESTED_MOVE=0.002886 EXECUTED_MOVE=0.002832 ATTEMPT=0 SUCCESS=0 TERMINATED=0 TRUNCATED=0
DAY4_MOTION_DONE=1 ELAPSED_SIM=1.200 INITIAL_ERR=0.02469 FINAL_ERR=0.00062 ARM_V=0.00693
DAY4_STEP=1 EPISODE=016 STEP=18 DIST=0.013477 YAW_ERR_DEG=0.201 REQUESTED_MOVE=0.002406 EXECUTED_MOVE=0.002345 ATTEMPT=0 SUCCESS=0 TERMINATED=0 TRUNCATED=0
DAY4_MOTION_DONE=1 ELAPSED_SIM=1.318 INITIAL_ERR=0.07640 FINAL_ERR=0.00049 ARM_V=0.00549
DAY4_STEP=1 EPISODE=016 STEP=19 DIST=0.012929 YAW_ERR_DEG=4.812 REQUESTED_MOVE=0.001646 EXECUTED_MOVE=0.001636 ATTEMPT=0 SUCCESS=0 TERMINATED=0 TRUNCATED=0
DAY4_MOTION_DONE=1 ELAPSED_SIM=1.322 INITIAL_ERR=0.08007 FINAL_ERR=0.00052 ARM_V=0.00574
DAY4_STEP=1 EPISODE=016 STEP=20 DIST=0.014195 YAW_ERR_DEG=9.157 REQUESTED_MOVE=0.001374 EXECUTED_MOVE=0.001365 ATTEMPT=0 SUCCESS=0 TERMINATED=0 TRUNCATED=1
DAY4_RESET_GRIPPER=OPEN ANGLE_RAD=1.291168 EFFORT_NM=0.558945
DAY4_RESET_GRIPPER=AFTER_INITIAL_MOVE ANGLE_RAD=1.305571 EFFORT_NM=0.534437
TRIAL=017 VISUAL_CENTER=[0.19837741553783417, -0.018744446337223053, 0.01509989065628449] SURFACE=[0.19837741553783417, -0.018744446337223053, 0.03009989065628449] CONTOUR_DEG=-0.00 AXIS_STD_DEG=0.00 FOOTPRINT=[0.0299416221678257, 0.0299416221678257] CONFIDENCE=0.9950
TRIAL=017 SELECTED_CONTOUR_ORIENTATION=+90.00deg TILT=0.0 LEAN=-1 SYMMETRY=1 IK_FK_POS_ERROR=0.000000m IK_FK_ORIENTATION_ERROR=0.000000rad FINGER_FK_LIFT=0.080000m FINGER_FK_DRIFT=0.000000m JOINT_MOTION=2.261785rad
DAY4_MOTION_DONE=1 ELAPSED_SIM=1.242 INITIAL_ERR=0.06107 FINAL_ERR=0.00060 ARM_V=0.00668
DAY4_STEP=1 EPISODE=017 STEP=01 DIST=0.027909 YAW_ERR_DEG=1.875 REQUESTED_MOVE=0.004839 EXECUTED_MOVE=0.004793 ATTEMPT=0 SUCCESS=0 TERMINATED=0 TRUNCATED=0
DAY4_MOTION_DONE=1 ELAPSED_SIM=1.328 INITIAL_ERR=0.08108 FINAL_ERR=0.00058 ARM_V=0.00646
DAY4_STEP=1 EPISODE=017 STEP=02 DIST=0.030086 YAW_ERR_DEG=6.256 REQUESTED_MOVE=0.002326 EXECUTED_MOVE=0.002309 ATTEMPT=0 SUCCESS=0 TERMINATED=0 TRUNCATED=0
DAY4_MOTION_DONE=1 ELAPSED_SIM=1.202 INITIAL_ERR=0.04038 FINAL_ERR=0.00067 ARM_V=0.00748
DAY4_STEP=1 EPISODE=017 STEP=03 DIST=0.026139 YAW_ERR_DEG=9.315 REQUESTED_MOVE=0.004919 EXECUTED_MOVE=0.004837 ATTEMPT=0 SUCCESS=0 TERMINATED=0 TRUNCATED=0
DAY4_MOTION_DONE=1 ELAPSED_SIM=1.202 INITIAL_ERR=0.04826 FINAL_ERR=0.00110 ARM_V=0.01226
DAY4_STEP=1 EPISODE=017 STEP=04 DIST=0.024658 YAW_ERR_DEG=7.633 REQUESTED_MOVE=0.004236 EXECUTED_MOVE=0.004138 ATTEMPT=0 SUCCESS=0 TERMINATED=0 TRUNCATED=0
DAY4_MOTION_DONE=1 ELAPSED_SIM=1.200 INITIAL_ERR=0.04899 FINAL_ERR=0.00082 ARM_V=0.00907
DAY4_STEP=1 EPISODE=017 STEP=05 DIST=0.024899 YAW_ERR_DEG=3.720 REQUESTED_MOVE=0.004496 EXECUTED_MOVE=0.004421 ATTEMPT=0 SUCCESS=0 TERMINATED=0 TRUNCATED=0
DAY4_MOTION_DONE=1 ELAPSED_SIM=1.260 INITIAL_ERR=0.06482 FINAL_ERR=0.00057 ARM_V=0.00639
DAY4_STEP=1 EPISODE=017 STEP=06 DIST=0.021711 YAW_ERR_DEG=7.751 REQUESTED_MOVE=0.003285 EXECUTED_MOVE=0.003256 ATTEMPT=0 SUCCESS=0 TERMINATED=0 TRUNCATED=0
DAY4_MOTION_DONE=1 ELAPSED_SIM=1.286 INITIAL_ERR=0.06626 FINAL_ERR=0.00053 ARM_V=0.00587
DAY4_STEP=1 EPISODE=017 STEP=07 DIST=0.023885 YAW_ERR_DEG=4.937 REQUESTED_MOVE=0.004191 EXECUTED_MOVE=0.004157 ATTEMPT=0 SUCCESS=0 TERMINATED=0 TRUNCATED=0
DAY4_MOTION_DONE=1 ELAPSED_SIM=1.222 INITIAL_ERR=0.05174 FINAL_ERR=0.00051 ARM_V=0.00567
DAY4_STEP=1 EPISODE=017 STEP=08 DIST=0.024208 YAW_ERR_DEG=6.923 REQUESTED_MOVE=0.003639 EXECUTED_MOVE=0.003603 ATTEMPT=0 SUCCESS=0 TERMINATED=0 TRUNCATED=0
DAY4_MOTION_DONE=1 ELAPSED_SIM=1.260 INITIAL_ERR=0.05080 FINAL_ERR=0.00050 ARM_V=0.00556
DAY4_STEP=1 EPISODE=017 STEP=09 DIST=0.026156 YAW_ERR_DEG=11.091 REQUESTED_MOVE=0.006867 EXECUTED_MOVE=0.006800 ATTEMPT=0 SUCCESS=0 TERMINATED=0 TRUNCATED=0
DAY4_MOTION_DONE=1 ELAPSED_SIM=1.200 INITIAL_ERR=0.01674 FINAL_ERR=0.00034 ARM_V=0.00382
DAY4_STEP=1 EPISODE=017 STEP=10 DIST=0.027085 YAW_ERR_DEG=10.959 REQUESTED_MOVE=0.002200 EXECUTED_MOVE=0.002156 ATTEMPT=0 SUCCESS=0 TERMINATED=0 TRUNCATED=0
DAY4_MOTION_DONE=1 ELAPSED_SIM=1.290 INITIAL_ERR=0.07137 FINAL_ERR=0.00057 ARM_V=0.00632
DAY4_STEP=1 EPISODE=017 STEP=11 DIST=0.022680 YAW_ERR_DEG=6.653 REQUESTED_MOVE=0.004889 EXECUTED_MOVE=0.004850 ATTEMPT=0 SUCCESS=0 TERMINATED=0 TRUNCATED=0
DAY4_MOTION_DONE=1 ELAPSED_SIM=1.262 INITIAL_ERR=0.07511 FINAL_ERR=0.00060 ARM_V=0.00666
DAY4_STEP=1 EPISODE=017 STEP=12 DIST=0.020278 YAW_ERR_DEG=10.212 REQUESTED_MOVE=0.004366 EXECUTED_MOVE=0.004331 ATTEMPT=0 SUCCESS=0 TERMINATED=0 TRUNCATED=0
DAY4_MOTION_DONE=1 ELAPSED_SIM=1.252 INITIAL_ERR=0.06050 FINAL_ERR=0.00054 ARM_V=0.00597
DAY4_STEP=1 EPISODE=017 STEP=13 DIST=0.018941 YAW_ERR_DEG=7.754 REQUESTED_MOVE=0.003536 EXECUTED_MOVE=0.003505 ATTEMPT=0 SUCCESS=0 TERMINATED=0 TRUNCATED=0
DAY4_MOTION_DONE=1 ELAPSED_SIM=1.202 INITIAL_ERR=0.02507 FINAL_ERR=0.00038 ARM_V=0.00418
DAY4_STEP=1 EPISODE=017 STEP=14 DIST=0.019881 YAW_ERR_DEG=6.325 REQUESTED_MOVE=0.004878 EXECUTED_MOVE=0.004804 ATTEMPT=0 SUCCESS=0 TERMINATED=0 TRUNCATED=0
DAY4_MOTION_DONE=1 ELAPSED_SIM=1.200 INITIAL_ERR=0.03120 FINAL_ERR=0.00047 ARM_V=0.00520
DAY4_STEP=1 EPISODE=017 STEP=15 DIST=0.016865 YAW_ERR_DEG=7.953 REQUESTED_MOVE=0.004964 EXECUTED_MOVE=0.004889 ATTEMPT=0 SUCCESS=0 TERMINATED=0 TRUNCATED=0
DAY4_MOTION_DONE=1 ELAPSED_SIM=1.302 INITIAL_ERR=0.06776 FINAL_ERR=0.00054 ARM_V=0.00601
DAY4_STEP=1 EPISODE=017 STEP=16 DIST=0.013681 YAW_ERR_DEG=6.060 REQUESTED_MOVE=0.006594 EXECUTED_MOVE=0.006541 ATTEMPT=0 SUCCESS=0 TERMINATED=0 TRUNCATED=0
DAY4_MOTION_DONE=1 ELAPSED_SIM=1.200 INITIAL_ERR=0.04496 FINAL_ERR=0.00115 ARM_V=0.01274
DAY4_STEP=1 EPISODE=017 STEP=17 DIST=0.010378 YAW_ERR_DEG=5.838 REQUESTED_MOVE=0.005204 EXECUTED_MOVE=0.005072 ATTEMPT=0 SUCCESS=0 TERMINATED=0 TRUNCATED=0
DAY4_MOTION_DONE=1 ELAPSED_SIM=1.274 INITIAL_ERR=0.06540 FINAL_ERR=0.00052 ARM_V=0.00580
DAY4_STEP=1 EPISODE=017 STEP=18 DIST=0.007083 YAW_ERR_DEG=2.766 REQUESTED_MOVE=0.004961 EXECUTED_MOVE=0.004922 ATTEMPT=0 SUCCESS=0 TERMINATED=0 TRUNCATED=0
DAY4_MOTION_DONE=1 ELAPSED_SIM=1.272 INITIAL_ERR=0.06716 FINAL_ERR=0.00060 ARM_V=0.00662
DAY4_GRASP_ATTEMPT=1
TRIAL=017 PHASE=CLOSE_SEARCH
TRIAL=017 LEFT_CONTACT=0 RIGHT_CONTACT=0 STALL=0
TRIAL=017 LEFT_CONTACT=0 RIGHT_CONTACT=0 STALL=0
TRIAL=017 LEFT_CONTACT=0 RIGHT_CONTACT=0 STALL=0
TRIAL=017 LEFT_CONTACT=0 RIGHT_CONTACT=0 STALL=0
TRIAL=017 LEFT_CONTACT=1 RIGHT_CONTACT=0 STALL=0
TRIAL=017 LEFT_CONTACT=1 RIGHT_CONTACT=0 STALL=0
TRIAL=017 PHASE=WAIT_DUAL_CONTACT
TRIAL=017 PHASE=WAIT_STALL
TRIAL=017 LEFT_CONTACT=1 RIGHT_CONTACT=1 STALL=0 GRIPPER_ERROR=0.03368 VELOCITY=0.01400 CLOSURE_M=0.00029
TRIAL=017 LEFT_CONTACT=1 RIGHT_CONTACT=1 STALL=0 GRIPPER_ERROR=0.01414 VELOCITY=0.01154 CLOSURE_M=0.00121
TRIAL=017 LEFT_CONTACT=1 RIGHT_CONTACT=1 STALL=1 GRIPPER_ERROR=0.00685 VELOCITY=0.00493 CLOSURE_M=0.00155
TRIAL=017 PHASE=LIFT_80_MM
TRIAL=017 ACTUAL_LIFT_M=-0.00001 LEFT_CONTACT=1 RIGHT_CONTACT=1
TRIAL=017 ACTUAL_LIFT_M=0.02940 LEFT_CONTACT=1 RIGHT_CONTACT=1
TRIAL=017 ACTUAL_LIFT_M=0.06285 LEFT_CONTACT=1 RIGHT_CONTACT=1
TRIAL=017 PHASE=HOLD
TRIAL=017 HOLD_SIM_SEC=0.000 HOLD_WALL_SEC=0.001 ACTUAL_LIFT_M=0.07652 RELATIVE_SLIP_M=0.00000 LEFT_CONTACT=1 RIGHT_CONTACT=1
TRIAL=017 HOLD_SIM_SEC=0.892 HOLD_WALL_SEC=1.001 ACTUAL_LIFT_M=0.07659 RELATIVE_SLIP_M=0.00000 LEFT_CONTACT=1 RIGHT_CONTACT=1
TRIAL=017 HOLD_SIM_SEC=1.832 HOLD_WALL_SEC=2.001 ACTUAL_LIFT_M=0.07658 RELATIVE_SLIP_M=0.00000 LEFT_CONTACT=1 RIGHT_CONTACT=1
TRIAL=017 HOLD_SIM_SEC=2.792 HOLD_WALL_SEC=3.002 ACTUAL_LIFT_M=0.07658 RELATIVE_SLIP_M=0.00000 LEFT_CONTACT=1 RIGHT_CONTACT=1
TRIAL=017 HOLD_SIM_SEC=3.736 HOLD_WALL_SEC=4.002 ACTUAL_LIFT_M=0.07657 RELATIVE_SLIP_M=0.00001 LEFT_CONTACT=1 RIGHT_CONTACT=1
TRIAL=017 HOLD_SIM_SEC=4.700 HOLD_WALL_SEC=5.003 ACTUAL_LIFT_M=0.07657 RELATIVE_SLIP_M=0.00001 LEFT_CONTACT=1 RIGHT_CONTACT=1
TRIAL=017 PHASE=PLACE_DOWN
TRIAL=017 PHASE=OPEN_GRIPPER
TRIAL=017 PHASE=RETREAT_PREGRASP
TRIAL=017 PHASE=GRASP_SUCCESS
TRIAL=017 DAY5_PLACE_RELEASE=PASS
DAY4_GRASP_RESULT=SUCCESS
DAY4_STEP=1 EPISODE=017 STEP=19 DIST=0.005429 YAW_ERR_DEG=6.570 REQUESTED_MOVE=0.004844 EXECUTED_MOVE=0.004801 ATTEMPT=1 SUCCESS=1 TERMINATED=1 TRUNCATED=0
DAY4_RESET_GRIPPER=OPEN ANGLE_RAD=1.291121 EFFORT_NM=0.556317
DAY4_RESET_GRIPPER=AFTER_INITIAL_MOVE ANGLE_RAD=1.304346 EFFORT_NM=0.534334
TRIAL=018 VISUAL_CENTER=[0.16784390807151794, -0.06598754972219467, 0.015096139758982038] SURFACE=[0.16784390807151794, -0.06598754972219467, 0.030096139758982038] CONTOUR_DEG=0.00 AXIS_STD_DEG=0.00 FOOTPRINT=[0.030004139989614487, 0.030004139989614487] CONFIDENCE=0.9938
TRIAL=018 SELECTED_CONTOUR_ORIENTATION=+90.00deg TILT=0.0 LEAN=-1 SYMMETRY=1 IK_FK_POS_ERROR=0.000000m IK_FK_ORIENTATION_ERROR=0.000000rad FINGER_FK_LIFT=0.080000m FINGER_FK_DRIFT=0.000000m JOINT_MOTION=2.220179rad
DAY4_MOTION_DONE=1 ELAPSED_SIM=1.200 INITIAL_ERR=0.02649 FINAL_ERR=0.00036 ARM_V=0.00398
DAY4_STEP=1 EPISODE=018 STEP=01 DIST=0.022550 YAW_ERR_DEG=0.457 REQUESTED_MOVE=0.004517 EXECUTED_MOVE=0.004456 ATTEMPT=0 SUCCESS=0 TERMINATED=0 TRUNCATED=0
DAY4_MOTION_DONE=1 ELAPSED_SIM=1.308 INITIAL_ERR=0.07027 FINAL_ERR=0.00050 ARM_V=0.00560
DAY4_STEP=1 EPISODE=018 STEP=02 DIST=0.020612 YAW_ERR_DEG=1.933 REQUESTED_MOVE=0.006994 EXECUTED_MOVE=0.006943 ATTEMPT=0 SUCCESS=0 TERMINATED=0 TRUNCATED=0
DAY4_MOTION_DONE=1 ELAPSED_SIM=1.278 INITIAL_ERR=0.07044 FINAL_ERR=0.00056 ARM_V=0.00624
DAY4_STEP=1 EPISODE=018 STEP=03 DIST=0.022732 YAW_ERR_DEG=5.336 REQUESTED_MOVE=0.003066 EXECUTED_MOVE=0.003041 ATTEMPT=0 SUCCESS=0 TERMINATED=0 TRUNCATED=0
DAY4_MOTION_DONE=1 ELAPSED_SIM=1.256 INITIAL_ERR=0.05171 FINAL_ERR=0.00051 ARM_V=0.00566
DAY4_STEP=1 EPISODE=018 STEP=04 DIST=0.019766 YAW_ERR_DEG=2.727 REQUESTED_MOVE=0.003037 EXECUTED_MOVE=0.003007 ATTEMPT=0 SUCCESS=0 TERMINATED=0 TRUNCATED=0
DAY4_MOTION_DONE=1 ELAPSED_SIM=1.200 INITIAL_ERR=0.04205 FINAL_ERR=0.00087 ARM_V=0.00961
DAY4_STEP=1 EPISODE=018 STEP=05 DIST=0.016103 YAW_ERR_DEG=2.586 REQUESTED_MOVE=0.005256 EXECUTED_MOVE=0.005148 ATTEMPT=0 SUCCESS=0 TERMINATED=0 TRUNCATED=0
DAY4_MOTION_DONE=1 ELAPSED_SIM=1.202 INITIAL_ERR=0.03960 FINAL_ERR=0.00082 ARM_V=0.00906
DAY4_STEP=1 EPISODE=018 STEP=06 DIST=0.015231 YAW_ERR_DEG=5.518 REQUESTED_MOVE=0.003893 EXECUTED_MOVE=0.003813 ATTEMPT=0 SUCCESS=0 TERMINATED=0 TRUNCATED=0
DAY4_MOTION_DONE=1 ELAPSED_SIM=1.200 INITIAL_ERR=0.04958 FINAL_ERR=0.00126 ARM_V=0.01399
DAY4_STEP=1 EPISODE=018 STEP=07 DIST=0.015811 YAW_ERR_DEG=9.591 REQUESTED_MOVE=0.004815 EXECUTED_MOVE=0.004694 ATTEMPT=0 SUCCESS=0 TERMINATED=0 TRUNCATED=0
DAY4_MOTION_DONE=1 ELAPSED_SIM=1.200 INITIAL_ERR=0.04070 FINAL_ERR=0.00061 ARM_V=0.00677
DAY4_STEP=1 EPISODE=018 STEP=08 DIST=0.014682 YAW_ERR_DEG=11.199 REQUESTED_MOVE=0.003925 EXECUTED_MOVE=0.003865 ATTEMPT=0 SUCCESS=0 TERMINATED=0 TRUNCATED=0
DAY4_MOTION_DONE=1 ELAPSED_SIM=1.302 INITIAL_ERR=0.07766 FINAL_ERR=0.00056 ARM_V=0.00620
DAY4_STEP=1 EPISODE=018 STEP=09 DIST=0.012502 YAW_ERR_DEG=6.410 REQUESTED_MOVE=0.005193 EXECUTED_MOVE=0.005156 ATTEMPT=0 SUCCESS=0 TERMINATED=0 TRUNCATED=0
DAY4_MOTION_DONE=1 ELAPSED_SIM=1.314 INITIAL_ERR=0.07486 FINAL_ERR=0.00060 ARM_V=0.00663
DAY4_STEP=1 EPISODE=018 STEP=10 DIST=0.007677 YAW_ERR_DEG=3.238 REQUESTED_MOVE=0.005063 EXECUTED_MOVE=0.005023 ATTEMPT=0 SUCCESS=0 TERMINATED=0 TRUNCATED=0
DAY4_MOTION_DONE=1 ELAPSED_SIM=1.202 INITIAL_ERR=0.03023 FINAL_ERR=0.00041 ARM_V=0.00454
DAY4_STEP=1 EPISODE=018 STEP=11 DIST=0.011016 YAW_ERR_DEG=0.028 REQUESTED_MOVE=0.005374 EXECUTED_MOVE=0.005301 ATTEMPT=0 SUCCESS=0 TERMINATED=0 TRUNCATED=0
DAY4_MOTION_DONE=1 ELAPSED_SIM=1.258 INITIAL_ERR=0.06829 FINAL_ERR=0.00054 ARM_V=0.00605
DAY4_STEP=1 EPISODE=018 STEP=12 DIST=0.006676 YAW_ERR_DEG=2.288 REQUESTED_MOVE=0.005494 EXECUTED_MOVE=0.005450 ATTEMPT=0 SUCCESS=0 TERMINATED=0 TRUNCATED=0
DAY4_MOTION_DONE=1 ELAPSED_SIM=1.200 INITIAL_ERR=0.04820 FINAL_ERR=0.00072 ARM_V=0.00804
DAY4_STEP=1 EPISODE=018 STEP=13 DIST=0.013530 YAW_ERR_DEG=2.407 REQUESTED_MOVE=0.007097 EXECUTED_MOVE=0.006991 ATTEMPT=0 SUCCESS=0 TERMINATED=0 TRUNCATED=0
DAY4_MOTION_DONE=1 ELAPSED_SIM=1.200 INITIAL_ERR=0.03850 FINAL_ERR=0.00098 ARM_V=0.01088
DAY4_STEP=1 EPISODE=018 STEP=14 DIST=0.009978 YAW_ERR_DEG=2.292 REQUESTED_MOVE=0.005120 EXECUTED_MOVE=0.004988 ATTEMPT=0 SUCCESS=0 TERMINATED=0 TRUNCATED=0
DAY4_MOTION_DONE=1 ELAPSED_SIM=1.200 INITIAL_ERR=0.04254 FINAL_ERR=0.00064 ARM_V=0.00710
DAY4_STEP=1 EPISODE=018 STEP=15 DIST=0.011671 YAW_ERR_DEG=2.389 REQUESTED_MOVE=0.004532 EXECUTED_MOVE=0.004463 ATTEMPT=0 SUCCESS=0 TERMINATED=0 TRUNCATED=0
DAY4_MOTION_DONE=1 ELAPSED_SIM=1.200 INITIAL_ERR=0.04464 FINAL_ERR=0.00074 ARM_V=0.00827
DAY4_STEP=1 EPISODE=018 STEP=16 DIST=0.010526 YAW_ERR_DEG=4.428 REQUESTED_MOVE=0.005544 EXECUTED_MOVE=0.005452 ATTEMPT=0 SUCCESS=0 TERMINATED=0 TRUNCATED=0
DAY4_MOTION_DONE=1 ELAPSED_SIM=1.296 INITIAL_ERR=0.06486 FINAL_ERR=0.00057 ARM_V=0.00638
DAY4_STEP=1 EPISODE=018 STEP=17 DIST=0.006438 YAW_ERR_DEG=6.883 REQUESTED_MOVE=0.005006 EXECUTED_MOVE=0.004961 ATTEMPT=0 SUCCESS=0 TERMINATED=0 TRUNCATED=0
DAY4_MOTION_DONE=1 ELAPSED_SIM=1.322 INITIAL_ERR=0.08060 FINAL_ERR=0.00058 ARM_V=0.00644
DAY4_STEP=1 EPISODE=018 STEP=18 DIST=0.007020 YAW_ERR_DEG=3.392 REQUESTED_MOVE=0.003331 EXECUTED_MOVE=0.003307 ATTEMPT=0 SUCCESS=0 TERMINATED=0 TRUNCATED=0
DAY4_MOTION_DONE=1 ELAPSED_SIM=1.282 INITIAL_ERR=0.05558 FINAL_ERR=0.00055 ARM_V=0.00609
DAY4_GRASP_ATTEMPT=1
TRIAL=018 PHASE=CLOSE_SEARCH
TRIAL=018 LEFT_CONTACT=0 RIGHT_CONTACT=0 STALL=0
TRIAL=018 LEFT_CONTACT=0 RIGHT_CONTACT=0 STALL=0
TRIAL=018 LEFT_CONTACT=0 RIGHT_CONTACT=1 STALL=0
TRIAL=018 LEFT_CONTACT=0 RIGHT_CONTACT=1 STALL=0
TRIAL=018 LEFT_CONTACT=0 RIGHT_CONTACT=1 STALL=0
TRIAL=018 LEFT_CONTACT=0 RIGHT_CONTACT=1 STALL=0
TRIAL=018 PHASE=WAIT_DUAL_CONTACT
TRIAL=018 PHASE=WAIT_STALL
TRIAL=018 LEFT_CONTACT=1 RIGHT_CONTACT=1 STALL=0 GRIPPER_ERROR=0.03365 VELOCITY=0.01417 CLOSURE_M=0.00029
TRIAL=018 LEFT_CONTACT=1 RIGHT_CONTACT=1 STALL=0 GRIPPER_ERROR=0.01454 VELOCITY=0.01176 CLOSURE_M=0.00119
TRIAL=018 LEFT_CONTACT=1 RIGHT_CONTACT=1 STALL=1 GRIPPER_ERROR=0.00719 VELOCITY=0.00510 CLOSURE_M=0.00153
TRIAL=018 PHASE=LIFT_80_MM
TRIAL=018 ACTUAL_LIFT_M=-0.00001 LEFT_CONTACT=1 RIGHT_CONTACT=1
TRIAL=018 ACTUAL_LIFT_M=0.03021 LEFT_CONTACT=1 RIGHT_CONTACT=1
TRIAL=018 ACTUAL_LIFT_M=0.06456 LEFT_CONTACT=1 RIGHT_CONTACT=1
TRIAL=018 PHASE=HOLD
TRIAL=018 HOLD_SIM_SEC=0.000 HOLD_WALL_SEC=0.001 ACTUAL_LIFT_M=0.08028 RELATIVE_SLIP_M=0.00000 LEFT_CONTACT=1 RIGHT_CONTACT=1
TRIAL=018 HOLD_SIM_SEC=0.892 HOLD_WALL_SEC=1.001 ACTUAL_LIFT_M=0.08035 RELATIVE_SLIP_M=0.00001 LEFT_CONTACT=1 RIGHT_CONTACT=1
TRIAL=018 HOLD_SIM_SEC=1.868 HOLD_WALL_SEC=2.001 ACTUAL_LIFT_M=0.08036 RELATIVE_SLIP_M=0.00001 LEFT_CONTACT=1 RIGHT_CONTACT=1
TRIAL=018 HOLD_SIM_SEC=2.830 HOLD_WALL_SEC=3.002 ACTUAL_LIFT_M=0.08037 RELATIVE_SLIP_M=0.00001 LEFT_CONTACT=1 RIGHT_CONTACT=1
TRIAL=018 HOLD_SIM_SEC=3.804 HOLD_WALL_SEC=4.002 ACTUAL_LIFT_M=0.08038 RELATIVE_SLIP_M=0.00001 LEFT_CONTACT=1 RIGHT_CONTACT=1
TRIAL=018 HOLD_SIM_SEC=4.766 HOLD_WALL_SEC=5.002 ACTUAL_LIFT_M=0.08038 RELATIVE_SLIP_M=0.00001 LEFT_CONTACT=1 RIGHT_CONTACT=1
TRIAL=018 PHASE=PLACE_DOWN
TRIAL=018 PHASE=OPEN_GRIPPER
TRIAL=018 PHASE=RETREAT_PREGRASP
TRIAL=018 PHASE=GRASP_SUCCESS
TRIAL=018 DAY5_PLACE_RELEASE=PASS
DAY4_GRASP_RESULT=SUCCESS
DAY4_STEP=1 EPISODE=018 STEP=19 DIST=0.005896 YAW_ERR_DEG=7.189 REQUESTED_MOVE=0.006338 EXECUTED_MOVE=0.006275 ATTEMPT=1 SUCCESS=1 TERMINATED=1 TRUNCATED=0
DAY4_RESET_GRIPPER=OPEN ANGLE_RAD=1.291149 EFFORT_NM=0.572027
DAY4_RESET_GRIPPER=AFTER_INITIAL_MOVE ANGLE_RAD=1.308127 EFFORT_NM=0.536666
Traceback (most recent call last):
  File "/home/ubuntu/ros2_ws/day9/automation/run_pipeline.py", line 240, in <module>
    if __name__=='__main__':main()
  File "/home/ubuntu/ros2_ws/day9/automation/run_pipeline.py", line 186, in main
    if recoveries>=3:raise RuntimeError(f'{method} three infrastructure recoveries failed')
RuntimeError: B three infrastructure recoveries failed
