/usr/lib/python3/dist-packages/scipy/__init__.py:146: UserWarning: A NumPy version >=1.17.3 and <1.25.0 is required for this version of SciPy (detected version 1.26.4
  warnings.warn(f"A NumPy version >={np_minversion} and <{np_maxversion}"
[
  {
    "name": "world",
    "pid": 123160,
    "start_ticks": "20036142",
    "log": "/home/ubuntu/ros2_ws/day9/runtime/logs/20260923T064631_1790145991656515941_world.log",
    "args": [
      "ros2",
      "launch",
      "/home/ubuntu/ros2_ws/day9/world.launch.py",
      "gui:=false"
    ]
  },
  {
    "name": "moveit",
    "pid": 123161,
    "start_ticks": "20036142",
    "log": "/home/ubuntu/ros2_ws/day9/runtime/logs/20260923T064631_1790145991656515941_moveit.log",
    "args": [
      "ros2",
      "launch",
      "/home/ubuntu/ros2_ws/day9/moveit.launch.py"
    ]
  },
  {
    "name": "perception",
    "pid": 123162,
    "start_ticks": "20036142",
    "log": "/home/ubuntu/ros2_ws/day9/runtime/logs/20260923T064631_1790145991656515941_perception.log",
    "args": [
      "/usr/bin/python3",
      "/home/ubuntu/ros2_ws/day9/perception_v5.py",
      "--ros-args",
      "--params-file",
      "/home/ubuntu/ros2_ws/day9/perception_v5.yaml"
    ]
  }
]
{"purpose": "fixed validation, not final test", "method": "A", "label": "A_once", "scenes": [{"id": "validation_00", "seed": 3442894840, "level": "L0", "mode": "fixed", "parameters": {"seed": 3442894840, "level": "L0", "enabled": true, "position_world_m": [-0.019303847655449263, -0.08113221056246213, 0.765], "position_fraction": 1.0, "side_m": 0.03, "yaw_rad": 0.0, "mass_kg": 0.03, "mu": 6.0, "mu2": 6.0, "brightness": 1.0, "contrast": 1.0, "pixel_std": 0.0, "depth_std_m": 0.0, "invalid_fraction": 0.0, "translation_m": [-0.0, -0.0, 0.0], "rotation_rad": [0.0, -0.0, 0.0], "delay_sec": 0.0, "noise_seed": 2997111002}, "source": "new fixed Day9 validation; not final test"}, {"id": "validation_01", "seed": 2968160041, "level": "L0", "mode": "fixed", "parameters": {"seed": 2968160041, "level": "L0", "enabled": true, "position_world_m": [0.014356258622353374, 0.036892493698142556, 0.765], "position_fraction": 1.0, "side_m": 0.03, "yaw_rad": 0.0, "mass_kg": 0.03, "mu": 6.0, "mu2": 6.0, "brightness": 1.0, "contrast": 1.0, "pixel_std": 0.0, "depth_std_m": 0.0, "invalid_fraction": 0.0, "translation_m": [0.0, 0.0, -0.0], "rotation_rad": [0.0, -0.0, -0.0], "delay_sec": 0.0, "noise_seed": 3301436041}, "source": "new fixed Day9 validation; not final test"}, {"id": "validation_02", "seed": 4103126623, "level": "L0", "mode": "fixed", "parameters": {"seed": 4103126623, "level": "L0", "enabled": true, "position_world_m": [-0.03513478321265759, -0.06692068779134927, 0.765], "position_fraction": 1.0, "side_m": 0.03, "yaw_rad": 0.0, "mass_kg": 0.03, "mu": 6.0, "mu2": 6.0, "brightness": 1.0, "contrast": 1.0, "pixel_std": 0.0, "depth_std_m": 0.0, "invalid_fraction": 0.0, "translation_m": [0.0, 0.0, 0.0], "rotation_rad": [0.0, 0.0, 0.0], "delay_sec": 0.0, "noise_seed": 517162105}, "source": "new fixed Day9 validation; not final test"}, {"id": "validation_03", "seed": 550692504, "level": "L0", "mode": "fixed", "parameters": {"seed": 550692504, "level": "L0", "enabled": true, "position_world_m": [-0.004285153474655828, -0.054480555398560296, 0.765], "position_fraction": 1.0, "side_m": 0.03, "yaw_rad": 0.0, "mass_kg": 0.03, "mu": 6.0, "mu2": 6.0, "brightness": 1.0, "contrast": 1.0, "pixel_std": 0.0, "depth_std_m": 0.0, "invalid_fraction": 0.0, "translation_m": [0.0, -0.0, -0.0], "rotation_rad": [0.0, 0.0, -0.0], "delay_sec": 0.0, "noise_seed": 2317269907}, "source": "new fixed Day9 validation; not final test"}, {"id": "validation_04", "seed": 207166450, "level": "L0", "mode": "fixed", "parameters": {"seed": 207166450, "level": "L0", "enabled": true, "position_world_m": [-0.0008340442142023841, 0.006784826650982002, 0.765], "position_fraction": 1.0, "side_m": 0.03, "yaw_rad": 0.0, "mass_kg": 0.03, "mu": 6.0, "mu2": 6.0, "brightness": 1.0, "contrast": 1.0, "pixel_std": 0.0, "depth_std_m": 0.0, "invalid_fraction": 0.0, "translation_m": [-0.0, 0.0, -0.0], "rotation_rad": [-0.0, 0.0, 0.0], "delay_sec": 0.0, "noise_seed": 3983084309}, "source": "new fixed Day9 validation; not final test"}, {"id": "validation_05", "seed": 4045685648, "level": "L0", "mode": "fixed", "parameters": {"seed": 4045685648, "level": "L0", "enabled": true, "position_world_m": [0.030772841944359114, -0.027384711268192027, 0.765], "position_fraction": 1.0, "side_m": 0.03, "yaw_rad": 0.0, "mass_kg": 0.03, "mu": 6.0, "mu2": 6.0, "brightness": 1.0, "contrast": 1.0, "pixel_std": 0.0, "depth_std_m": 0.0, "invalid_fraction": 0.0, "translation_m": [0.0, -0.0, -0.0], "rotation_rad": [-0.0, -0.0, 0.0], "delay_sec": 0.0, "noise_seed": 515161592}, "source": "new fixed Day9 validation; not final test"}, {"id": "validation_06", "seed": 1998952257, "level": "L0", "mode": "fixed", "parameters": {"seed": 1998952257, "level": "L0", "enabled": true, "position_world_m": [0.0109048195209967, 0.05393547952331937, 0.765], "position_fraction": 1.0, "side_m": 0.03, "yaw_rad": 0.0, "mass_kg": 0.03, "mu": 6.0, "mu2": 6.0, "brightness": 1.0, "contrast": 1.0, "pixel_std": 0.0, "depth_std_m": 0.0, "invalid_fraction": 0.0, "translation_m": [0.0, 0.0, 0.0], "rotation_rad": [0.0, 0.0, 0.0], "delay_sec": 0.0, "noise_seed": 3333522096}, "source": "new fixed Day9 validation; not final test"}, {"id": "validation_07", "seed": 2746817368, "level": "L0", "mode": "fixed", "parameters": {"seed": 2746817368, "level": "L0", "enabled": true, "position_world_m": [-0.06358753647953524, 0.012513848774854282, 0.765], "position_fraction": 1.0, "side_m": 0.03, "yaw_rad": 0.0, "mass_kg": 0.03, "mu": 6.0, "mu2": 6.0, "brightness": 1.0, "contrast": 1.0, "pixel_std": 0.0, "depth_std_m": 0.0, "invalid_fraction": 0.0, "translation_m": [-0.0, 0.0, -0.0], "rotation_rad": [-0.0, -0.0, -0.0], "delay_sec": 0.0, "noise_seed": 2504973556}, "source": "new fixed Day9 validation; not final test"}, {"id": "validation_08", "seed": 871478865, "level": "L0", "mode": "fixed", "parameters": {"seed": 871478865, "level": "L0", "enabled": true, "position_world_m": [-0.03453120940815477, -0.039369394288053194, 0.765], "position_fraction": 1.0, "side_m": 0.03, "yaw_rad": 0.0, "mass_kg": 0.03, "mu": 6.0, "mu2": 6.0, "brightness": 1.0, "contrast": 1.0, "pixel_std": 0.0, "depth_std_m": 0.0, "invalid_fraction": 0.0, "translation_m": [0.0, -0.0, -0.0], "rotation_rad": [0.0, -0.0, 0.0], "delay_sec": 0.0, "noise_seed": 3380529577}, "source": "new fixed Day9 validation; not final test"}, {"id": "validation_09", "seed": 355118205, "level": "L0", "mode": "fixed", "parameters": {"seed": 355118205, "level": "L0", "enabled": true, "position_world_m": [-0.02141340178358392, 0.055475080073560126, 0.765], "position_fraction": 1.0, "side_m": 0.03, "yaw_rad": 0.0, "mass_kg": 0.03, "mu": 6.0, "mu2": 6.0, "brightness": 1.0, "contrast": 1.0, "pixel_std": 0.0, "depth_std_m": 0.0, "invalid_fraction": 0.0, "translation_m": [-0.0, 0.0, 0.0], "rotation_rad": [0.0, 0.0, 0.0], "delay_sec": 0.0, "noise_seed": 1811831045}, "source": "new fixed Day9 validation; not final test"}, {"id": "validation_10", "seed": 1211976602, "level": "L1", "mode": "fixed", "parameters": {"seed": 1211976602, "level": "L1", "enabled": true, "position_world_m": [0.03331373962514739, -0.02697642829061263, 0.7649065264580271], "position_fraction": 1.0, "side_m": 0.02981305291605427, "yaw_rad": 0.0, "mass_kg": 0.02778238120472769, "mu": 6.564533699413846, "mu2": 5.4253786212761375, "brightness": 1.074667721289618, "contrast": 1.083951142612345, "pixel_std": 2.0, "depth_std_m": 0.0001, "invalid_fraction": 0.01, "translation_m": [-0.0003536844834403416, -3.5155571630071706e-05, 6.536048167987331e-05], "rotation_rad": [-0.003095440326090259, -0.00012473450013985405, -0.0009395564621086107], "delay_sec": 0.008496547063265114, "noise_seed": 3362986731}, "source": "new fixed Day9 validation; not final test"}, {"id": "validation_11", "seed": 3738231425, "level": "L1", "mode": "fixed", "parameters": {"seed": 3738231425, "level": "L1", "enabled": true, "position_world_m": [-0.027561348270100122, -0.02933961620579344, 0.7649021564327428], "position_fraction": 1.0, "side_m": 0.02980431286548574, "yaw_rad": 0.0, "mass_kg": 0.028184824265936978, "mu": 5.899745714912336, "mu2": 6.498995914636167, "brightness": 0.93055613529187, "contrast": 0.9299467362724159, "pixel_std": 2.0, "depth_std_m": 0.0001, "invalid_fraction": 0.01, "translation_m": [0.0006696710529442318, 0.00022454508302260456, 0.0016696949311139652], "rotation_rad": [0.002771855149981859, -0.0014607248631806813, -0.0008675295629024082], "delay_sec": 0.011037945309165294, "noise_seed": 1135597563}, "source": "new fixed Day9 validation; not final test"}, {"id": "validation_12", "seed": 4278111132, "level": "L1", "mode": "fixed", "parameters": {"seed": 4278111132, "level": "L1", "enabled": true, "position_world_m": [0.013407152185127696, 0.025512673390990528, 0.7649326104843726], "position_fraction": 1.0, "side_m": 0.029865220968745144, "yaw_rad": 0.0, "mass_kg": 0.029077116473094928, "mu": 5.634624818612794, "mu2": 5.747861777353492, "brightness": 1.0129242278307435, "contrast": 1.0739871640867673, "pixel_std": 2.0, "depth_std_m": 0.0001, "invalid_fraction": 0.01, "translation_m": [-0.00047992453492802555, 0.000152022476642713, 0.00020751479196086755], "rotation_rad": [0.0014106519481951883, 0.0016082082422462305, 0.0034215314373886203], "delay_sec": 0.006957358277775851, "noise_seed": 164051515}, "source": "new fixed Day9 validation; not final test"}, {"id": "validation_13", "seed": 3996890981, "level": "L1", "mode": "fixed", "parameters": {"seed": 3996890981, "level": "L1", "enabled": true, "position_world_m": [-0.053244213808357976, 0.044766122129742555, 0.764999177251968], "position_fraction": 1.0, "side_m": 0.029998354503935874, "yaw_rad": 0.0, "mass_kg": 0.030549286375518084, "mu": 6.1725818434621775, "mu2": 6.293122998135313, "brightness": 0.9960957875947806, "contrast": 1.0576381846023752, "pixel_std": 2.0, "depth_std_m": 0.0001, "invalid_fraction": 0.01, "translation_m": [0.001723811783631225, -0.0008115336642814593, 3.3148472911054866e-07], "rotation_rad": [0.002777730667638497, -0.007850120697611174, 0.001855228630982473], "delay_sec": 0.015857747487010656, "noise_seed": 1329264451}, "source": "new fixed Day9 validation; not final test"}, {"id": "validation_14", "seed": 925259739, "level": "L2", "mode": "fixed", "parameters": {"seed": 925259739, "level": "L2", "enabled": true, "position_world_m": [-0.009735502440273436, 0.023918308227913066, 0.765340998228541], "position_fraction": 1.0, "side_m": 0.030681996457081924, "yaw_rad": 0.0, "mass_kg": 0.027352959399273624, "mu": 5.367933363759577, "mu2": 7.0742555606384, "brightness": 1.1502224338398166, "contrast": 1.0627534626234971, "pixel_std": 5.0, "depth_std_m": 0.0002, "invalid_fraction": 0.03, "translation_m": [-9.30271936465947e-05, 0.00034679924165751573, 5.0681034110147085e-05], "rotation_rad": [-0.000990727677422634, -0.009631713431331144, 0.007202279069877428], "delay_sec": 0.04728538747161038, "noise_seed": 1311119837}, "source": "new fixed Day9 validation; not final test"}, {"id": "validation_15", "seed": 1804260918, "level": "L2", "mode": "fixed", "parameters": {"seed": 1804260918, "level": "L2", "enabled": true, "position_world_m": [0.0347918869345909, -0.07407341259700144, 0.764801126812864], "position_fraction": 1.0, "side_m": 0.02960225362572818, "yaw_rad": 0.0, "mass_kg": 0.025791620421556815, "mu": 6.875996082834266, "mu2": 5.331072931840805, "brightness": 0.8778092841436934, "contrast": 0.8912990471735126, "pixel_std": 5.0, "depth_std_m": 0.0002, "invalid_fraction": 0.03, "translation_m": [-0.0007251564481974971, -0.0017693679235576939, 0.0041100937082014545], "rotation_rad": [-0.012240167419558553, -0.005323257236713454, -0.0012380703178965754], "delay_sec": 0.009014793877539324, "noise_seed": 2897503994}, "source": "new fixed Day9 validation; not final test"}, {"id": "validation_16", "seed": 1975975286, "level": "L2", "mode": "fixed", "parameters": {"seed": 1975975286, "level": "L2", "enabled": true, "position_world_m": [-0.06638506136983474, -0.053983111775488535, 0.7646301989427995], "position_fraction": 1.0, "side_m": 0.029260397885599056, "yaw_rad": 0.0, "mass_kg": 0.03508639773223889, "mu": 6.827810657787014, "mu2": 7.099644433573268, "brightness": 0.9171836864380896, "contrast": 0.860039605011221, "pixel_std": 5.0, "depth_std_m": 0.0002, "invalid_fraction": 0.03, "translation_m": [-0.0023560670615114724, -0.0016350955461969523, 0.0002894287523765201], "rotation_rad": [0.009098337863140672, -0.0002988166290417463, -0.006022376431408019], "delay_sec": 0.024908077742205235, "noise_seed": 904787776}, "source": "new fixed Day9 validation; not final test"}, {"id": "validation_17", "seed": 1880441250, "level": "L3", "mode": "fixed", "parameters": {"seed": 1880441250, "level": "L3", "enabled": true, "position_world_m": [0.014270436597203201, -0.04688586245897859, 0.7655789114595242], "position_fraction": 1.0, "side_m": 0.03115782291904843, "yaw_rad": 0.0, "mass_kg": 0.03046495733604695, "mu": 7.2712200295928815, "mu2": 5.220411063296211, "brightness": 0.9837686157303219, "contrast": 0.8827342860038832, "pixel_std": 8.0, "depth_std_m": 0.0003, "invalid_fraction": 0.05, "translation_m": [6.2984884524315116e-06, 1.2822887634158487e-05, -7.380474500043135e-05], "rotation_rad": [-0.0037081044563054785, 0.02328143382809549, 0.004413809318784041], "delay_sec": 0.0016307665197616728, "noise_seed": 1908773028}, "source": "new fixed Day9 validation; not final test"}, {"id": "validation_18", "seed": 2070358640, "level": "L3", "mode": "fixed", "parameters": {"seed": 2070358640, "level": "L3", "enabled": true, "position_world_m": [-0.010859628442125652, -0.025347834133462713, 0.764997141112061], "position_fraction": 1.0, "side_m": 0.029994282224121944, "yaw_rad": 0.0, "mass_kg": 0.024199474906148447, "mu": 4.493724982756245, "mu2": 4.4855632447917655, "brightness": 1.2597342274229428, "contrast": 1.2543411218935467, "pixel_std": 8.0, "depth_std_m": 0.0003, "invalid_fraction": 0.05, "translation_m": [0.0034821783201522158, -0.002594323090080517, -0.00036007842694070165], "rotation_rad": [0.014728539862927386, 0.009078547468848437, 0.011323031220374008], "delay_sec": 0.027551972427166435, "noise_seed": 632683772}, "source": "new fixed Day9 validation; not final test"}, {"id": "validation_19", "seed": 2411741904, "level": "L3", "mode": "fixed", "parameters": {"seed": 2411741904, "level": "L3", "enabled": true, "position_world_m": [0.009068044260150815, -0.010173841314685643, 0.7642825693354185], "position_fraction": 1.0, "side_m": 0.02856513867083705, "yaw_rad": 0.0, "mass_kg": 0.03709944657447035, "mu": 7.784314758297665, "mu2": 5.2618962609393725, "brightness": 0.776346449346166, "contrast": 1.0652447097934006, "pixel_std": 8.0, "depth_std_m": 0.0003, "invalid_fraction": 0.05, "translation_m": [-0.002076446125704578, 0.001771798436162886, -0.003909972986094529], "rotation_rad": [0.00964543997315983, -0.012825164349594407, 0.005439477456876422], "delay_sec": 0.02022139831200015, "noise_seed": 2783387533}, "source": "new fixed Day9 validation; not final test"}], "seed": 20260910, "episodes": 20, "max_steps": 400, "max_episode_wall_sec": 600, "wall_deadline_monotonic": 564079.3141439997, "updates": 0, "replay_writes": 0, "curriculum_advance": false, "deterministic": true, "config": {"schema_version": 4, "world_name": "robot_world", "block_name": "wood_block", "base_frame": "base_link", "tcp_link": "end_effector_link", "move_group": "arm", "arm_joints": ["joint1", "joint2", "joint3", "joint4", "joint5"], "initial_pose": [0.0, 0.16755160819145562, -1.1728612573401895, -1.8849555921538759, 0.0], "robot_spawn_world": [-0.2, 0.0, 0.75], "block_reset_world": [-0.01540777340756408, -0.012438901168749173, 0.765], "table_top_world_z": 0.75, "block_size_m": [0.03, 0.03, 0.03], "sampling": {"base_x_m": [0.1166613453786855, 0.25252310780618636], "base_y_m": [-0.10027086404686325, 0.07539306170936491], "rows": 5, "columns": 5, "samples_per_stratum": 2, "shuffle_seed": 20260825, "maximum_preflight_attempts": 500, "block_yaw_deg": 0.0}, "representative_points": {"center": [0.18459222659243593, -0.012438901168749173, 0.015], "far": [0.13392035813002465, -0.012688906328956265, 0.015], "near": [0.23526409505484722, -0.012188896008542081, 0.015], "left": [0.1849409066683234, -0.08311052621120449, 0.015], "right": [0.18424354651654845, 0.05823272387370615, 0.015]}, "topics": {"joint_states": "/joint_states", "gazebo_joint_states": "/day3_v5/gazebo_joint_states", "arm_command": "/arm_controller/joint_trajectory", "gripper_command": "/gripper_controller/commands", "left_contacts": "/day3_v5/left_finger/contacts", "right_contacts": "/day3_v5/right_finger/contacts", "block_contacts": "/day3_v5/block/contacts", "block_odometry": "/day3_v5/block/odometry", "rgb": "/depth_cam/rgbd/image", "depth": "/depth_cam/rgbd/depth_image", "camera_info": "/depth_cam/rgbd/camera_info", "target": "/grasp/target_point", "surface": "/grasp/target_surface", "footprint": "/grasp/target_footprint", "detected": "/grasp/detected", "confidence": "/grasp/target_confidence", "ik_service": "/compute_ik", "fk_service": "/compute_fk", "state_validity_service": "/check_state_validity", "planning_scene_service": "/apply_planning_scene"}, "perception": {"samples": 12, "confidence_minimum": 0.66, "maximum_std_m": 0.005, "maximum_axis_std_deg": 6.0, "object_side_m": [0.025, 0.04], "workspace_x_m": [0.1066613453786855, 0.2625231078061864], "workspace_y_m": [-0.11027086404686325, 0.0853930617093649], "workspace_z_m": [0.005, 0.045], "center_surface_delta_tolerance_m": 0.008}, "geometry": {"table_normal_base": [0.0, 0.0, 1.0], "urdf": "generated/day3_v5_robot.urdf", "left_finger_link": "l_out_link", "right_finger_link": "r_out_link", "left_finger_collision": "l_out_link_box_collision", "right_finger_collision": "r_out_link_box_collision", "gripper_driver_joint": "r_joint", "contact_center_insertion_m": -0.007, "minimum_table_clearance_m": 0.004, "table_center_base_m": [0.2, 0.0, -0.015], "table_size_m": [0.9, 0.6, 0.03], "pedestal_center_base_m": [0.2, 0.0, -0.39], "pedestal_size_m": [0.1, 0.1, 0.72]}, "orientation": {"tilt_min_deg": 0.0, "tilt_max_deg": 60.0, "tilt_step_deg": 7.5, "lean_signs": [-1, 1], "square_symmetries": [0, 1, 2, 3], "maximum_orientation_error_rad": 0.08, "position_weight": 150.0, "orientation_weight": 2.0, "joint_motion_weight": 0.08, "joint_margin_weight": 0.15, "deterministic_seed_count": 12, "seed_random_seed": 20260825}, "motion": {"pregrasp_clearance_m": 0.07, "lift_command_m": 0.08, "cartesian_step_m": 0.0025, "maximum_joint_step_rad": 0.25, "state_validity_joint_step_rad": 0.025, "arm_joint_tolerance_rad": 0.15, "joint_limit_margin_rad": 0.01, "ik_timeout_sec": 0.35, "service_timeout_wall_sec": 15.0, "tcp_position_tolerance_m": 0.004, "grasp_center_tolerance_m": 0.005, "grasp_settle_joint_error_rad": 0.03, "grasp_settle_velocity_rad_sec": 0.1, "grasp_settle_sim_sec": 0.3, "initial_duration_sec": 2.0, "pregrasp_duration_sec": 2.2, "descent_duration_sec": 1.8, "lift_duration_sec": 2.2, "place_duration_sec": 2.0, "retreat_duration_sec": 1.5, "safe_duration_sec": 2.0}, "gripper": {"open_target": 1.3, "open_minimum": 1.15, "close_target": 0.0, "command_rate_hz": 15.0, "dual_contact_stable_sim_sec": 0.2, "contact_dropout_sim_sec": 0.25, "stall_velocity_rad_sec": 0.01, "stall_duration_sim_sec": 0.3, "overclose_offset": 0.04, "search_effort_nm": 0.02, "hold_effort_nm": 0.008, "compensation_velocity_rad_sec": 0.005, "position_velocity_gain": 0.5, "velocity_proportional_gain_nm_sec_per_rad": 0.75, "velocity_integral_gain_nm_per_rad": 2.0, "hold_effort_limit_nm": 0.6, "open_hold_effort_nm": 1.2, "effort_limit_nm": 1.5, "penetration_fail_m": 0.003, "minimum_contact_closure_m": 0.0015, "early_contact_angle_margin_rad": 0.045, "early_contact_gap_margin_m": 0.0015, "contact_inside_margin_m": 0.008, "contact_normal_alignment_min": 0.45}, "verification": {"minimum_lift_m": 0.06, "hold_sim_sec": 5.0, "hold_wall_sec": 5.0, "minimum_hold_height_m": 0.055, "maximum_relative_slip_m": 0.003, "drop_stable_sim_sec": 0.2, "pregrip_xy_disturbance_m": 0.02, "pregrip_z_disturbance_m": 0.015, "place_height_tolerance_m": 0.012}, "reset": {"pose_tolerance_m": 0.006, "linear_speed_max_m_sec": 0.025, "angular_speed_max_rad_sec": 0.15, "stable_sim_sec": 0.2, "arm_settle_sim_sec": 0.5, "arm_settle_joint_error_rad": 0.03, "arm_settle_velocity_rad_sec": 0.05}, "timeouts": {"interfaces_wall_sec": 90.0, "camera_topics_wall_sec": 60.0, "visual_wall_sec": 30.0, "open_wall_sec": 120.0, "arm_wall_sec": 240.0, "dual_contact_wall_sec": 45.0, "stall_wall_sec": 45.0, "lift_wall_sec": 240.0, "hold_wall_sec": 240.0, "place_wall_sec": 240.0, "reset_wall_sec": 60.0, "clock_stall_wall_sec": 20.0}, "day4": {"sampling": {"base_x_m": [0.1166613453786855, 0.25252310780618636], "base_y_m": [-0.10027086404686325, 0.07539306170936491], "yaw_deg": [0.0, 0.0]}, "action_limit_m": 0.005, "yaw_action_limit_deg": 5.0, "start_clearance_m": 0.025, "start_duration_sec": 1.2, "step_duration_sec": 1.0, "step_timeout_wall_sec": 120.0, "step_settle_joint_error_rad": 0.01, "step_settle_velocity_rad_sec": 0.05, "step_settle_sim_sec": 0.2, "position_trigger_m": 0.006, "yaw_trigger_deg": 8.0, "max_steps": 20, "invalid_action_limit": 3, "reset_attempts": 5, "reward": {"approach_scale": 100.0, "success": 50.0, "drop": -30.0, "collision": -30.0}, "smoke": {"episodes": 100, "base_seed": 20260828, "policy_gain": 0.8, "minimum_grasp_attempt_rate": 0.9}, "step_min_execution_fraction": 1.0}, "day6": {"enable_residual": true, "model_path": "models/sac_smoke.zip", "deterministic": true, "residual_limit_m": 0.001, "residual_yaw_limit_deg": 1.0, "low_pass_alpha": 0.25, "live_check": {"fixed_center": true, "seed": 20260902}, "provenance": {"day5_tree_sha256": "2ee2feece30cfa6bce7f8960b7a4b3362d6d02cf7176ff8150147ff32d868155", "day5_file_count": 2099, "day5_directory_count": 281, "day5_symlink_count": 4, "source_model_sha256": "69e3b9cec696129805ec96969be9e738f553fc1d5ac93e8f47384033af11c9a5"}}, "day8": {"mode": "auto", "initial_level": "L0", "seed": 20260913, "results_path": "results/white_area_episodes.jsonl", "state_path": "runtime/white_area_curriculum_state.json", "window": 100, "minimum_dwell": 100, "promote_rate": 0.8, "demote_rate": 0.55, "technical_retries": 5, "stage_restarts": 2, "sdf_readback_significant_digits": 6, "service_timeout_sec": 30.0, "episode_timeout_sec": 1200, "perception_node": "/perception", "world_sdf": "simulations/robot_gazebo/worlds/grasp_table.sdf", "episode_sdf": "runtime/wood_block_episode.sdf", "nominal": {"mass_kg": 0.03, "mu": 6.0, "mu2": 6.0, "brightness": 1.0, "contrast": 1.0, "side_m": 0.03}, "levels": {"L0": {"position_fraction": 1.0, "mass_fraction": 0.0, "friction_fraction": 0.0, "rgb_fraction": 0.0, "pixel_std": 0.0, "depth_std_mm": 0.0, "invalid_fraction": 0.0, "translation_mm": 0.0, "rotation_deg": 0.0, "delay_ms": 0.0, "size_fraction": 0}, "L1": {"position_fraction": 1.0, "mass_fraction": 0.1, "friction_fraction": 0.1, "rgb_fraction": 0.1, "pixel_std": 2.0, "depth_std_mm": 0.1, "invalid_fraction": 0.01, "translation_mm": 2.0, "rotation_deg": 0.5, "delay_ms": 20.0, "size_fraction": 0.02}, "L2": {"position_fraction": 1.0, "mass_fraction": 0.2, "friction_fraction": 0.2, "rgb_fraction": 0.2, "pixel_std": 5.0, "depth_std_mm": 0.2, "invalid_fraction": 0.03, "translation_mm": 5.0, "rotation_deg": 1.0, "delay_ms": 50.0, "size_fraction": 0.035}, "L3": {"position_fraction": 1.0, "mass_fraction": 0.3, "friction_fraction": 0.3, "rgb_fraction": 0.3, "pixel_std": 8.0, "depth_std_mm": 0.3, "invalid_fraction": 0.05, "translation_mm": 8.0, "rotation_deg": 2.0, "delay_ms": 100.0, "size_fraction": 0.05}}, "position_grid_path": "results/position_grid.json", "white_area": {"frame": "base_link", "center_base_m": [0.18459222659243593, -0.012438901168749173, 0.0], "size_xy_m": [0.135, 0.175], "yaw_rad": -3.1366588877894728, "sampling": "continuous_uniform_full_footprint", "source": "GJYfighting/source-code@70502c8:jetarm/src/hiwonder_imgproc/color_detection/config/config.yaml", "table_projection": true}, "camera_mount": {"reference": "camera_calibration_hand", "hand_reference_z_m": 0.17145583202, "link4_translation_m": [-0.04500000000000002, 0.0, 0.07045583202000001], "source_hand_to_optical": [[0.0, 0.0, 1.0, -0.101], [-1.0, 0.0, 0.0, 0.0], [0.0, -1.0, 0.0, 0.045], [0.0, 0.0, 0.0, 1.0]], "derivation": "results/camera_repair_geometry.json"}}, "day9": {"status": "CANDIDATE_UNVALIDATED", "profile": "combined", "methods": ["A", "B", "F"], "seed_diagnostic": 20260908, "seed_pilot": 20260909, "seed_validation": 20260910, "formal_seeds": [20260911, 20260912, 20260913], "pilot_steps_per_method": 3000, "formal_steps_per_method_seed": 10000, "task_reset_failure": "count_failure_without_fake_transition", "P1": {"learning_rate": 0.0003, "gamma": 0.99, "tau": 0.005, "buffer_size": 100000, "batch_size": 128, "learning_starts": 1000, "train_freq": [1, "step"], "gradient_steps": 1, "ent_coef": "auto", "target_entropy": "auto", "target_update_interval": 1, "action_noise": null, "use_sde": false, "optimize_memory_usage": false, "device": "cpu"}, "policy_kwargs": {"net_arch": [64, 64], "activation_fn": "torch.nn.ReLU", "n_critics": 2, "optimizer_class": "torch.optim.Adam", "optimizer_kwargs": {"betas": [0.9, 0.999], "eps": 1e-08, "weight_decay": 0}}, "accepted_optimizations": ["open_servo", "reset_once", "no_resend"], "selection_note": "functional execution candidate; standalone speed benefits not established; opening target control costs time", "control_overrides": {"implemented_in": "day9_env.install_execution_audit", "closing_search_velocity_reference_rad_sec": -0.1, "closing_feedback_hard_bound_verified": false, "search_to_hold_preserve_integral": true, "opening_target_rad": 1.3, "opening_position_tolerance_rad": 0.01, "opening_velocity_reference_cap_rad_sec": 0.1, "opening_pi": [0.75, 2.0], "opening_effort_cap_nm": 1.5, "hold_unchanged": true}}}, "code_hashes": {"analyze_day9.py": "732a6277653843666fb63e0edb79d626c5a259e146a24e419812d5d7db2a12f9", "analyze_self_occlusion.py": "021159e7da66f9dde02fc6c62abdf58864cf33a4787a53ce369de707892a46bf", "config.yaml": "e9f60a524e088d1a0fe6572a085eb5a001839e76db71d1244f9a80c90b61e54d", "day4_env.py": "710b07661208fcf8474e14ae853d5d872d3ea04cf3660f6df5350760b3b53522", "day8_check.py": "9393336635604aba50938a0adcf0f3fdee36f97cc935f85d2f1bf6441b5fe08f", "day8_env.py": "c20c8c59cfafb9ecf3d222deb621af64bddcaf8f1a29b3bde434cfa1269fc537", "day9_env.py": "1a66fc310648c9d45eac697b058b2d03438b65975d7b004ae3ed85277ac30257", "day9_training.py": "51d28abe6cc02e620db77a9c10c93f623d0de6509223dd9de3af8c57497bebf7", "generated/camera_baseline/day3_v5_robot.sdf": "7316b273a6d2bed98ddc6853af26c76470b69d0e736d11a79e04e669a76d9595", "generated/camera_baseline/day3_v5_robot.urdf": "479818df56947f89bd0bfa6db6bed642f1b892a423aa4dcbb5571c88ec469fdc", "generated/day3_v5_robot.sdf": "ede63437936c6597baf51f0f42f1d094e63750ae42616768373defc2102086e1", "generated/day3_v5_robot.urdf": "928b1da749265fd660662bb42779c37dd7d4ba5001cbed816e59bdea1a1085ef", "grasp_geometry_v5.py": "fc1815d10cbcfbb64563268a1b2e978d952b76dc85bb4da522dacc6f46a80352", "io_probe.py": "01c5cd5cc8c6817658778fbb20815a75251ec78145065ad405c7bd97f9b212cc", "manage_day8.py": "3790ff7f3621944df43d904721715a1bde15da3216fd74b024bf907bbc4cfa4c", "manage_day9.py": "a149b0fab4e8862c6fef035c894423b528f0eb2c019c1e93d9845d70ecc910e1", "moveit.launch.py": "5f4395e957478022f0bc32acbbcf1f27e565cdf793a46169005a86a1312a01b5", "moveit_v5/jetarm_6dof.srdf": "050e781b46de6e20a8e380889c80fa323864715766db22108718a7ab7a41f358", "moveit_v5/joint_limits.yaml": "34100799bd26830db251e4384988c390fcf6d52da34f7f668b9d1c78b98d4f3f", "moveit_v5/kinematics.yaml": "1501ebb454f62845ae94011e0d7cb9150185b05fbd45cffd8fec181a750182b9", "moveit_v5/launch_defaults.yaml": "9b52d3771161f749276f21709054fbb411ccddd54c479accf797c9e7e36dd4e6", "moveit_v5/moveit_controllers.yaml": "6e81d67a80a63f0db24406a99e8efc8993a3a24482c20e7c523497bce4c5248f", "moveit_v5/pilz_cartesian_limits.yaml": "fed80b213b77f13fb7b913d703609a66caa72ccb0617b41e83d3057e31749047", "moveit_v5/sensors_3d.yaml": "2da018b37e1038d2d868499d8c6cdf56b95ceda2d859eba80744ed2e7ec246c2", "perception_v5.py": "8c0cd48399360b78dd807550332ef132cc397abdb1576bad2eda2020bd322b99", "perception_v5.yaml": "927b371725cc84f6c939ec085161c6037c2ae221c309213e140dd5090ae1afad", "repair_camera.py": "86eb2db1b1236f4b72859ac8327c6c187de73e02768bc612f08c38696e838a10", "residual_env.py": "caee2ca833a1b226216a80d71be626870e055b79d16824fc35d251c8c92afd95", "run_day9.py": "53e818b9a947d6d46ade067ebd735c866541bdc76168390fff49b275bb48e89c", "run_validation.py": "28ac3bea09c5c53475ea9f33098563dcc4075fb9f557bff598cb8740ac41c1b6", "session_env.sh": "5fa52760e00d761c6d62ecbac5faf769e2610749a0242c00f95e4a370e201502", "simulations/robot_gazebo/config/robot_config.yaml": "37ec82d26af5103bd193a50325465c55b993e43c05589fbf2f6fd9a848d6c35d", "simulations/robot_gazebo/worlds/grasp_table.sdf": "c626376a90506a7f4834ec1124ad66fcc4ac8ab067fcba2964cb6508c2873d6f", "test_day9_contract.py": "881124e19ae379729dffa0012363c21944508a001fef38e91860a23caaceda18", "visual_grasp_v5.py": "6c427a085323aba690965df860ac81f7f2e0e53be9458aea3ef44405f857d4c0", "white_area.py": "72fe11ce9de3f9470851f389c908c922f1bbe692b78eddc29adfe76506795069", "white_area_check.py": "a8707b567eaba2687a0748079a2b813dbd4e160cad3b133caffe30b051cff09c", "world.launch.py": "811932079c7c959111b394aedef8eb83227fb48cc2ec911dddf603ea42cd1446", "write_review.py": "1080defad05d80afad9ef4375d011ac45547f6d38e2682281973076d5a06e93f"}, "model": null, "resolved_execution": {"method": "A", "phase": "validation", "profile": "combined", "flags": ["open_servo", "reset_once", "no_resend"], "curriculum_mode": "off", "domain_mode": "from persisted fixed scene", "internal_smoke_model_loaded": false, "source_reset_attempts": 5, "effective_reset_attempts": 1, "action": "base only", "action_limit_m": 0.005, "yaw_limit_rad": 0.08726646259971647, "base_gain": 0.8, "residual_scale": null, "filter_alpha": null, "confidence_fusion_gate": false, "perception_validity_threshold": 0.66, "closing_search_reference_rad_sec": -0.1, "closing_actual_hard_speed_bound_verified": false, "closing_hold_pi": [0.75, 2.0], "hold_effort_limit_nm": 0.6, "overclose_rad": 0.04, "reward": {"approach_scale": 100.0, "success": 50.0, "drop": -30.0, "collision": -30.0}, "max_steps": 20, "hold_sim_sec": 5.0, "hold_wall_sec": 5.0, "full_trajectory_completion_required": true, "physics_step_sec": 0.002}, "model_sha256": null, "technical_retries": 0, "task_reset_failure": "count as failure; do not fabricate observations or transitions"}
TRIAL=000 PHASE=CHECK_INTERFACES
DAY4_RESET_GRIPPER=OPEN ANGLE_RAD=1.291239 EFFORT_NM=0.011510
DAY4_RESET_GRIPPER=AFTER_INITIAL_MOVE ANGLE_RAD=1.291247 EFFORT_NM=0.534202
TRIAL=001 VISUAL_CENTER=[0.18086013197898865, -0.08072797954082489, 0.015097300118501147] SURFACE=[0.18086013197898865, -0.08072797954082489, 0.030097300118501147] CONTOUR_DEG=0.00 AXIS_STD_DEG=0.00 FOOTPRINT=[0.0300127686932683, 0.0300127686932683] CONFIDENCE=0.9927
TRIAL=001 SELECTED_CONTOUR_ORIENTATION=+90.00deg TILT=0.0 LEAN=+1 SYMMETRY=1 IK_FK_POS_ERROR=0.000000m IK_FK_ORIENTATION_ERROR=0.000000rad FINGER_FK_LIFT=0.080000m FINGER_FK_DRIFT=0.000000m JOINT_MOTION=2.441492rad
DAY4_MOTION_DONE=1 ELAPSED_SIM=1.200 INITIAL_ERR=0.03413 FINAL_ERR=0.00057 ARM_V=0.00632
DAY4_STEP=1 EPISODE=001 STEP=01 DIST=0.020083 YAW_ERR_DEG=0.000 REQUESTED_MOVE=0.005000 EXECUTED_MOVE=0.004917 ATTEMPT=0 SUCCESS=0 TERMINATED=0 TRUNCATED=0
DAY4_MOTION_DONE=1 ELAPSED_SIM=1.202 INITIAL_ERR=0.03356 FINAL_ERR=0.00050 ARM_V=0.00559
DAY4_STEP=1 EPISODE=001 STEP=02 DIST=0.015150 YAW_ERR_DEG=0.000 REQUESTED_MOVE=0.005000 EXECUTED_MOVE=0.004926 ATTEMPT=0 SUCCESS=0 TERMINATED=0 TRUNCATED=0
DAY4_MOTION_DONE=1 ELAPSED_SIM=1.200 INITIAL_ERR=0.03323 FINAL_ERR=0.00045 ARM_V=0.00498
DAY4_STEP=1 EPISODE=001 STEP=03 DIST=0.010218 YAW_ERR_DEG=0.000 REQUESTED_MOVE=0.005000 EXECUTED_MOVE=0.004933 ATTEMPT=0 SUCCESS=0 TERMINATED=0 TRUNCATED=0
DAY4_MOTION_DONE=1 ELAPSED_SIM=1.200 INITIAL_ERR=0.03284 FINAL_ERR=0.00044 ARM_V=0.00492
DAY4_GRASP_ATTEMPT=1
TRIAL=001 PHASE=CLOSE_SEARCH
TRIAL=001 LEFT_CONTACT=0 RIGHT_CONTACT=0 STALL=0
TRIAL=001 LEFT_CONTACT=0 RIGHT_CONTACT=0 STALL=0
TRIAL=001 LEFT_CONTACT=0 RIGHT_CONTACT=0 STALL=0
TRIAL=001 LEFT_CONTACT=0 RIGHT_CONTACT=0 STALL=0
TRIAL=001 LEFT_CONTACT=0 RIGHT_CONTACT=0 STALL=0
TRIAL=001 LEFT_CONTACT=0 RIGHT_CONTACT=0 STALL=0
TRIAL=001 LEFT_CONTACT=0 RIGHT_CONTACT=0 STALL=0
TRIAL=001 PHASE=WAIT_DUAL_CONTACT
TRIAL=001 PHASE=WAIT_STALL
TRIAL=001 LEFT_CONTACT=1 RIGHT_CONTACT=1 STALL=0 GRIPPER_ERROR=0.03387 VELOCITY=0.04465 CLOSURE_M=0.00029
TRIAL=001 LEFT_CONTACT=1 RIGHT_CONTACT=1 STALL=0 GRIPPER_ERROR=0.01660 VELOCITY=0.01271 CLOSURE_M=0.00111
TRIAL=001 LEFT_CONTACT=1 RIGHT_CONTACT=1 STALL=0 GRIPPER_ERROR=0.00897 VELOCITY=0.00630 CLOSURE_M=0.00147
TRIAL=001 PHASE=LIFT_80_MM
TRIAL=001 ACTUAL_LIFT_M=-0.00001 LEFT_CONTACT=1 RIGHT_CONTACT=1
TRIAL=001 ACTUAL_LIFT_M=0.02359 LEFT_CONTACT=1 RIGHT_CONTACT=1
TRIAL=001 ACTUAL_LIFT_M=0.05210 LEFT_CONTACT=1 RIGHT_CONTACT=1
TRIAL=001 PHASE=HOLD
TRIAL=001 HOLD_SIM_SEC=0.000 HOLD_WALL_SEC=0.002 ACTUAL_LIFT_M=0.07459 RELATIVE_SLIP_M=0.00000 LEFT_CONTACT=1 RIGHT_CONTACT=1
TRIAL=001 HOLD_SIM_SEC=0.734 HOLD_WALL_SEC=1.002 ACTUAL_LIFT_M=0.07465 RELATIVE_SLIP_M=0.00001 LEFT_CONTACT=1 RIGHT_CONTACT=1
TRIAL=001 HOLD_SIM_SEC=1.562 HOLD_WALL_SEC=2.002 ACTUAL_LIFT_M=0.07465 RELATIVE_SLIP_M=0.00001 LEFT_CONTACT=1 RIGHT_CONTACT=1
TRIAL=001 HOLD_SIM_SEC=2.380 HOLD_WALL_SEC=3.003 ACTUAL_LIFT_M=0.07466 RELATIVE_SLIP_M=0.00001 LEFT_CONTACT=1 RIGHT_CONTACT=1
TRIAL=001 HOLD_SIM_SEC=3.184 HOLD_WALL_SEC=4.003 ACTUAL_LIFT_M=0.07467 RELATIVE_SLIP_M=0.00001 LEFT_CONTACT=1 RIGHT_CONTACT=1
TRIAL=001 HOLD_SIM_SEC=4.002 HOLD_WALL_SEC=5.003 ACTUAL_LIFT_M=0.07467 RELATIVE_SLIP_M=0.00001 LEFT_CONTACT=1 RIGHT_CONTACT=1
TRIAL=001 HOLD_SIM_SEC=4.832 HOLD_WALL_SEC=6.003 ACTUAL_LIFT_M=0.07467 RELATIVE_SLIP_M=0.00001 LEFT_CONTACT=1 RIGHT_CONTACT=1
TRIAL=001 PHASE=PLACE_DOWN
TRIAL=001 PHASE=OPEN_GRIPPER
TRIAL=001 PHASE=RETREAT_PREGRASP
TRIAL=001 PHASE=GRASP_SUCCESS
TRIAL=001 DAY5_PLACE_RELEASE=PASS
DAY4_GRASP_RESULT=SUCCESS
DAY4_STEP=1 EPISODE=001 STEP=04 DIST=0.005285 YAW_ERR_DEG=0.000 REQUESTED_MOVE=0.005000 EXECUTED_MOVE=0.004933 ATTEMPT=1 SUCCESS=1 TERMINATED=1 TRUNCATED=0
DAY4_RESET_GRIPPER=OPEN ANGLE_RAD=1.291121 EFFORT_NM=0.581838
DAY4_RESET_GRIPPER=AFTER_INITIAL_MOVE ANGLE_RAD=1.310644 EFFORT_NM=0.536421
TRIAL=002 VISUAL_CENTER=[0.21444052457809448, 0.037282057106494904, 0.015100974684058702] SURFACE=[0.21444052457809448, 0.037282057106494904, 0.0301009746840587] CONTOUR_DEG=0.00 AXIS_STD_DEG=0.00 FOOTPRINT=[0.02995290979743004, 0.02995290979743004] CONFIDENCE=0.9926
TRIAL=002 SELECTED_CONTOUR_ORIENTATION=+90.00deg TILT=0.0 LEAN=-1 SYMMETRY=1 IK_FK_POS_ERROR=0.000000m IK_FK_ORIENTATION_ERROR=0.000000rad FINGER_FK_LIFT=0.080000m FINGER_FK_DRIFT=0.000000m JOINT_MOTION=2.818885rad
DAY4_MOTION_DONE=1 ELAPSED_SIM=1.200 INITIAL_ERR=0.03447 FINAL_ERR=0.00052 ARM_V=0.00575
DAY4_STEP=1 EPISODE=002 STEP=01 DIST=0.020075 YAW_ERR_DEG=0.000 REQUESTED_MOVE=0.005000 EXECUTED_MOVE=0.004925 ATTEMPT=0 SUCCESS=0 TERMINATED=0 TRUNCATED=0
DAY4_MOTION_DONE=1 ELAPSED_SIM=1.200 INITIAL_ERR=0.03370 FINAL_ERR=0.00050 ARM_V=0.00560
DAY4_STEP=1 EPISODE=002 STEP=02 DIST=0.015142 YAW_ERR_DEG=0.000 REQUESTED_MOVE=0.005000 EXECUTED_MOVE=0.004925 ATTEMPT=0 SUCCESS=0 TERMINATED=0 TRUNCATED=0
DAY4_MOTION_DONE=1 ELAPSED_SIM=1.200 INITIAL_ERR=0.03302 FINAL_ERR=0.00049 ARM_V=0.00549
DAY4_STEP=1 EPISODE=002 STEP=03 DIST=0.010217 YAW_ERR_DEG=0.000 REQUESTED_MOVE=0.005000 EXECUTED_MOVE=0.004925 ATTEMPT=0 SUCCESS=0 TERMINATED=0 TRUNCATED=0
DAY4_MOTION_DONE=1 ELAPSED_SIM=1.200 INITIAL_ERR=0.03230 FINAL_ERR=0.00044 ARM_V=0.00484
DAY4_GRASP_ATTEMPT=1
TRIAL=002 PHASE=CLOSE_SEARCH
TRIAL=002 LEFT_CONTACT=0 RIGHT_CONTACT=0 STALL=0
TRIAL=002 LEFT_CONTACT=0 RIGHT_CONTACT=0 STALL=0
TRIAL=002 LEFT_CONTACT=0 RIGHT_CONTACT=0 STALL=0
TRIAL=002 LEFT_CONTACT=0 RIGHT_CONTACT=0 STALL=0
TRIAL=002 LEFT_CONTACT=0 RIGHT_CONTACT=0 STALL=0
TRIAL=002 LEFT_CONTACT=0 RIGHT_CONTACT=0 STALL=0
TRIAL=002 LEFT_CONTACT=0 RIGHT_CONTACT=0 STALL=0
TRIAL=002 PHASE=WAIT_DUAL_CONTACT
TRIAL=002 PHASE=WAIT_STALL
TRIAL=002 LEFT_CONTACT=1 RIGHT_CONTACT=1 STALL=0 GRIPPER_ERROR=0.03374 VELOCITY=0.04491 CLOSURE_M=0.00030
TRIAL=002 LEFT_CONTACT=1 RIGHT_CONTACT=1 STALL=0 GRIPPER_ERROR=0.01614 VELOCITY=0.01268 CLOSURE_M=0.00113
TRIAL=002 LEFT_CONTACT=1 RIGHT_CONTACT=1 STALL=0 GRIPPER_ERROR=0.00870 VELOCITY=0.00634 CLOSURE_M=0.00149
TRIAL=002 PHASE=LIFT_80_MM
TRIAL=002 ACTUAL_LIFT_M=-0.00001 LEFT_CONTACT=1 RIGHT_CONTACT=1
TRIAL=002 ACTUAL_LIFT_M=0.02497 LEFT_CONTACT=1 RIGHT_CONTACT=1
TRIAL=002 ACTUAL_LIFT_M=0.05354 LEFT_CONTACT=1 RIGHT_CONTACT=1
TRIAL=002 PHASE=HOLD
TRIAL=002 HOLD_SIM_SEC=0.000 HOLD_WALL_SEC=0.001 ACTUAL_LIFT_M=0.07480 RELATIVE_SLIP_M=0.00000 LEFT_CONTACT=1 RIGHT_CONTACT=1
TRIAL=002 HOLD_SIM_SEC=0.792 HOLD_WALL_SEC=1.001 ACTUAL_LIFT_M=0.07485 RELATIVE_SLIP_M=0.00000 LEFT_CONTACT=1 RIGHT_CONTACT=1
TRIAL=002 HOLD_SIM_SEC=1.632 HOLD_WALL_SEC=2.002 ACTUAL_LIFT_M=0.07482 RELATIVE_SLIP_M=0.00002 LEFT_CONTACT=1 RIGHT_CONTACT=1
TRIAL=002 HOLD_SIM_SEC=2.480 HOLD_WALL_SEC=3.002 ACTUAL_LIFT_M=0.07478 RELATIVE_SLIP_M=0.00006 LEFT_CONTACT=1 RIGHT_CONTACT=1
TRIAL=002 HOLD_SIM_SEC=3.336 HOLD_WALL_SEC=4.005 ACTUAL_LIFT_M=0.07475 RELATIVE_SLIP_M=0.00009 LEFT_CONTACT=1 RIGHT_CONTACT=1
TRIAL=002 HOLD_SIM_SEC=4.168 HOLD_WALL_SEC=5.005 ACTUAL_LIFT_M=0.07473 RELATIVE_SLIP_M=0.00011 LEFT_CONTACT=1 RIGHT_CONTACT=1
TRIAL=002 HOLD_SIM_SEC=4.996 HOLD_WALL_SEC=6.005 ACTUAL_LIFT_M=0.07472 RELATIVE_SLIP_M=0.00012 LEFT_CONTACT=1 RIGHT_CONTACT=1
TRIAL=002 PHASE=PLACE_DOWN
TRIAL=002 PHASE=OPEN_GRIPPER
TRIAL=002 PHASE=RETREAT_PREGRASP
TRIAL=002 PHASE=GRASP_SUCCESS
TRIAL=002 DAY5_PLACE_RELEASE=PASS
DAY4_GRASP_RESULT=SUCCESS
DAY4_STEP=1 EPISODE=002 STEP=04 DIST=0.005284 YAW_ERR_DEG=0.000 REQUESTED_MOVE=0.005000 EXECUTED_MOVE=0.004933 ATTEMPT=1 SUCCESS=1 TERMINATED=1 TRUNCATED=0
DAY4_RESET_GRIPPER=OPEN ANGLE_RAD=1.291172 EFFORT_NM=0.509822
DAY4_RESET_GRIPPER=AFTER_INITIAL_MOVE ANGLE_RAD=1.292240 EFFORT_NM=0.531499
TRIAL=003 VISUAL_CENTER=[0.16551773250102997, -0.06650928501039743, 0.015095737826403638] SURFACE=[0.16551773250102997, -0.06650928501039743, 0.030095737826403637] CONTOUR_DEG=0.03 AXIS_STD_DEG=0.00 FOOTPRINT=[0.02997281216084957, 0.02997281216084957] CONFIDENCE=0.9940
TRIAL=003 SELECTED_CONTOUR_ORIENTATION=+90.03deg TILT=0.0 LEAN=-1 SYMMETRY=1 IK_FK_POS_ERROR=0.000000m IK_FK_ORIENTATION_ERROR=0.000000rad FINGER_FK_LIFT=0.080000m FINGER_FK_DRIFT=0.000000m JOINT_MOTION=2.216424rad
DAY4_MOTION_DONE=1 ELAPSED_SIM=1.202 INITIAL_ERR=0.03496 FINAL_ERR=0.00052 ARM_V=0.00583
DAY4_STEP=1 EPISODE=003 STEP=01 DIST=0.020075 YAW_ERR_DEG=0.000 REQUESTED_MOVE=0.005000 EXECUTED_MOVE=0.004925 ATTEMPT=0 SUCCESS=0 TERMINATED=0 TRUNCATED=0
DAY4_MOTION_DONE=1 ELAPSED_SIM=1.202 INITIAL_ERR=0.03466 FINAL_ERR=0.00047 ARM_V=0.00520
DAY4_STEP=1 EPISODE=003 STEP=02 DIST=0.015142 YAW_ERR_DEG=0.000 REQUESTED_MOVE=0.005000 EXECUTED_MOVE=0.004933 ATTEMPT=0 SUCCESS=0 TERMINATED=0 TRUNCATED=0
DAY4_MOTION_DONE=1 ELAPSED_SIM=1.202 INITIAL_ERR=0.03450 FINAL_ERR=0.00046 ARM_V=0.00517
DAY4_STEP=1 EPISODE=003 STEP=03 DIST=0.010209 YAW_ERR_DEG=0.000 REQUESTED_MOVE=0.005000 EXECUTED_MOVE=0.004933 ATTEMPT=0 SUCCESS=0 TERMINATED=0 TRUNCATED=0
DAY4_MOTION_DONE=1 ELAPSED_SIM=1.200 INITIAL_ERR=0.03429 FINAL_ERR=0.00051 ARM_V=0.00571
DAY4_GRASP_ATTEMPT=1
TRIAL=003 PHASE=CLOSE_SEARCH
TRIAL=003 LEFT_CONTACT=0 RIGHT_CONTACT=0 STALL=0
TRIAL=003 LEFT_CONTACT=0 RIGHT_CONTACT=0 STALL=0
TRIAL=003 LEFT_CONTACT=0 RIGHT_CONTACT=0 STALL=0
TRIAL=003 LEFT_CONTACT=0 RIGHT_CONTACT=0 STALL=0
TRIAL=003 LEFT_CONTACT=0 RIGHT_CONTACT=0 STALL=0
TRIAL=003 LEFT_CONTACT=0 RIGHT_CONTACT=0 STALL=0
TRIAL=003 LEFT_CONTACT=0 RIGHT_CONTACT=0 STALL=0
TRIAL=003 PHASE=WAIT_DUAL_CONTACT
TRIAL=003 PHASE=WAIT_STALL
TRIAL=003 LEFT_CONTACT=1 RIGHT_CONTACT=1 STALL=0 GRIPPER_ERROR=0.03305 VELOCITY=0.04338 CLOSURE_M=0.00033
TRIAL=003 LEFT_CONTACT=1 RIGHT_CONTACT=1 STALL=0 GRIPPER_ERROR=0.01611 VELOCITY=0.01185 CLOSURE_M=0.00113
TRIAL=003 LEFT_CONTACT=1 RIGHT_CONTACT=1 STALL=0 GRIPPER_ERROR=0.00890 VELOCITY=0.00612 CLOSURE_M=0.00148
TRIAL=003 PHASE=LIFT_80_MM
TRIAL=003 ACTUAL_LIFT_M=-0.00001 LEFT_CONTACT=1 RIGHT_CONTACT=1
TRIAL=003 ACTUAL_LIFT_M=0.02359 LEFT_CONTACT=1 RIGHT_CONTACT=1
TRIAL=003 ACTUAL_LIFT_M=0.05278 LEFT_CONTACT=1 RIGHT_CONTACT=1
TRIAL=003 PHASE=HOLD
TRIAL=003 HOLD_SIM_SEC=0.000 HOLD_WALL_SEC=0.002 ACTUAL_LIFT_M=0.07458 RELATIVE_SLIP_M=0.00000 LEFT_CONTACT=1 RIGHT_CONTACT=1
TRIAL=003 HOLD_SIM_SEC=0.784 HOLD_WALL_SEC=1.002 ACTUAL_LIFT_M=0.07465 RELATIVE_SLIP_M=0.00001 LEFT_CONTACT=1 RIGHT_CONTACT=1
TRIAL=003 HOLD_SIM_SEC=1.616 HOLD_WALL_SEC=2.003 ACTUAL_LIFT_M=0.07466 RELATIVE_SLIP_M=0.00001 LEFT_CONTACT=1 RIGHT_CONTACT=1
TRIAL=003 HOLD_SIM_SEC=2.458 HOLD_WALL_SEC=3.003 ACTUAL_LIFT_M=0.07467 RELATIVE_SLIP_M=0.00001 LEFT_CONTACT=1 RIGHT_CONTACT=1
TRIAL=003 HOLD_SIM_SEC=3.272 HOLD_WALL_SEC=4.003 ACTUAL_LIFT_M=0.07467 RELATIVE_SLIP_M=0.00001 LEFT_CONTACT=1 RIGHT_CONTACT=1
TRIAL=003 HOLD_SIM_SEC=4.078 HOLD_WALL_SEC=5.003 ACTUAL_LIFT_M=0.07468 RELATIVE_SLIP_M=0.00001 LEFT_CONTACT=1 RIGHT_CONTACT=1
TRIAL=003 HOLD_SIM_SEC=4.888 HOLD_WALL_SEC=6.003 ACTUAL_LIFT_M=0.07468 RELATIVE_SLIP_M=0.00001 LEFT_CONTACT=1 RIGHT_CONTACT=1
TRIAL=003 PHASE=PLACE_DOWN
TRIAL=003 PHASE=OPEN_GRIPPER
TRIAL=003 PHASE=RETREAT_PREGRASP
TRIAL=003 PHASE=GRASP_SUCCESS
TRIAL=003 DAY5_PLACE_RELEASE=PASS
DAY4_GRASP_RESULT=SUCCESS
DAY4_STEP=1 EPISODE=003 STEP=04 DIST=0.005284 YAW_ERR_DEG=0.000 REQUESTED_MOVE=0.005000 EXECUTED_MOVE=0.004925 ATTEMPT=1 SUCCESS=1 TERMINATED=1 TRUNCATED=0
DAY4_RESET_GRIPPER=OPEN ANGLE_RAD=1.291121 EFFORT_NM=0.571626
DAY4_RESET_GRIPPER=AFTER_INITIAL_MOVE ANGLE_RAD=1.307958 EFFORT_NM=0.536558
TRIAL=004 VISUAL_CENTER=[0.19593986868858337, -0.05405006557703018, 0.015099136915895275] SURFACE=[0.19593986868858337, -0.05405006557703018, 0.030099136915895275] CONTOUR_DEG=0.00 AXIS_STD_DEG=0.00 FOOTPRINT=[0.029970327392220497, 0.029970327392220497] CONFIDENCE=0.9924
TRIAL=004 SELECTED_CONTOUR_ORIENTATION=+90.00deg TILT=0.0 LEAN=-1 SYMMETRY=1 IK_FK_POS_ERROR=0.000000m IK_FK_ORIENTATION_ERROR=0.000000rad FINGER_FK_LIFT=0.080000m FINGER_FK_DRIFT=0.000000m JOINT_MOTION=2.417249rad
DAY4_MOTION_DONE=1 ELAPSED_SIM=1.202 INITIAL_ERR=0.03407 FINAL_ERR=0.00046 ARM_V=0.00511
DAY4_STEP=1 EPISODE=004 STEP=01 DIST=0.020068 YAW_ERR_DEG=0.000 REQUESTED_MOVE=0.005000 EXECUTED_MOVE=0.004933 ATTEMPT=0 SUCCESS=0 TERMINATED=0 TRUNCATED=0
DAY4_MOTION_DONE=1 ELAPSED_SIM=1.202 INITIAL_ERR=0.03350 FINAL_ERR=0.00045 ARM_V=0.00502
DAY4_STEP=1 EPISODE=004 STEP=02 DIST=0.015128 YAW_ERR_DEG=0.000 REQUESTED_MOVE=0.005000 EXECUTED_MOVE=0.004933 ATTEMPT=0 SUCCESS=0 TERMINATED=0 TRUNCATED=0
DAY4_MOTION_DONE=1 ELAPSED_SIM=1.202 INITIAL_ERR=0.03309 FINAL_ERR=0.00045 ARM_V=0.00496
DAY4_STEP=1 EPISODE=004 STEP=03 DIST=0.010189 YAW_ERR_DEG=0.000 REQUESTED_MOVE=0.005000 EXECUTED_MOVE=0.004933 ATTEMPT=0 SUCCESS=0 TERMINATED=0 TRUNCATED=0
DAY4_MOTION_DONE=1 ELAPSED_SIM=1.202 INITIAL_ERR=0.03261 FINAL_ERR=0.00044 ARM_V=0.00489
DAY4_GRASP_ATTEMPT=1
TRIAL=004 PHASE=CLOSE_SEARCH
TRIAL=004 LEFT_CONTACT=0 RIGHT_CONTACT=0 STALL=0
TRIAL=004 LEFT_CONTACT=0 RIGHT_CONTACT=0 STALL=0
TRIAL=004 LEFT_CONTACT=0 RIGHT_CONTACT=0 STALL=0
TRIAL=004 LEFT_CONTACT=0 RIGHT_CONTACT=0 STALL=0
TRIAL=004 LEFT_CONTACT=0 RIGHT_CONTACT=0 STALL=0
TRIAL=004 LEFT_CONTACT=0 RIGHT_CONTACT=0 STALL=0
TRIAL=004 PHASE=WAIT_DUAL_CONTACT
TRIAL=004 PHASE=WAIT_STALL
TRIAL=004 LEFT_CONTACT=1 RIGHT_CONTACT=1 STALL=0 GRIPPER_ERROR=0.03413 VELOCITY=0.01479 CLOSURE_M=0.00028
TRIAL=004 LEFT_CONTACT=1 RIGHT_CONTACT=1 STALL=0 GRIPPER_ERROR=0.01476 VELOCITY=0.01186 CLOSURE_M=0.00120
TRIAL=004 LEFT_CONTACT=1 RIGHT_CONTACT=1 STALL=1 GRIPPER_ERROR=0.00732 VELOCITY=0.00513 CLOSURE_M=0.00155
TRIAL=004 PHASE=LIFT_80_MM
TRIAL=004 ACTUAL_LIFT_M=-0.00001 LEFT_CONTACT=1 RIGHT_CONTACT=1
TRIAL=004 ACTUAL_LIFT_M=0.02829 LEFT_CONTACT=1 RIGHT_CONTACT=1
TRIAL=004 ACTUAL_LIFT_M=0.06023 LEFT_CONTACT=1 RIGHT_CONTACT=1
TRIAL=004 PHASE=HOLD
TRIAL=004 HOLD_SIM_SEC=0.000 HOLD_WALL_SEC=0.001 ACTUAL_LIFT_M=0.07465 RELATIVE_SLIP_M=0.00000 LEFT_CONTACT=1 RIGHT_CONTACT=1
TRIAL=004 HOLD_SIM_SEC=0.900 HOLD_WALL_SEC=1.001 ACTUAL_LIFT_M=0.07471 RELATIVE_SLIP_M=0.00001 LEFT_CONTACT=1 RIGHT_CONTACT=1
TRIAL=004 HOLD_SIM_SEC=1.844 HOLD_WALL_SEC=2.002 ACTUAL_LIFT_M=0.07471 RELATIVE_SLIP_M=0.00001 LEFT_CONTACT=1 RIGHT_CONTACT=1
TRIAL=004 HOLD_SIM_SEC=2.802 HOLD_WALL_SEC=3.002 ACTUAL_LIFT_M=0.07471 RELATIVE_SLIP_M=0.00001 LEFT_CONTACT=1 RIGHT_CONTACT=1
TRIAL=004 HOLD_SIM_SEC=3.738 HOLD_WALL_SEC=4.002 ACTUAL_LIFT_M=0.07471 RELATIVE_SLIP_M=0.00001 LEFT_CONTACT=1 RIGHT_CONTACT=1
TRIAL=004 HOLD_SIM_SEC=4.680 HOLD_WALL_SEC=5.003 ACTUAL_LIFT_M=0.07471 RELATIVE_SLIP_M=0.00001 LEFT_CONTACT=1 RIGHT_CONTACT=1
TRIAL=004 PHASE=PLACE_DOWN
TRIAL=004 PHASE=OPEN_GRIPPER
TRIAL=004 PHASE=RETREAT_PREGRASP
TRIAL=004 PHASE=GRASP_SUCCESS
TRIAL=004 DAY5_PLACE_RELEASE=PASS
DAY4_GRASP_RESULT=SUCCESS
DAY4_STEP=1 EPISODE=004 STEP=04 DIST=0.005256 YAW_ERR_DEG=0.000 REQUESTED_MOVE=0.005000 EXECUTED_MOVE=0.004933 ATTEMPT=1 SUCCESS=1 TERMINATED=1 TRUNCATED=0
DAY4_RESET_GRIPPER=OPEN ANGLE_RAD=1.291118 EFFORT_NM=0.570871
DAY4_RESET_GRIPPER=AFTER_INITIAL_MOVE ANGLE_RAD=1.307912 EFFORT_NM=0.535626
TRIAL=005 VISUAL_CENTER=[0.1993831992149353, 0.0073656667955219746, 0.015099568664790855] SURFACE=[0.1993831992149353, 0.0073656667955219746, 0.030099568664790854] CONTOUR_DEG=0.00 AXIS_STD_DEG=0.00 FOOTPRINT=[0.029650986194610596, 0.029650986194610596] CONFIDENCE=0.9956
TRIAL=005 SELECTED_CONTOUR_ORIENTATION=+90.00deg TILT=0.0 LEAN=-1 SYMMETRY=1 IK_FK_POS_ERROR=0.000000m IK_FK_ORIENTATION_ERROR=0.000000rad FINGER_FK_LIFT=0.080000m FINGER_FK_DRIFT=0.000000m JOINT_MOTION=2.258037rad
DAY4_MOTION_DONE=1 ELAPSED_SIM=1.200 INITIAL_ERR=0.03412 FINAL_ERR=0.00051 ARM_V=0.00569
DAY4_STEP=1 EPISODE=005 STEP=01 DIST=0.020068 YAW_ERR_DEG=0.000 REQUESTED_MOVE=0.005000 EXECUTED_MOVE=0.004925 ATTEMPT=0 SUCCESS=0 TERMINATED=0 TRUNCATED=0
DAY4_MOTION_DONE=1 ELAPSED_SIM=1.202 INITIAL_ERR=0.03360 FINAL_ERR=0.00050 ARM_V=0.00560
DAY4_STEP=1 EPISODE=005 STEP=02 DIST=0.015142 YAW_ERR_DEG=0.000 REQUESTED_MOVE=0.005000 EXECUTED_MOVE=0.004925 ATTEMPT=0 SUCCESS=0 TERMINATED=0 TRUNCATED=0
DAY4_MOTION_DONE=1 ELAPSED_SIM=1.200 INITIAL_ERR=0.03313 FINAL_ERR=0.00050 ARM_V=0.00552
DAY4_STEP=1 EPISODE=005 STEP=03 DIST=0.010209 YAW_ERR_DEG=0.000 REQUESTED_MOVE=0.005000 EXECUTED_MOVE=0.004926 ATTEMPT=0 SUCCESS=0 TERMINATED=0 TRUNCATED=0
DAY4_MOTION_DONE=1 ELAPSED_SIM=1.202 INITIAL_ERR=0.03278 FINAL_ERR=0.00049 ARM_V=0.00546
DAY4_GRASP_ATTEMPT=1
TRIAL=005 PHASE=CLOSE_SEARCH
TRIAL=005 LEFT_CONTACT=0 RIGHT_CONTACT=0 STALL=0
TRIAL=005 LEFT_CONTACT=0 RIGHT_CONTACT=0 STALL=0
TRIAL=005 LEFT_CONTACT=0 RIGHT_CONTACT=0 STALL=0
TRIAL=005 LEFT_CONTACT=0 RIGHT_CONTACT=0 STALL=0
TRIAL=005 LEFT_CONTACT=0 RIGHT_CONTACT=0 STALL=0
TRIAL=005 LEFT_CONTACT=0 RIGHT_CONTACT=0 STALL=0
TRIAL=005 PHASE=WAIT_DUAL_CONTACT
TRIAL=005 PHASE=WAIT_STALL
TRIAL=005 LEFT_CONTACT=1 RIGHT_CONTACT=1 STALL=0 GRIPPER_ERROR=0.03417 VELOCITY=0.01428 CLOSURE_M=0.00027
TRIAL=005 LEFT_CONTACT=1 RIGHT_CONTACT=1 STALL=0 GRIPPER_ERROR=0.01490 VELOCITY=0.01189 CLOSURE_M=0.00119
TRIAL=005 LEFT_CONTACT=1 RIGHT_CONTACT=1 STALL=1 GRIPPER_ERROR=0.00750 VELOCITY=0.00520 CLOSURE_M=0.00155
TRIAL=005 PHASE=LIFT_80_MM
TRIAL=005 ACTUAL_LIFT_M=-0.00001 LEFT_CONTACT=1 RIGHT_CONTACT=1
TRIAL=005 ACTUAL_LIFT_M=0.02897 LEFT_CONTACT=1 RIGHT_CONTACT=1
TRIAL=005 ACTUAL_LIFT_M=0.06161 LEFT_CONTACT=1 RIGHT_CONTACT=1
TRIAL=005 PHASE=HOLD
TRIAL=005 HOLD_SIM_SEC=0.000 HOLD_WALL_SEC=0.001 ACTUAL_LIFT_M=0.07468 RELATIVE_SLIP_M=0.00000 LEFT_CONTACT=1 RIGHT_CONTACT=1
TRIAL=005 HOLD_SIM_SEC=0.886 HOLD_WALL_SEC=1.001 ACTUAL_LIFT_M=0.07474 RELATIVE_SLIP_M=0.00001 LEFT_CONTACT=1 RIGHT_CONTACT=1
TRIAL=005 HOLD_SIM_SEC=1.838 HOLD_WALL_SEC=2.001 ACTUAL_LIFT_M=0.07473 RELATIVE_SLIP_M=0.00001 LEFT_CONTACT=1 RIGHT_CONTACT=1
TRIAL=005 HOLD_SIM_SEC=2.798 HOLD_WALL_SEC=3.002 ACTUAL_LIFT_M=0.07472 RELATIVE_SLIP_M=0.00003 LEFT_CONTACT=1 RIGHT_CONTACT=1
TRIAL=005 HOLD_SIM_SEC=3.756 HOLD_WALL_SEC=4.002 ACTUAL_LIFT_M=0.07471 RELATIVE_SLIP_M=0.00003 LEFT_CONTACT=1 RIGHT_CONTACT=1
TRIAL=005 HOLD_SIM_SEC=4.714 HOLD_WALL_SEC=5.002 ACTUAL_LIFT_M=0.07470 RELATIVE_SLIP_M=0.00004 LEFT_CONTACT=1 RIGHT_CONTACT=1
TRIAL=005 PHASE=PLACE_DOWN
TRIAL=005 PHASE=OPEN_GRIPPER
TRIAL=005 PHASE=RETREAT_PREGRASP
TRIAL=005 PHASE=GRASP_SUCCESS
TRIAL=005 DAY5_PLACE_RELEASE=PASS
DAY4_GRASP_RESULT=SUCCESS
DAY4_STEP=1 EPISODE=005 STEP=04 DIST=0.005276 YAW_ERR_DEG=0.000 REQUESTED_MOVE=0.005000 EXECUTED_MOVE=0.004926 ATTEMPT=1 SUCCESS=1 TERMINATED=1 TRUNCATED=0
DAY4_RESET_GRIPPER=OPEN ANGLE_RAD=1.291185 EFFORT_NM=0.545124
DAY4_RESET_GRIPPER=AFTER_INITIAL_MOVE ANGLE_RAD=1.301543 EFFORT_NM=0.533058
TRIAL=006 VISUAL_CENTER=[0.23077034950256348, -0.02695058472454548, 0.015102948886706102] SURFACE=[0.23077034950256348, -0.02695058472454548, 0.030102948886706102] CONTOUR_DEG=0.00 AXIS_STD_DEG=0.00 FOOTPRINT=[0.029985923320055008, 0.029985923320055008] CONFIDENCE=0.9937
TRIAL=006 PHASE=OPEN_GRIPPER
TRIAL=006 PHASE=RETURN_OBSERVATION
DAY4_RESET_GRIPPER=OPEN ANGLE_RAD=1.291226 EFFORT_NM=0.534168
DAY4_RESET_GRIPPER=AFTER_INITIAL_MOVE ANGLE_RAD=1.298063 EFFORT_NM=0.531538
TRIAL=007 VISUAL_CENTER=[0.2110060453414917, 0.054322682321071625, 0.01510068194836632] SURFACE=[0.2110060453414917, 0.054322682321071625, 0.03010068194836632] CONTOUR_DEG=0.00 AXIS_STD_DEG=0.00 FOOTPRINT=[0.029954861849546432, 0.029954861849546432] CONFIDENCE=0.9915
TRIAL=007 SELECTED_CONTOUR_ORIENTATION=+90.00deg TILT=0.0 LEAN=-1 SYMMETRY=1 IK_FK_POS_ERROR=0.000000m IK_FK_ORIENTATION_ERROR=0.000000rad FINGER_FK_LIFT=0.080000m FINGER_FK_DRIFT=0.000000m JOINT_MOTION=2.861709rad
DAY4_MOTION_DONE=1 ELAPSED_SIM=1.202 INITIAL_ERR=0.03449 FINAL_ERR=0.00047 ARM_V=0.00518
DAY4_STEP=1 EPISODE=007 STEP=01 DIST=0.020068 YAW_ERR_DEG=0.000 REQUESTED_MOVE=0.005000 EXECUTED_MOVE=0.004933 ATTEMPT=0 SUCCESS=0 TERMINATED=0 TRUNCATED=0
DAY4_MOTION_DONE=1 ELAPSED_SIM=1.202 INITIAL_ERR=0.03367 FINAL_ERR=0.00045 ARM_V=0.00505
DAY4_STEP=1 EPISODE=007 STEP=02 DIST=0.015135 YAW_ERR_DEG=0.000 REQUESTED_MOVE=0.005000 EXECUTED_MOVE=0.004933 ATTEMPT=0 SUCCESS=0 TERMINATED=0 TRUNCATED=0
DAY4_MOTION_DONE=1 ELAPSED_SIM=1.200 INITIAL_ERR=0.03299 FINAL_ERR=0.00045 ARM_V=0.00495
DAY4_STEP=1 EPISODE=007 STEP=03 DIST=0.010202 YAW_ERR_DEG=0.000 REQUESTED_MOVE=0.005000 EXECUTED_MOVE=0.004933 ATTEMPT=0 SUCCESS=0 TERMINATED=0 TRUNCATED=0
DAY4_MOTION_DONE=1 ELAPSED_SIM=1.202 INITIAL_ERR=0.03235 FINAL_ERR=0.00044 ARM_V=0.00485
DAY4_GRASP_ATTEMPT=1
TRIAL=007 PHASE=CLOSE_SEARCH
TRIAL=007 LEFT_CONTACT=0 RIGHT_CONTACT=0 STALL=0
TRIAL=007 LEFT_CONTACT=0 RIGHT_CONTACT=0 STALL=0
TRIAL=007 LEFT_CONTACT=0 RIGHT_CONTACT=0 STALL=0
TRIAL=007 LEFT_CONTACT=0 RIGHT_CONTACT=0 STALL=0
TRIAL=007 LEFT_CONTACT=0 RIGHT_CONTACT=0 STALL=0
TRIAL=007 LEFT_CONTACT=0 RIGHT_CONTACT=0 STALL=0
TRIAL=007 PHASE=WAIT_DUAL_CONTACT
TRIAL=007 PHASE=WAIT_STALL
TRIAL=007 LEFT_CONTACT=1 RIGHT_CONTACT=1 STALL=0 GRIPPER_ERROR=0.03416 VELOCITY=0.01459 CLOSURE_M=0.00028
TRIAL=007 LEFT_CONTACT=1 RIGHT_CONTACT=1 STALL=0 GRIPPER_ERROR=0.01488 VELOCITY=0.01183 CLOSURE_M=0.00119
TRIAL=007 LEFT_CONTACT=1 RIGHT_CONTACT=1 STALL=1 GRIPPER_ERROR=0.00750 VELOCITY=0.00522 CLOSURE_M=0.00155
TRIAL=007 PHASE=LIFT_80_MM
TRIAL=007 ACTUAL_LIFT_M=-0.00001 LEFT_CONTACT=1 RIGHT_CONTACT=1
TRIAL=007 ACTUAL_LIFT_M=0.02797 LEFT_CONTACT=1 RIGHT_CONTACT=1
TRIAL=007 ACTUAL_LIFT_M=0.06066 LEFT_CONTACT=1 RIGHT_CONTACT=1
TRIAL=007 PHASE=HOLD
TRIAL=007 HOLD_SIM_SEC=0.000 HOLD_WALL_SEC=0.002 ACTUAL_LIFT_M=0.07484 RELATIVE_SLIP_M=0.00000 LEFT_CONTACT=1 RIGHT_CONTACT=1
TRIAL=007 HOLD_SIM_SEC=0.894 HOLD_WALL_SEC=1.002 ACTUAL_LIFT_M=0.07489 RELATIVE_SLIP_M=0.00000 LEFT_CONTACT=1 RIGHT_CONTACT=1
TRIAL=007 HOLD_SIM_SEC=1.846 HOLD_WALL_SEC=2.002 ACTUAL_LIFT_M=0.07485 RELATIVE_SLIP_M=0.00003 LEFT_CONTACT=1 RIGHT_CONTACT=1
TRIAL=007 HOLD_SIM_SEC=2.808 HOLD_WALL_SEC=3.002 ACTUAL_LIFT_M=0.07480 RELATIVE_SLIP_M=0.00008 LEFT_CONTACT=1 RIGHT_CONTACT=1
TRIAL=007 HOLD_SIM_SEC=3.776 HOLD_WALL_SEC=4.002 ACTUAL_LIFT_M=0.07476 RELATIVE_SLIP_M=0.00011 LEFT_CONTACT=1 RIGHT_CONTACT=1
TRIAL=007 HOLD_SIM_SEC=4.704 HOLD_WALL_SEC=5.002 ACTUAL_LIFT_M=0.07474 RELATIVE_SLIP_M=0.00014 LEFT_CONTACT=1 RIGHT_CONTACT=1
TRIAL=007 PHASE=PLACE_DOWN
TRIAL=007 PHASE=OPEN_GRIPPER
TRIAL=007 PHASE=RETREAT_PREGRASP
TRIAL=007 PHASE=GRASP_SUCCESS
TRIAL=007 DAY5_PLACE_RELEASE=PASS
DAY4_GRASP_RESULT=SUCCESS
DAY4_STEP=1 EPISODE=007 STEP=04 DIST=0.005269 YAW_ERR_DEG=0.000 REQUESTED_MOVE=0.005000 EXECUTED_MOVE=0.004933 ATTEMPT=1 SUCCESS=1 TERMINATED=1 TRUNCATED=0
DAY4_RESET_GRIPPER=OPEN ANGLE_RAD=1.291252 EFFORT_NM=0.498914
DAY4_RESET_GRIPPER=AFTER_INITIAL_MOVE ANGLE_RAD=1.289488 EFFORT_NM=0.530751
TRIAL=008 PHASE=OPEN_GRIPPER
TRIAL=008 PHASE=RETURN_OBSERVATION
DAY4_RESET_GRIPPER=OPEN ANGLE_RAD=1.291171 EFFORT_NM=0.534084
DAY4_RESET_GRIPPER=AFTER_INITIAL_MOVE ANGLE_RAD=1.298061 EFFORT_NM=0.531540
TRIAL=009 VISUAL_CENTER=[0.1658923625946045, -0.03896975889801979, 0.015095789721285183] SURFACE=[0.1658923625946045, -0.03896975889801979, 0.030095789721285182] CONTOUR_DEG=0.00 AXIS_STD_DEG=0.00 FOOTPRINT=[0.029999202117323875, 0.029999202117323875] CONFIDENCE=0.9925
TRIAL=009 SELECTED_CONTOUR_ORIENTATION=+90.00deg TILT=0.0 LEAN=-1 SYMMETRY=1 IK_FK_POS_ERROR=0.000000m IK_FK_ORIENTATION_ERROR=0.000000rad FINGER_FK_LIFT=0.080000m FINGER_FK_DRIFT=0.000000m JOINT_MOTION=2.043706rad
DAY4_MOTION_DONE=1 ELAPSED_SIM=1.202 INITIAL_ERR=0.03549 FINAL_ERR=0.00048 ARM_V=0.00533
DAY4_STEP=1 EPISODE=009 STEP=01 DIST=0.020068 YAW_ERR_DEG=0.000 REQUESTED_MOVE=0.005000 EXECUTED_MOVE=0.004933 ATTEMPT=0 SUCCESS=0 TERMINATED=0 TRUNCATED=0
DAY4_MOTION_DONE=1 ELAPSED_SIM=1.202 INITIAL_ERR=0.03527 FINAL_ERR=0.00048 ARM_V=0.00529
DAY4_STEP=1 EPISODE=009 STEP=02 DIST=0.015135 YAW_ERR_DEG=0.000 REQUESTED_MOVE=0.005000 EXECUTED_MOVE=0.004933 ATTEMPT=0 SUCCESS=0 TERMINATED=0 TRUNCATED=0
DAY4_MOTION_DONE=1 ELAPSED_SIM=1.202 INITIAL_ERR=0.03514 FINAL_ERR=0.00053 ARM_V=0.00585
DAY4_STEP=1 EPISODE=009 STEP=03 DIST=0.010202 YAW_ERR_DEG=0.000 REQUESTED_MOVE=0.005000 EXECUTED_MOVE=0.004926 ATTEMPT=0 SUCCESS=0 TERMINATED=0 TRUNCATED=0
DAY4_MOTION_DONE=1 ELAPSED_SIM=1.200 INITIAL_ERR=0.03501 FINAL_ERR=0.00052 ARM_V=0.00583
DAY4_GRASP_ATTEMPT=1
TRIAL=009 PHASE=CLOSE_SEARCH
TRIAL=009 LEFT_CONTACT=0 RIGHT_CONTACT=0 STALL=0
TRIAL=009 LEFT_CONTACT=0 RIGHT_CONTACT=0 STALL=0
TRIAL=009 LEFT_CONTACT=0 RIGHT_CONTACT=0 STALL=0
TRIAL=009 LEFT_CONTACT=0 RIGHT_CONTACT=0 STALL=0
TRIAL=009 LEFT_CONTACT=0 RIGHT_CONTACT=0 STALL=0
TRIAL=009 LEFT_CONTACT=0 RIGHT_CONTACT=0 STALL=0
TRIAL=009 PHASE=WAIT_DUAL_CONTACT
TRIAL=009 PHASE=WAIT_STALL
TRIAL=009 LEFT_CONTACT=1 RIGHT_CONTACT=1 STALL=0 GRIPPER_ERROR=0.03369 VELOCITY=0.01374 CLOSURE_M=0.00030
TRIAL=009 LEFT_CONTACT=1 RIGHT_CONTACT=1 STALL=0 GRIPPER_ERROR=0.01453 VELOCITY=0.01150 CLOSURE_M=0.00121
TRIAL=009 LEFT_CONTACT=1 RIGHT_CONTACT=1 STALL=1 GRIPPER_ERROR=0.00720 VELOCITY=0.00503 CLOSURE_M=0.00156
TRIAL=009 PHASE=LIFT_80_MM
TRIAL=009 ACTUAL_LIFT_M=-0.00002 LEFT_CONTACT=1 RIGHT_CONTACT=1
TRIAL=009 ACTUAL_LIFT_M=0.02848 LEFT_CONTACT=1 RIGHT_CONTACT=1
TRIAL=009 ACTUAL_LIFT_M=0.06108 LEFT_CONTACT=1 RIGHT_CONTACT=1
TRIAL=009 PHASE=HOLD
TRIAL=009 HOLD_SIM_SEC=0.000 HOLD_WALL_SEC=0.001 ACTUAL_LIFT_M=0.07460 RELATIVE_SLIP_M=0.00000 LEFT_CONTACT=1 RIGHT_CONTACT=1
TRIAL=009 HOLD_SIM_SEC=0.894 HOLD_WALL_SEC=1.001 ACTUAL_LIFT_M=0.07467 RELATIVE_SLIP_M=0.00001 LEFT_CONTACT=1 RIGHT_CONTACT=1
TRIAL=009 HOLD_SIM_SEC=1.842 HOLD_WALL_SEC=2.001 ACTUAL_LIFT_M=0.07468 RELATIVE_SLIP_M=0.00001 LEFT_CONTACT=1 RIGHT_CONTACT=1
TRIAL=009 HOLD_SIM_SEC=2.796 HOLD_WALL_SEC=3.001 ACTUAL_LIFT_M=0.07468 RELATIVE_SLIP_M=0.00001 LEFT_CONTACT=1 RIGHT_CONTACT=1
TRIAL=009 HOLD_SIM_SEC=3.762 HOLD_WALL_SEC=4.002 ACTUAL_LIFT_M=0.07469 RELATIVE_SLIP_M=0.00001 LEFT_CONTACT=1 RIGHT_CONTACT=1
TRIAL=009 HOLD_SIM_SEC=4.728 HOLD_WALL_SEC=5.002 ACTUAL_LIFT_M=0.07469 RELATIVE_SLIP_M=0.00001 LEFT_CONTACT=1 RIGHT_CONTACT=1
TRIAL=009 PHASE=PLACE_DOWN
TRIAL=009 PHASE=OPEN_GRIPPER
TRIAL=009 PHASE=RETREAT_PREGRASP
TRIAL=009 PHASE=GRASP_SUCCESS
TRIAL=009 DAY5_PLACE_RELEASE=PASS
DAY4_GRASP_RESULT=SUCCESS
DAY4_STEP=1 EPISODE=009 STEP=04 DIST=0.005269 YAW_ERR_DEG=0.000 REQUESTED_MOVE=0.005000 EXECUTED_MOVE=0.004926 ATTEMPT=1 SUCCESS=1 TERMINATED=1 TRUNCATED=0
DAY4_RESET_GRIPPER=OPEN ANGLE_RAD=1.291132 EFFORT_NM=0.561924
DAY4_RESET_GRIPPER=AFTER_INITIAL_MOVE ANGLE_RAD=1.305669 EFFORT_NM=0.535581
TRIAL=010 VISUAL_CENTER=[0.17883500456809998, 0.05586237832903862, 0.015097232886799025] SURFACE=[0.17883500456809998, 0.05586237832903862, 0.030097232886799025] CONTOUR_DEG=0.00 AXIS_STD_DEG=0.00 FOOTPRINT=[0.0299888476729393, 0.0299888476729393] CONFIDENCE=0.9908
TRIAL=010 SELECTED_CONTOUR_ORIENTATION=+90.00deg TILT=0.0 LEAN=-1 SYMMETRY=1 IK_FK_POS_ERROR=0.000000m IK_FK_ORIENTATION_ERROR=0.000000rad FINGER_FK_LIFT=0.080000m FINGER_FK_DRIFT=0.000000m JOINT_MOTION=2.210935rad
DAY4_MOTION_DONE=1 ELAPSED_SIM=1.200 INITIAL_ERR=0.03449 FINAL_ERR=0.00052 ARM_V=0.00575
DAY4_STEP=1 EPISODE=010 STEP=01 DIST=0.020068 YAW_ERR_DEG=0.000 REQUESTED_MOVE=0.005000 EXECUTED_MOVE=0.004925 ATTEMPT=0 SUCCESS=0 TERMINATED=0 TRUNCATED=0
DAY4_MOTION_DONE=1 ELAPSED_SIM=1.202 INITIAL_ERR=0.03410 FINAL_ERR=0.00046 ARM_V=0.00511
DAY4_STEP=1 EPISODE=010 STEP=02 DIST=0.015135 YAW_ERR_DEG=0.000 REQUESTED_MOVE=0.005000 EXECUTED_MOVE=0.004933 ATTEMPT=0 SUCCESS=0 TERMINATED=0 TRUNCATED=0
DAY4_MOTION_DONE=1 ELAPSED_SIM=1.202 INITIAL_ERR=0.03377 FINAL_ERR=0.00051 ARM_V=0.00563
DAY4_STEP=1 EPISODE=010 STEP=03 DIST=0.010209 YAW_ERR_DEG=0.000 REQUESTED_MOVE=0.005000 EXECUTED_MOVE=0.004926 ATTEMPT=0 SUCCESS=0 TERMINATED=0 TRUNCATED=0
DAY4_MOTION_DONE=1 ELAPSED_SIM=1.202 INITIAL_ERR=0.03351 FINAL_ERR=0.00045 ARM_V=0.00502
DAY4_GRASP_ATTEMPT=1
TRIAL=010 PHASE=CLOSE_SEARCH
TRIAL=010 LEFT_CONTACT=0 RIGHT_CONTACT=0 STALL=0
TRIAL=010 LEFT_CONTACT=0 RIGHT_CONTACT=0 STALL=0
TRIAL=010 LEFT_CONTACT=0 RIGHT_CONTACT=0 STALL=0
TRIAL=010 LEFT_CONTACT=0 RIGHT_CONTACT=0 STALL=0
TRIAL=010 LEFT_CONTACT=0 RIGHT_CONTACT=0 STALL=0
TRIAL=010 LEFT_CONTACT=0 RIGHT_CONTACT=0 STALL=0
TRIAL=010 PHASE=WAIT_DUAL_CONTACT
TRIAL=010 PHASE=WAIT_STALL
TRIAL=010 LEFT_CONTACT=1 RIGHT_CONTACT=1 STALL=0 GRIPPER_ERROR=0.03409 VELOCITY=0.01481 CLOSURE_M=0.00028
TRIAL=010 LEFT_CONTACT=1 RIGHT_CONTACT=1 STALL=0 GRIPPER_ERROR=0.01427 VELOCITY=0.01181 CLOSURE_M=0.00122
TRIAL=010 LEFT_CONTACT=1 RIGHT_CONTACT=1 STALL=1 GRIPPER_ERROR=0.00680 VELOCITY=0.00495 CLOSURE_M=0.00158
TRIAL=010 PHASE=LIFT_80_MM
TRIAL=010 ACTUAL_LIFT_M=-0.00002 LEFT_CONTACT=1 RIGHT_CONTACT=1
TRIAL=010 ACTUAL_LIFT_M=0.02870 LEFT_CONTACT=1 RIGHT_CONTACT=1
TRIAL=010 ACTUAL_LIFT_M=0.06135 LEFT_CONTACT=1 RIGHT_CONTACT=1
TRIAL=010 PHASE=HOLD
TRIAL=010 HOLD_SIM_SEC=0.000 HOLD_WALL_SEC=0.001 ACTUAL_LIFT_M=0.07470 RELATIVE_SLIP_M=0.00000 LEFT_CONTACT=1 RIGHT_CONTACT=1
TRIAL=010 HOLD_SIM_SEC=0.896 HOLD_WALL_SEC=1.001 ACTUAL_LIFT_M=0.07476 RELATIVE_SLIP_M=0.00001 LEFT_CONTACT=1 RIGHT_CONTACT=1
TRIAL=010 HOLD_SIM_SEC=1.856 HOLD_WALL_SEC=2.002 ACTUAL_LIFT_M=0.07474 RELATIVE_SLIP_M=0.00002 LEFT_CONTACT=1 RIGHT_CONTACT=1
TRIAL=010 HOLD_SIM_SEC=2.808 HOLD_WALL_SEC=3.003 ACTUAL_LIFT_M=0.07473 RELATIVE_SLIP_M=0.00004 LEFT_CONTACT=1 RIGHT_CONTACT=1
TRIAL=010 HOLD_SIM_SEC=3.774 HOLD_WALL_SEC=4.004 ACTUAL_LIFT_M=0.07471 RELATIVE_SLIP_M=0.00005 LEFT_CONTACT=1 RIGHT_CONTACT=1
TRIAL=010 HOLD_SIM_SEC=4.730 HOLD_WALL_SEC=5.004 ACTUAL_LIFT_M=0.07471 RELATIVE_SLIP_M=0.00006 LEFT_CONTACT=1 RIGHT_CONTACT=1
TRIAL=010 PHASE=PLACE_DOWN
TRIAL=010 PHASE=OPEN_GRIPPER
TRIAL=010 PHASE=RETREAT_PREGRASP
TRIAL=010 PHASE=GRASP_SUCCESS
TRIAL=010 DAY5_PLACE_RELEASE=PASS
DAY4_GRASP_RESULT=SUCCESS
DAY4_STEP=1 EPISODE=010 STEP=04 DIST=0.005276 YAW_ERR_DEG=0.000 REQUESTED_MOVE=0.005000 EXECUTED_MOVE=0.004933 ATTEMPT=1 SUCCESS=1 TERMINATED=1 TRUNCATED=0
DAY4_RESET_GRIPPER=OPEN ANGLE_RAD=1.291137 EFFORT_NM=0.531703
DAY4_RESET_GRIPPER=AFTER_INITIAL_MOVE ANGLE_RAD=1.298528 EFFORT_NM=0.531546
TRIAL=011 VISUAL_CENTER=[0.23317094147205353, -0.027380812913179398, 0.015073510806199265] SURFACE=[0.23317094147205353, -0.027380812913179398, 0.030073510806199265] CONTOUR_DEG=-0.15 AXIS_STD_DEG=0.10 FOOTPRINT=[0.029744022525846958, 0.029744022525846958] CONFIDENCE=0.9906
TRIAL=011 PHASE=OPEN_GRIPPER
TRIAL=011 PHASE=RETURN_OBSERVATION
DAY4_RESET_GRIPPER=OPEN ANGLE_RAD=1.291225 EFFORT_NM=0.534062
DAY4_RESET_GRIPPER=AFTER_INITIAL_MOVE ANGLE_RAD=1.298063 EFFORT_NM=0.531536
TRIAL=012 VISUAL_CENTER=[0.1739097163081169, -0.028122016228735447, 0.01652415327519033] SURFACE=[0.1739097163081169, -0.028122016228735447, 0.03152415327519033] CONTOUR_DEG=-0.06 AXIS_STD_DEG=0.02 FOOTPRINT=[0.02979231718927622, 0.02979231718927622] CONFIDENCE=0.9891
TRIAL=012 SELECTED_CONTOUR_ORIENTATION=+89.94deg TILT=0.0 LEAN=-1 SYMMETRY=1 IK_FK_POS_ERROR=0.000000m IK_FK_ORIENTATION_ERROR=0.000000rad FINGER_FK_LIFT=0.080000m FINGER_FK_DRIFT=0.000000m JOINT_MOTION=2.029933rad
DAY4_MOTION_DONE=1 ELAPSED_SIM=1.202 INITIAL_ERR=0.03516 FINAL_ERR=0.00053 ARM_V=0.00586
DAY4_STEP=1 EPISODE=012 STEP=01 DIST=0.020075 YAW_ERR_DEG=0.000 REQUESTED_MOVE=0.005000 EXECUTED_MOVE=0.004925 ATTEMPT=0 SUCCESS=0 TERMINATED=0 TRUNCATED=0
DAY4_MOTION_DONE=1 ELAPSED_SIM=1.202 INITIAL_ERR=0.03487 FINAL_ERR=0.00052 ARM_V=0.00580
DAY4_STEP=1 EPISODE=012 STEP=02 DIST=0.015150 YAW_ERR_DEG=0.000 REQUESTED_MOVE=0.005000 EXECUTED_MOVE=0.004926 ATTEMPT=0 SUCCESS=0 TERMINATED=0 TRUNCATED=0
DAY4_MOTION_DONE=1 ELAPSED_SIM=1.200 INITIAL_ERR=0.03469 FINAL_ERR=0.00052 ARM_V=0.00577
DAY4_STEP=1 EPISODE=012 STEP=03 DIST=0.010224 YAW_ERR_DEG=0.000 REQUESTED_MOVE=0.005000 EXECUTED_MOVE=0.004926 ATTEMPT=0 SUCCESS=0 TERMINATED=0 TRUNCATED=0
DAY4_MOTION_DONE=1 ELAPSED_SIM=1.200 INITIAL_ERR=0.03450 FINAL_ERR=0.00052 ARM_V=0.00574
DAY4_GRASP_ATTEMPT=1
TRIAL=012 PHASE=CLOSE_SEARCH
TRIAL=012 LEFT_CONTACT=0 RIGHT_CONTACT=0 STALL=0
TRIAL=012 LEFT_CONTACT=0 RIGHT_CONTACT=0 STALL=0
TRIAL=012 LEFT_CONTACT=0 RIGHT_CONTACT=0 STALL=0
TRIAL=012 LEFT_CONTACT=0 RIGHT_CONTACT=0 STALL=0
TRIAL=012 LEFT_CONTACT=0 RIGHT_CONTACT=0 STALL=0
TRIAL=012 LEFT_CONTACT=0 RIGHT_CONTACT=0 STALL=0
TRIAL=012 PHASE=WAIT_DUAL_CONTACT
TRIAL=012 LEFT_CONTACT=1 RIGHT_CONTACT=1 STALL=0
TRIAL=012 PHASE=WAIT_STALL
TRIAL=012 LEFT_CONTACT=1 RIGHT_CONTACT=1 STALL=0 GRIPPER_ERROR=0.03294 VELOCITY=0.01455 CLOSURE_M=0.00033
TRIAL=012 LEFT_CONTACT=1 RIGHT_CONTACT=1 STALL=0 GRIPPER_ERROR=0.01439 VELOCITY=0.01166 CLOSURE_M=0.00122
TRIAL=012 LEFT_CONTACT=1 RIGHT_CONTACT=1 STALL=1 GRIPPER_ERROR=0.00702 VELOCITY=0.00502 CLOSURE_M=0.00157
TRIAL=012 PHASE=LIFT_80_MM
TRIAL=012 ACTUAL_LIFT_M=-0.00002 LEFT_CONTACT=1 RIGHT_CONTACT=1
TRIAL=012 ACTUAL_LIFT_M=0.02752 LEFT_CONTACT=1 RIGHT_CONTACT=1
TRIAL=012 ACTUAL_LIFT_M=0.06012 LEFT_CONTACT=1 RIGHT_CONTACT=1
TRIAL=012 PHASE=HOLD
TRIAL=012 HOLD_SIM_SEC=0.000 HOLD_WALL_SEC=0.001 ACTUAL_LIFT_M=0.07459 RELATIVE_SLIP_M=0.00000 LEFT_CONTACT=1 RIGHT_CONTACT=1
TRIAL=012 HOLD_SIM_SEC=0.900 HOLD_WALL_SEC=1.002 ACTUAL_LIFT_M=0.07466 RELATIVE_SLIP_M=0.00001 LEFT_CONTACT=1 RIGHT_CONTACT=1
TRIAL=012 HOLD_SIM_SEC=1.852 HOLD_WALL_SEC=2.002 ACTUAL_LIFT_M=0.07466 RELATIVE_SLIP_M=0.00001 LEFT_CONTACT=1 RIGHT_CONTACT=1
TRIAL=012 HOLD_SIM_SEC=2.782 HOLD_WALL_SEC=3.003 ACTUAL_LIFT_M=0.07467 RELATIVE_SLIP_M=0.00001 LEFT_CONTACT=1 RIGHT_CONTACT=1
TRIAL=012 HOLD_SIM_SEC=3.724 HOLD_WALL_SEC=4.003 ACTUAL_LIFT_M=0.07467 RELATIVE_SLIP_M=0.00001 LEFT_CONTACT=1 RIGHT_CONTACT=1
TRIAL=012 HOLD_SIM_SEC=4.680 HOLD_WALL_SEC=5.004 ACTUAL_LIFT_M=0.07467 RELATIVE_SLIP_M=0.00001 LEFT_CONTACT=1 RIGHT_CONTACT=1
TRIAL=012 PHASE=PLACE_DOWN
TRIAL=012 PHASE=OPEN_GRIPPER
TRIAL=012 PHASE=RETREAT_PREGRASP
TRIAL=012 PHASE=GRASP_SUCCESS
TRIAL=012 DAY5_PLACE_RELEASE=PASS
DAY4_GRASP_RESULT=SUCCESS
DAY4_STEP=1 EPISODE=012 STEP=04 DIST=0.005298 YAW_ERR_DEG=0.000 REQUESTED_MOVE=0.005000 EXECUTED_MOVE=0.004926 ATTEMPT=1 SUCCESS=1 TERMINATED=1 TRUNCATED=0
DAY4_RESET_GRIPPER=OPEN ANGLE_RAD=1.291126 EFFORT_NM=0.560065
DAY4_RESET_GRIPPER=AFTER_INITIAL_MOVE ANGLE_RAD=1.305357 EFFORT_NM=0.534951
TRIAL=013 VISUAL_CENTER=[0.21270832419395447, 0.02661042381078005, 0.015113824778068392] SURFACE=[0.21270832419395447, 0.02661042381078005, 0.030113824778068392] CONTOUR_DEG=0.16 AXIS_STD_DEG=0.07 FOOTPRINT=[0.02986617013812065, 0.02986617013812065] CONFIDENCE=0.9903
TRIAL=013 SELECTED_CONTOUR_ORIENTATION=+90.16deg TILT=0.0 LEAN=-1 SYMMETRY=1 IK_FK_POS_ERROR=0.000000m IK_FK_ORIENTATION_ERROR=0.000000rad FINGER_FK_LIFT=0.080000m FINGER_FK_DRIFT=0.000000m JOINT_MOTION=2.665941rad
DAY4_MOTION_DONE=1 ELAPSED_SIM=1.200 INITIAL_ERR=0.03429 FINAL_ERR=0.00087 ARM_V=0.00968
DAY4_STEP=1 EPISODE=013 STEP=01 DIST=0.020114 YAW_ERR_DEG=0.000 REQUESTED_MOVE=0.005000 EXECUTED_MOVE=0.004873 ATTEMPT=0 SUCCESS=0 TERMINATED=0 TRUNCATED=0
DAY4_MOTION_DONE=1 ELAPSED_SIM=1.200 INITIAL_ERR=0.03343 FINAL_ERR=0.00076 ARM_V=0.00845
DAY4_STEP=1 EPISODE=013 STEP=02 DIST=0.015227 YAW_ERR_DEG=0.000 REQUESTED_MOVE=0.005000 EXECUTED_MOVE=0.004887 ATTEMPT=0 SUCCESS=0 TERMINATED=0 TRUNCATED=0
DAY4_MOTION_DONE=1 ELAPSED_SIM=1.202 INITIAL_ERR=0.03272 FINAL_ERR=0.00067 ARM_V=0.00746
DAY4_STEP=1 EPISODE=013 STEP=03 DIST=0.010319 YAW_ERR_DEG=0.000 REQUESTED_MOVE=0.005000 EXECUTED_MOVE=0.004898 ATTEMPT=0 SUCCESS=0 TERMINATED=0 TRUNCATED=0
DAY4_MOTION_DONE=1 ELAPSED_SIM=1.200 INITIAL_ERR=0.03233 FINAL_ERR=0.00048 ARM_V=0.00538
DAY4_GRASP_ATTEMPT=1
TRIAL=013 PHASE=CLOSE_SEARCH
TRIAL=013 LEFT_CONTACT=0 RIGHT_CONTACT=0 STALL=0
TRIAL=013 LEFT_CONTACT=0 RIGHT_CONTACT=0 STALL=0
TRIAL=013 LEFT_CONTACT=0 RIGHT_CONTACT=0 STALL=0
TRIAL=013 LEFT_CONTACT=0 RIGHT_CONTACT=0 STALL=0
TRIAL=013 LEFT_CONTACT=0 RIGHT_CONTACT=0 STALL=0
TRIAL=013 LEFT_CONTACT=0 RIGHT_CONTACT=0 STALL=0
TRIAL=013 PHASE=WAIT_DUAL_CONTACT
TRIAL=013 LEFT_CONTACT=1 RIGHT_CONTACT=1 STALL=0
TRIAL=013 PHASE=WAIT_STALL
TRIAL=013 LEFT_CONTACT=1 RIGHT_CONTACT=1 STALL=0 GRIPPER_ERROR=0.03312 VELOCITY=0.01387 CLOSURE_M=0.00032
TRIAL=013 LEFT_CONTACT=1 RIGHT_CONTACT=1 STALL=0 GRIPPER_ERROR=0.01532 VELOCITY=0.01235 CLOSURE_M=0.00117
TRIAL=013 LEFT_CONTACT=1 RIGHT_CONTACT=1 STALL=1 GRIPPER_ERROR=0.00781 VELOCITY=0.00559 CLOSURE_M=0.00153
TRIAL=013 PHASE=LIFT_80_MM
TRIAL=013 ACTUAL_LIFT_M=-0.00001 LEFT_CONTACT=1 RIGHT_CONTACT=1
TRIAL=013 ACTUAL_LIFT_M=0.02690 LEFT_CONTACT=1 RIGHT_CONTACT=1
TRIAL=013 ACTUAL_LIFT_M=0.05815 LEFT_CONTACT=1 RIGHT_CONTACT=1
TRIAL=013 PHASE=HOLD
TRIAL=013 HOLD_SIM_SEC=0.000 HOLD_WALL_SEC=0.001 ACTUAL_LIFT_M=0.07465 RELATIVE_SLIP_M=0.00000 LEFT_CONTACT=1 RIGHT_CONTACT=1
TRIAL=013 HOLD_SIM_SEC=0.862 HOLD_WALL_SEC=1.002 ACTUAL_LIFT_M=0.07471 RELATIVE_SLIP_M=0.00000 LEFT_CONTACT=1 RIGHT_CONTACT=1
TRIAL=013 HOLD_SIM_SEC=1.788 HOLD_WALL_SEC=2.002 ACTUAL_LIFT_M=0.07468 RELATIVE_SLIP_M=0.00002 LEFT_CONTACT=1 RIGHT_CONTACT=1
TRIAL=013 HOLD_SIM_SEC=2.664 HOLD_WALL_SEC=3.002 ACTUAL_LIFT_M=0.07465 RELATIVE_SLIP_M=0.00005 LEFT_CONTACT=1 RIGHT_CONTACT=1
TRIAL=013 HOLD_SIM_SEC=3.520 HOLD_WALL_SEC=4.003 ACTUAL_LIFT_M=0.07463 RELATIVE_SLIP_M=0.00007 LEFT_CONTACT=1 RIGHT_CONTACT=1
TRIAL=013 HOLD_SIM_SEC=4.470 HOLD_WALL_SEC=5.004 ACTUAL_LIFT_M=0.07461 RELATIVE_SLIP_M=0.00008 LEFT_CONTACT=1 RIGHT_CONTACT=1
TRIAL=013 PHASE=PLACE_DOWN
TRIAL=013 PHASE=OPEN_GRIPPER
TRIAL=013 PHASE=RETREAT_PREGRASP
TRIAL=013 PHASE=GRASP_SUCCESS
TRIAL=013 DAY5_PLACE_RELEASE=PASS
DAY4_GRASP_RESULT=SUCCESS
DAY4_STEP=1 EPISODE=013 STEP=04 DIST=0.005393 YAW_ERR_DEG=0.000 REQUESTED_MOVE=0.005000 EXECUTED_MOVE=0.004926 ATTEMPT=1 SUCCESS=1 TERMINATED=1 TRUNCATED=0
DAY4_RESET_GRIPPER=OPEN ANGLE_RAD=1.291219 EFFORT_NM=0.522467
DAY4_RESET_GRIPPER=AFTER_INITIAL_MOVE ANGLE_RAD=1.295598 EFFORT_NM=0.532042
TRIAL=014 VISUAL_CENTER=[0.15036524832248688, 0.04493018426001072, 0.015183392064774454] SURFACE=[0.15036524832248688, 0.04493018426001072, 0.030183392064774453] CONTOUR_DEG=0.11 AXIS_STD_DEG=0.01 FOOTPRINT=[0.030017120763659477, 0.030017120763659477] CONFIDENCE=0.9910
TRIAL=014 SELECTED_CONTOUR_ORIENTATION=+90.11deg TILT=0.0 LEAN=-1 SYMMETRY=1 IK_FK_POS_ERROR=0.000000m IK_FK_ORIENTATION_ERROR=0.000000rad FINGER_FK_LIFT=0.080000m FINGER_FK_DRIFT=0.000000m JOINT_MOTION=2.076237rad
DAY4_MOTION_DONE=1 ELAPSED_SIM=1.202 INITIAL_ERR=0.03656 FINAL_ERR=0.00061 ARM_V=0.00677
DAY4_STEP=1 EPISODE=014 STEP=01 DIST=0.020075 YAW_ERR_DEG=0.000 REQUESTED_MOVE=0.005000 EXECUTED_MOVE=0.004917 ATTEMPT=0 SUCCESS=0 TERMINATED=0 TRUNCATED=0
DAY4_MOTION_DONE=1 ELAPSED_SIM=1.200 INITIAL_ERR=0.03651 FINAL_ERR=0.00061 ARM_V=0.00674
DAY4_STEP=1 EPISODE=014 STEP=02 DIST=0.015149 YAW_ERR_DEG=0.000 REQUESTED_MOVE=0.005000 EXECUTED_MOVE=0.004917 ATTEMPT=0 SUCCESS=0 TERMINATED=0 TRUNCATED=0
DAY4_MOTION_DONE=1 ELAPSED_SIM=1.200 INITIAL_ERR=0.03646 FINAL_ERR=0.00061 ARM_V=0.00673
DAY4_STEP=1 EPISODE=014 STEP=03 DIST=0.010232 YAW_ERR_DEG=0.000 REQUESTED_MOVE=0.005000 EXECUTED_MOVE=0.004917 ATTEMPT=0 SUCCESS=0 TERMINATED=0 TRUNCATED=0
DAY4_MOTION_DONE=1 ELAPSED_SIM=1.200 INITIAL_ERR=0.03645 FINAL_ERR=0.00067 ARM_V=0.00748
DAY4_GRASP_ATTEMPT=1
TRIAL=014 PHASE=CLOSE_SEARCH
TRIAL=014 LEFT_CONTACT=0 RIGHT_CONTACT=0 STALL=0
TRIAL=014 LEFT_CONTACT=0 RIGHT_CONTACT=0 STALL=0
TRIAL=014 LEFT_CONTACT=0 RIGHT_CONTACT=0 STALL=0
TRIAL=014 LEFT_CONTACT=0 RIGHT_CONTACT=0 STALL=0
TRIAL=014 LEFT_CONTACT=0 RIGHT_CONTACT=0 STALL=0
TRIAL=014 LEFT_CONTACT=0 RIGHT_CONTACT=0 STALL=0
TRIAL=014 LEFT_CONTACT=0 RIGHT_CONTACT=0 STALL=0
TRIAL=014 PHASE=WAIT_DUAL_CONTACT
TRIAL=014 PHASE=WAIT_STALL
TRIAL=014 LEFT_CONTACT=1 RIGHT_CONTACT=1 STALL=0 GRIPPER_ERROR=0.03341 VELOCITY=0.01730 CLOSURE_M=0.00031
TRIAL=014 LEFT_CONTACT=1 RIGHT_CONTACT=1 STALL=0 GRIPPER_ERROR=0.01616 VELOCITY=0.01281 CLOSURE_M=0.00113
TRIAL=014 LEFT_CONTACT=1 RIGHT_CONTACT=1 STALL=0 GRIPPER_ERROR=0.00882 VELOCITY=0.00645 CLOSURE_M=0.00148
TRIAL=014 PHASE=LIFT_80_MM
TRIAL=014 ACTUAL_LIFT_M=-0.00001 LEFT_CONTACT=1 RIGHT_CONTACT=1
TRIAL=014 ACTUAL_LIFT_M=0.02298 LEFT_CONTACT=1 RIGHT_CONTACT=1
TRIAL=014 ACTUAL_LIFT_M=0.05083 LEFT_CONTACT=1 RIGHT_CONTACT=1
TRIAL=014 PHASE=HOLD
TRIAL=014 HOLD_SIM_SEC=0.000 HOLD_WALL_SEC=0.001 ACTUAL_LIFT_M=0.07462 RELATIVE_SLIP_M=0.00000 LEFT_CONTACT=1 RIGHT_CONTACT=1
TRIAL=014 HOLD_SIM_SEC=0.754 HOLD_WALL_SEC=1.001 ACTUAL_LIFT_M=0.07471 RELATIVE_SLIP_M=0.00000 LEFT_CONTACT=1 RIGHT_CONTACT=1
TRIAL=014 HOLD_SIM_SEC=1.586 HOLD_WALL_SEC=2.002 ACTUAL_LIFT_M=0.07470 RELATIVE_SLIP_M=0.00000 LEFT_CONTACT=1 RIGHT_CONTACT=1
TRIAL=014 HOLD_SIM_SEC=2.390 HOLD_WALL_SEC=3.002 ACTUAL_LIFT_M=0.07469 RELATIVE_SLIP_M=0.00001 LEFT_CONTACT=1 RIGHT_CONTACT=1
TRIAL=014 HOLD_SIM_SEC=3.198 HOLD_WALL_SEC=4.002 ACTUAL_LIFT_M=0.07468 RELATIVE_SLIP_M=0.00002 LEFT_CONTACT=1 RIGHT_CONTACT=1
TRIAL=014 HOLD_SIM_SEC=3.996 HOLD_WALL_SEC=5.002 ACTUAL_LIFT_M=0.07468 RELATIVE_SLIP_M=0.00002 LEFT_CONTACT=1 RIGHT_CONTACT=1
TRIAL=014 HOLD_SIM_SEC=4.828 HOLD_WALL_SEC=6.002 ACTUAL_LIFT_M=0.07467 RELATIVE_SLIP_M=0.00003 LEFT_CONTACT=1 RIGHT_CONTACT=1
TRIAL=014 PHASE=PLACE_DOWN
TRIAL=014 PHASE=OPEN_GRIPPER
TRIAL=014 PHASE=RETREAT_PREGRASP
TRIAL=014 PHASE=GRASP_SUCCESS
TRIAL=014 DAY5_PLACE_RELEASE=PASS
DAY4_GRASP_RESULT=SUCCESS
DAY4_STEP=1 EPISODE=014 STEP=04 DIST=0.005314 YAW_ERR_DEG=0.000 REQUESTED_MOVE=0.005000 EXECUTED_MOVE=0.004908 ATTEMPT=1 SUCCESS=1 TERMINATED=1 TRUNCATED=0
DAY4_RESET_GRIPPER=OPEN ANGLE_RAD=1.291156 EFFORT_NM=0.542817
DAY4_RESET_GRIPPER=AFTER_INITIAL_MOVE ANGLE_RAD=1.301701 EFFORT_NM=0.532191
TRIAL=015 VISUAL_CENTER=[0.19232334196567535, 0.024711488164030015, 0.016181297321130335] SURFACE=[0.19232334196567535, 0.024711488164030015, 0.031181297321130334] CONTOUR_DEG=0.40 AXIS_STD_DEG=0.06 FOOTPRINT=[0.030665473081171513, 0.030665473081171513] CONFIDENCE=0.9824
TRIAL=015 SELECTED_CONTOUR_ORIENTATION=+90.40deg TILT=0.0 LEAN=-1 SYMMETRY=1 IK_FK_POS_ERROR=0.000000m IK_FK_ORIENTATION_ERROR=0.000000rad FINGER_FK_LIFT=0.080000m FINGER_FK_DRIFT=0.000000m JOINT_MOTION=2.193374rad
DAY4_MOTION_DONE=1 ELAPSED_SIM=1.202 INITIAL_ERR=0.03431 FINAL_ERR=0.00087 ARM_V=0.00969
DAY4_STEP=1 EPISODE=015 STEP=01 DIST=0.020127 YAW_ERR_DEG=0.000 REQUESTED_MOVE=0.005000 EXECUTED_MOVE=0.004873 ATTEMPT=0 SUCCESS=0 TERMINATED=0 TRUNCATED=0
DAY4_MOTION_DONE=1 ELAPSED_SIM=1.200 INITIAL_ERR=0.03371 FINAL_ERR=0.00076 ARM_V=0.00849
DAY4_STEP=1 EPISODE=015 STEP=02 DIST=0.015239 YAW_ERR_DEG=0.000 REQUESTED_MOVE=0.005000 EXECUTED_MOVE=0.004888 ATTEMPT=0 SUCCESS=0 TERMINATED=0 TRUNCATED=0
DAY4_MOTION_DONE=1 ELAPSED_SIM=1.202 INITIAL_ERR=0.03338 FINAL_ERR=0.00076 ARM_V=0.00842
DAY4_STEP=1 EPISODE=015 STEP=03 DIST=0.010352 YAW_ERR_DEG=0.000 REQUESTED_MOVE=0.005000 EXECUTED_MOVE=0.004888 ATTEMPT=0 SUCCESS=0 TERMINATED=0 TRUNCATED=0
DAY4_MOTION_DONE=1 ELAPSED_SIM=1.200 INITIAL_ERR=0.03309 FINAL_ERR=0.00075 ARM_V=0.00835
DAY4_GRASP_ATTEMPT=1
TRIAL=015 PHASE=CLOSE_SEARCH
TRIAL=015 LEFT_CONTACT=0 RIGHT_CONTACT=0 STALL=0
TRIAL=015 LEFT_CONTACT=0 RIGHT_CONTACT=0 STALL=0
TRIAL=015 LEFT_CONTACT=0 RIGHT_CONTACT=0 STALL=0
TRIAL=015 LEFT_CONTACT=0 RIGHT_CONTACT=0 STALL=0
TRIAL=015 LEFT_CONTACT=0 RIGHT_CONTACT=0 STALL=0
TRIAL=015 LEFT_CONTACT=0 RIGHT_CONTACT=0 STALL=0
TRIAL=015 LEFT_CONTACT=0 RIGHT_CONTACT=1 STALL=0
TRIAL=015 PHASE=WAIT_DUAL_CONTACT
TRIAL=015 PHASE=WAIT_STALL
TRIAL=015 LEFT_CONTACT=1 RIGHT_CONTACT=1 STALL=0 GRIPPER_ERROR=0.03266 VELOCITY=0.05125 CLOSURE_M=0.00034
TRIAL=015 LEFT_CONTACT=1 RIGHT_CONTACT=1 STALL=0 GRIPPER_ERROR=0.01473 VELOCITY=0.00705 CLOSURE_M=0.00119
TRIAL=015 LEFT_CONTACT=1 RIGHT_CONTACT=1 STALL=1 GRIPPER_ERROR=0.00741 VELOCITY=0.00563 CLOSURE_M=0.00153
TRIAL=015 PHASE=LIFT_80_MM
TRIAL=015 ACTUAL_LIFT_M=-0.00002 LEFT_CONTACT=1 RIGHT_CONTACT=1
TRIAL=015 ACTUAL_LIFT_M=0.02098 LEFT_CONTACT=1 RIGHT_CONTACT=1
TRIAL=015 ACTUAL_LIFT_M=0.04948 LEFT_CONTACT=1 RIGHT_CONTACT=1
TRIAL=015 PHASE=HOLD
TRIAL=015 HOLD_SIM_SEC=0.000 HOLD_WALL_SEC=0.001 ACTUAL_LIFT_M=0.07454 RELATIVE_SLIP_M=0.00000 LEFT_CONTACT=1 RIGHT_CONTACT=1
TRIAL=015 HOLD_SIM_SEC=0.780 HOLD_WALL_SEC=1.004 ACTUAL_LIFT_M=0.07461 RELATIVE_SLIP_M=0.00001 LEFT_CONTACT=1 RIGHT_CONTACT=1
TRIAL=015 HOLD_SIM_SEC=1.602 HOLD_WALL_SEC=2.004 ACTUAL_LIFT_M=0.07460 RELATIVE_SLIP_M=0.00001 LEFT_CONTACT=1 RIGHT_CONTACT=1
TRIAL=015 HOLD_SIM_SEC=2.422 HOLD_WALL_SEC=3.005 ACTUAL_LIFT_M=0.07459 RELATIVE_SLIP_M=0.00002 LEFT_CONTACT=1 RIGHT_CONTACT=1
TRIAL=015 HOLD_SIM_SEC=3.246 HOLD_WALL_SEC=4.005 ACTUAL_LIFT_M=0.07458 RELATIVE_SLIP_M=0.00003 LEFT_CONTACT=1 RIGHT_CONTACT=1
TRIAL=015 HOLD_SIM_SEC=4.068 HOLD_WALL_SEC=5.005 ACTUAL_LIFT_M=0.07457 RELATIVE_SLIP_M=0.00004 LEFT_CONTACT=1 RIGHT_CONTACT=1
TRIAL=015 HOLD_SIM_SEC=4.888 HOLD_WALL_SEC=6.006 ACTUAL_LIFT_M=0.07457 RELATIVE_SLIP_M=0.00004 LEFT_CONTACT=1 RIGHT_CONTACT=1
TRIAL=015 PHASE=PLACE_DOWN
TRIAL=015 PHASE=OPEN_GRIPPER
TRIAL=015 PHASE=RETREAT_PREGRASP
TRIAL=015 PHASE=GRASP_SUCCESS
TRIAL=015 DAY5_PLACE_RELEASE=PASS
DAY4_GRASP_RESULT=SUCCESS
DAY4_STEP=1 EPISODE=015 STEP=04 DIST=0.005453 YAW_ERR_DEG=0.000 REQUESTED_MOVE=0.005000 EXECUTED_MOVE=0.004887 ATTEMPT=1 SUCCESS=1 TERMINATED=1 TRUNCATED=0
DAY4_RESET_GRIPPER=OPEN ANGLE_RAD=1.291204 EFFORT_NM=0.540498
DAY4_RESET_GRIPPER=AFTER_INITIAL_MOVE ANGLE_RAD=1.300567 EFFORT_NM=0.532440
TRIAL=016 VISUAL_CENTER=[0.23520280420780182, -0.07817837968468666, 0.020164239144105714] SURFACE=[0.23520280420780182, -0.07817837968468666, 0.03516423914410571] CONTOUR_DEG=-0.08 AXIS_STD_DEG=0.08 FOOTPRINT=[0.029675175435841084, 0.029675175435841084] CONFIDENCE=0.9805
TRIAL=016 SELECTED_CONTOUR_ORIENTATION=+89.92deg TILT=0.0 LEAN=-1 SYMMETRY=1 IK_FK_POS_ERROR=0.000016m IK_FK_ORIENTATION_ERROR=0.000000rad FINGER_FK_LIFT=0.080000m FINGER_FK_DRIFT=0.000000m JOINT_MOTION=3.532441rad
DAY4_MOTION_DONE=1 ELAPSED_SIM=1.290 INITIAL_ERR=0.08160 FINAL_ERR=0.00053 ARM_V=0.00586
DAY4_STEP=1 EPISODE=016 STEP=01 DIST=0.020033 YAW_ERR_DEG=0.000 REQUESTED_MOVE=0.005000 EXECUTED_MOVE=0.004967 ATTEMPT=0 SUCCESS=0 TERMINATED=0 TRUNCATED=0
DAY4_MOTION_DONE=1 ELAPSED_SIM=1.256 INITIAL_ERR=0.06404 FINAL_ERR=0.00051 ARM_V=0.00567
DAY4_STEP=1 EPISODE=016 STEP=02 DIST=0.015073 YAW_ERR_DEG=0.000 REQUESTED_MOVE=0.005000 EXECUTED_MOVE=0.004960 ATTEMPT=0 SUCCESS=0 TERMINATED=0 TRUNCATED=0
DAY4_MOTION_DONE=1 ELAPSED_SIM=1.238 INITIAL_ERR=0.05342 FINAL_ERR=0.00053 ARM_V=0.00584
DAY4_STEP=1 EPISODE=016 STEP=03 DIST=0.010122 YAW_ERR_DEG=0.000 REQUESTED_MOVE=0.005000 EXECUTED_MOVE=0.004951 ATTEMPT=0 SUCCESS=0 TERMINATED=0 TRUNCATED=0
DAY4_MOTION_DONE=1 ELAPSED_SIM=1.202 INITIAL_ERR=0.04588 FINAL_ERR=0.00069 ARM_V=0.00763
DAY4_GRASP_ATTEMPT=1
TRIAL=016 PHASE=CLOSE_SEARCH
TRIAL=016 LEFT_CONTACT=0 RIGHT_CONTACT=0 STALL=0
TRIAL=016 LEFT_CONTACT=0 RIGHT_CONTACT=0 STALL=0
TRIAL=016 LEFT_CONTACT=0 RIGHT_CONTACT=0 STALL=0
TRIAL=016 LEFT_CONTACT=0 RIGHT_CONTACT=0 STALL=0
TRIAL=016 LEFT_CONTACT=1 RIGHT_CONTACT=0 STALL=0
TRIAL=016 LEFT_CONTACT=1 RIGHT_CONTACT=0 STALL=0
TRIAL=016 LEFT_CONTACT=1 RIGHT_CONTACT=0 STALL=0
TRIAL=016 PHASE=WAIT_DUAL_CONTACT
TRIAL=016 PHASE=WAIT_STALL
TRIAL=016 LEFT_CONTACT=1 RIGHT_CONTACT=1 STALL=0 GRIPPER_ERROR=0.03222 VELOCITY=0.04158 CLOSURE_M=0.00037
TRIAL=016 LEFT_CONTACT=1 RIGHT_CONTACT=1 STALL=0 GRIPPER_ERROR=0.01636 VELOCITY=0.01264 CLOSURE_M=0.00113
TRIAL=016 LEFT_CONTACT=1 RIGHT_CONTACT=1 STALL=0 GRIPPER_ERROR=0.00927 VELOCITY=0.00655 CLOSURE_M=0.00147
TRIAL=016 PHASE=LIFT_80_MM
TRIAL=016 ACTUAL_LIFT_M=-0.00001 LEFT_CONTACT=1 RIGHT_CONTACT=1
TRIAL=016 ACTUAL_LIFT_M=0.02258 LEFT_CONTACT=1 RIGHT_CONTACT=1
TRIAL=016 ACTUAL_LIFT_M=0.05055 LEFT_CONTACT=1 RIGHT_CONTACT=1
TRIAL=016 PHASE=HOLD
TRIAL=016 HOLD_SIM_SEC=0.000 HOLD_WALL_SEC=0.001 ACTUAL_LIFT_M=0.07514 RELATIVE_SLIP_M=0.00000 LEFT_CONTACT=1 RIGHT_CONTACT=1
TRIAL=016 HOLD_SIM_SEC=0.754 HOLD_WALL_SEC=1.001 ACTUAL_LIFT_M=0.07527 RELATIVE_SLIP_M=0.00003 LEFT_CONTACT=1 RIGHT_CONTACT=1
TRIAL=016 HOLD_SIM_SEC=1.566 HOLD_WALL_SEC=2.001 ACTUAL_LIFT_M=0.07525 RELATIVE_SLIP_M=0.00004 LEFT_CONTACT=1 RIGHT_CONTACT=1
TRIAL=016 HOLD_SIM_SEC=2.428 HOLD_WALL_SEC=3.001 ACTUAL_LIFT_M=0.07525 RELATIVE_SLIP_M=0.00005 LEFT_CONTACT=1 RIGHT_CONTACT=1
TRIAL=016 HOLD_SIM_SEC=3.274 HOLD_WALL_SEC=4.002 ACTUAL_LIFT_M=0.07525 RELATIVE_SLIP_M=0.00005 LEFT_CONTACT=1 RIGHT_CONTACT=1
TRIAL=016 HOLD_SIM_SEC=4.148 HOLD_WALL_SEC=5.003 ACTUAL_LIFT_M=0.07525 RELATIVE_SLIP_M=0.00005 LEFT_CONTACT=1 RIGHT_CONTACT=1
TRIAL=016 HOLD_SIM_SEC=4.982 HOLD_WALL_SEC=6.004 ACTUAL_LIFT_M=0.07525 RELATIVE_SLIP_M=0.00005 LEFT_CONTACT=1 RIGHT_CONTACT=1
TRIAL=016 PHASE=PLACE_DOWN
TRIAL=016 PHASE=OPEN_GRIPPER
TRIAL=016 PHASE=RETREAT_PREGRASP
TRIAL=016 PHASE=GRASP_SUCCESS
TRIAL=016 DAY5_PLACE_RELEASE=PASS
DAY4_GRASP_RESULT=SUCCESS
DAY4_STEP=1 EPISODE=016 STEP=04 DIST=0.005197 YAW_ERR_DEG=0.000 REQUESTED_MOVE=0.005000 EXECUTED_MOVE=0.004925 ATTEMPT=1 SUCCESS=1 TERMINATED=1 TRUNCATED=0
DAY4_RESET_GRIPPER=OPEN ANGLE_RAD=1.291206 EFFORT_NM=0.514511
DAY4_RESET_GRIPPER=AFTER_INITIAL_MOVE ANGLE_RAD=1.292946 EFFORT_NM=0.534563
TRIAL=017 PHASE=OPEN_GRIPPER
TRIAL=017 PHASE=RETURN_OBSERVATION
DAY4_RESET_GRIPPER=OPEN ANGLE_RAD=1.291181 EFFORT_NM=0.534118
DAY4_RESET_GRIPPER=AFTER_INITIAL_MOVE ANGLE_RAD=1.298062 EFFORT_NM=0.531540
TRIAL=018 VISUAL_CENTER=[0.2094068080186844, -0.046978379134088755, 0.014951095164261338] SURFACE=[0.2094068080186844, -0.046978379134088755, 0.029951095164261338] CONTOUR_DEG=0.25 AXIS_STD_DEG=0.09 FOOTPRINT=[0.031246623024344444, 0.031246623024344444] CONFIDENCE=0.9685
TRIAL=018 SELECTED_CONTOUR_ORIENTATION=+90.25deg TILT=0.0 LEAN=-1 SYMMETRY=1 IK_FK_POS_ERROR=0.000000m IK_FK_ORIENTATION_ERROR=0.000000rad FINGER_FK_LIFT=0.080000m FINGER_FK_DRIFT=0.000000m JOINT_MOTION=2.689893rad
DAY4_MOTION_DONE=1 ELAPSED_SIM=1.202 INITIAL_ERR=0.03421 FINAL_ERR=0.00046 ARM_V=0.00513
DAY4_STEP=1 EPISODE=018 STEP=01 DIST=0.020068 YAW_ERR_DEG=0.000 REQUESTED_MOVE=0.005000 EXECUTED_MOVE=0.004933 ATTEMPT=0 SUCCESS=0 TERMINATED=0 TRUNCATED=0
DAY4_MOTION_DONE=1 ELAPSED_SIM=1.200 INITIAL_ERR=0.03346 FINAL_ERR=0.00050 ARM_V=0.00557
DAY4_STEP=1 EPISODE=018 STEP=02 DIST=0.015135 YAW_ERR_DEG=0.000 REQUESTED_MOVE=0.005000 EXECUTED_MOVE=0.004925 ATTEMPT=0 SUCCESS=0 TERMINATED=0 TRUNCATED=0
DAY4_MOTION_DONE=1 ELAPSED_SIM=1.200 INITIAL_ERR=0.03285 FINAL_ERR=0.00049 ARM_V=0.00547
DAY4_STEP=1 EPISODE=018 STEP=03 DIST=0.010202 YAW_ERR_DEG=0.000 REQUESTED_MOVE=0.005000 EXECUTED_MOVE=0.004925 ATTEMPT=0 SUCCESS=0 TERMINATED=0 TRUNCATED=0
DAY4_MOTION_DONE=1 ELAPSED_SIM=1.200 INITIAL_ERR=0.03226 FINAL_ERR=0.00044 ARM_V=0.00484
DAY4_GRASP_ATTEMPT=1
TRIAL=018 PHASE=CLOSE_SEARCH
TRIAL=018 LEFT_CONTACT=0 RIGHT_CONTACT=0 STALL=0
TRIAL=018 LEFT_CONTACT=0 RIGHT_CONTACT=0 STALL=0
TRIAL=018 LEFT_CONTACT=0 RIGHT_CONTACT=0 STALL=0
TRIAL=018 LEFT_CONTACT=0 RIGHT_CONTACT=0 STALL=0
TRIAL=018 LEFT_CONTACT=0 RIGHT_CONTACT=0 STALL=0
TRIAL=018 LEFT_CONTACT=0 RIGHT_CONTACT=0 STALL=0
TRIAL=018 PHASE=WAIT_DUAL_CONTACT
TRIAL=018 LEFT_CONTACT=1 RIGHT_CONTACT=1 STALL=0
TRIAL=018 PHASE=WAIT_STALL
TRIAL=018 LEFT_CONTACT=1 RIGHT_CONTACT=1 STALL=0 GRIPPER_ERROR=0.03304 VELOCITY=0.04373 CLOSURE_M=0.00032
TRIAL=018 LEFT_CONTACT=1 RIGHT_CONTACT=1 STALL=0 GRIPPER_ERROR=0.01659 VELOCITY=0.01248 CLOSURE_M=0.00109
TRIAL=018 LEFT_CONTACT=1 RIGHT_CONTACT=1 STALL=0 GRIPPER_ERROR=0.00932 VELOCITY=0.00651 CLOSURE_M=0.00143
TRIAL=018 PHASE=LIFT_80_MM
TRIAL=018 ACTUAL_LIFT_M=-0.00001 LEFT_CONTACT=1 RIGHT_CONTACT=1
TRIAL=018 ACTUAL_LIFT_M=0.02448 LEFT_CONTACT=1 RIGHT_CONTACT=1
TRIAL=018 ACTUAL_LIFT_M=0.05303 LEFT_CONTACT=1 RIGHT_CONTACT=1
TRIAL=018 PHASE=HOLD
TRIAL=018 HOLD_SIM_SEC=0.000 HOLD_WALL_SEC=0.001 ACTUAL_LIFT_M=0.07470 RELATIVE_SLIP_M=0.00000 LEFT_CONTACT=1 RIGHT_CONTACT=1
TRIAL=018 HOLD_SIM_SEC=0.780 HOLD_WALL_SEC=1.002 ACTUAL_LIFT_M=0.07475 RELATIVE_SLIP_M=0.00000 LEFT_CONTACT=1 RIGHT_CONTACT=1
TRIAL=018 HOLD_SIM_SEC=1.596 HOLD_WALL_SEC=2.002 ACTUAL_LIFT_M=0.07474 RELATIVE_SLIP_M=0.00000 LEFT_CONTACT=1 RIGHT_CONTACT=1
TRIAL=018 HOLD_SIM_SEC=2.404 HOLD_WALL_SEC=3.003 ACTUAL_LIFT_M=0.07473 RELATIVE_SLIP_M=0.00001 LEFT_CONTACT=1 RIGHT_CONTACT=1
TRIAL=018 HOLD_SIM_SEC=3.224 HOLD_WALL_SEC=4.003 ACTUAL_LIFT_M=0.07472 RELATIVE_SLIP_M=0.00001 LEFT_CONTACT=1 RIGHT_CONTACT=1
TRIAL=018 HOLD_SIM_SEC=4.056 HOLD_WALL_SEC=5.003 ACTUAL_LIFT_M=0.07472 RELATIVE_SLIP_M=0.00002 LEFT_CONTACT=1 RIGHT_CONTACT=1
TRIAL=018 HOLD_SIM_SEC=4.892 HOLD_WALL_SEC=6.004 ACTUAL_LIFT_M=0.07471 RELATIVE_SLIP_M=0.00002 LEFT_CONTACT=1 RIGHT_CONTACT=1
TRIAL=018 PHASE=PLACE_DOWN
TRIAL=018 PHASE=OPEN_GRIPPER
TRIAL=018 PHASE=RETREAT_PREGRASP
TRIAL=018 PHASE=GRASP_SUCCESS
TRIAL=018 DAY5_PLACE_RELEASE=PASS
DAY4_GRASP_RESULT=SUCCESS
DAY4_STEP=1 EPISODE=018 STEP=04 DIST=0.005269 YAW_ERR_DEG=0.000 REQUESTED_MOVE=0.005000 EXECUTED_MOVE=0.004933 ATTEMPT=1 SUCCESS=1 TERMINATED=1 TRUNCATED=0
DAY4_RESET_GRIPPER=OPEN ANGLE_RAD=1.291128 EFFORT_NM=0.563347
DAY4_RESET_GRIPPER=AFTER_INITIAL_MOVE ANGLE_RAD=1.306081 EFFORT_NM=0.534388
TRIAL=019 VISUAL_CENTER=[0.1910722851753235, -0.023833166575059295, 0.0140696769130009] SURFACE=[0.1910722851753235, -0.023833166575059295, 0.0290696769130009] CONTOUR_DEG=0.78 AXIS_STD_DEG=0.12 FOOTPRINT=[0.03000496607273817, 0.03000496607273817] CONFIDENCE=0.9796
TRIAL=019 SELECTED_CONTOUR_ORIENTATION=+90.78deg TILT=0.0 LEAN=-1 SYMMETRY=1 IK_FK_POS_ERROR=0.000000m IK_FK_ORIENTATION_ERROR=0.000000rad FINGER_FK_LIFT=0.080000m FINGER_FK_DRIFT=0.000000m JOINT_MOTION=2.155530rad
DAY4_MOTION_DONE=1 ELAPSED_SIM=1.200 INITIAL_ERR=0.03421 FINAL_ERR=0.00063 ARM_V=0.00704
DAY4_STEP=1 EPISODE=019 STEP=01 DIST=0.020093 YAW_ERR_DEG=0.000 REQUESTED_MOVE=0.005000 EXECUTED_MOVE=0.004908 ATTEMPT=0 SUCCESS=0 TERMINATED=0 TRUNCATED=0
DAY4_MOTION_DONE=1 ELAPSED_SIM=1.200 INITIAL_ERR=0.03374 FINAL_ERR=0.00069 ARM_V=0.00768
DAY4_STEP=1 EPISODE=019 STEP=02 DIST=0.015194 YAW_ERR_DEG=0.000 REQUESTED_MOVE=0.005000 EXECUTED_MOVE=0.004898 ATTEMPT=0 SUCCESS=0 TERMINATED=0 TRUNCATED=0
DAY4_MOTION_DONE=1 ELAPSED_SIM=1.200 INITIAL_ERR=0.03334 FINAL_ERR=0.00068 ARM_V=0.00759
DAY4_STEP=1 EPISODE=019 STEP=03 DIST=0.010286 YAW_ERR_DEG=0.000 REQUESTED_MOVE=0.005000 EXECUTED_MOVE=0.004898 ATTEMPT=0 SUCCESS=0 TERMINATED=0 TRUNCATED=0
DAY4_MOTION_DONE=1 ELAPSED_SIM=1.200 INITIAL_ERR=0.03307 FINAL_ERR=0.00061 ARM_V=0.00678
DAY4_GRASP_ATTEMPT=1
TRIAL=019 PHASE=CLOSE_SEARCH
TRIAL=019 LEFT_CONTACT=0 RIGHT_CONTACT=0 STALL=0
TRIAL=019 LEFT_CONTACT=0 RIGHT_CONTACT=0 STALL=0
TRIAL=019 LEFT_CONTACT=0 RIGHT_CONTACT=0 STALL=0
TRIAL=019 LEFT_CONTACT=0 RIGHT_CONTACT=0 STALL=0
TRIAL=019 LEFT_CONTACT=0 RIGHT_CONTACT=0 STALL=0
TRIAL=019 LEFT_CONTACT=0 RIGHT_CONTACT=0 STALL=0
TRIAL=019 LEFT_CONTACT=0 RIGHT_CONTACT=1 STALL=0
TRIAL=019 PHASE=WAIT_DUAL_CONTACT
TRIAL=019 PHASE=WAIT_STALL
TRIAL=019 LEFT_CONTACT=1 RIGHT_CONTACT=1 STALL=0 GRIPPER_ERROR=0.03229 VELOCITY=0.01683 CLOSURE_M=0.00036
TRIAL=019 LEFT_CONTACT=1 RIGHT_CONTACT=1 STALL=0 GRIPPER_ERROR=0.01626 VELOCITY=0.01370 CLOSURE_M=0.00112
TRIAL=019 LEFT_CONTACT=1 RIGHT_CONTACT=1 STALL=0 GRIPPER_ERROR=0.00866 VELOCITY=0.00654 CLOSURE_M=0.00149
TRIAL=019 PHASE=LIFT_80_MM
TRIAL=019 ACTUAL_LIFT_M=-0.00002 LEFT_CONTACT=1 RIGHT_CONTACT=1
TRIAL=019 ACTUAL_LIFT_M=0.02350 LEFT_CONTACT=1 RIGHT_CONTACT=1
TRIAL=019 ACTUAL_LIFT_M=0.05064 LEFT_CONTACT=1 RIGHT_CONTACT=1
TRIAL=019 PHASE=HOLD
TRIAL=019 HOLD_SIM_SEC=0.000 HOLD_WALL_SEC=0.001 ACTUAL_LIFT_M=0.07456 RELATIVE_SLIP_M=0.00000 LEFT_CONTACT=1 RIGHT_CONTACT=1
TRIAL=019 HOLD_SIM_SEC=0.752 HOLD_WALL_SEC=1.001 ACTUAL_LIFT_M=0.07462 RELATIVE_SLIP_M=0.00001 LEFT_CONTACT=1 RIGHT_CONTACT=1
TRIAL=019 HOLD_SIM_SEC=1.596 HOLD_WALL_SEC=2.001 ACTUAL_LIFT_M=0.07462 RELATIVE_SLIP_M=0.00001 LEFT_CONTACT=1 RIGHT_CONTACT=1
TRIAL=019 HOLD_SIM_SEC=2.398 HOLD_WALL_SEC=3.001 ACTUAL_LIFT_M=0.07462 RELATIVE_SLIP_M=0.00001 LEFT_CONTACT=1 RIGHT_CONTACT=1
TRIAL=019 HOLD_SIM_SEC=3.244 HOLD_WALL_SEC=4.001 ACTUAL_LIFT_M=0.07461 RELATIVE_SLIP_M=0.00001 LEFT_CONTACT=1 RIGHT_CONTACT=1
TRIAL=019 HOLD_SIM_SEC=4.092 HOLD_WALL_SEC=5.002 ACTUAL_LIFT_M=0.07461 RELATIVE_SLIP_M=0.00001 LEFT_CONTACT=1 RIGHT_CONTACT=1
TRIAL=019 HOLD_SIM_SEC=4.896 HOLD_WALL_SEC=6.003 ACTUAL_LIFT_M=0.07461 RELATIVE_SLIP_M=0.00001 LEFT_CONTACT=1 RIGHT_CONTACT=1
TRIAL=019 PHASE=PLACE_DOWN
TRIAL=019 PHASE=OPEN_GRIPPER
TRIAL=019 PHASE=RETREAT_PREGRASP
TRIAL=019 PHASE=GRASP_SUCCESS
TRIAL=019 DAY5_PLACE_RELEASE=PASS
DAY4_GRASP_RESULT=SUCCESS
DAY4_STEP=1 EPISODE=019 STEP=04 DIST=0.005368 YAW_ERR_DEG=0.000 REQUESTED_MOVE=0.005000 EXECUTED_MOVE=0.004908 ATTEMPT=1 SUCCESS=1 TERMINATED=1 TRUNCATED=0
DAY4_RESET_GRIPPER=OPEN ANGLE_RAD=1.291161 EFFORT_NM=0.560395
DAY4_RESET_GRIPPER=AFTER_INITIAL_MOVE ANGLE_RAD=1.305594 EFFORT_NM=0.534316
TRIAL=020 VISUAL_CENTER=[0.21011673659086227, -0.005686482763849199, 0.010427558620700716] SURFACE=[0.21011673659086227, -0.005686482763849199, 0.025427558620700716] CONTOUR_DEG=0.45 AXIS_STD_DEG=0.12 FOOTPRINT=[0.028466778807342052, 0.028466778807342052] CONFIDENCE=0.9703
TRIAL=020 PHASE=OPEN_GRIPPER
TRIAL=020 PHASE=RETURN_OBSERVATION
TRIAL=020 PHASE=OPEN_GRIPPER
TRIAL=020 PHASE=RETURN_OBSERVATION
{"purpose": "fixed validation, not final test", "method": "B", "label": "before", "scenes": [{"id": "validation_00", "seed": 3442894840, "level": "L0", "mode": "fixed", "parameters": {"seed": 3442894840, "level": "L0", "enabled": true, "position_world_m": [-0.019303847655449263, -0.08113221056246213, 0.765], "position_fraction": 1.0, "side_m": 0.03, "yaw_rad": 0.0, "mass_kg": 0.03, "mu": 6.0, "mu2": 6.0, "brightness": 1.0, "contrast": 1.0, "pixel_std": 0.0, "depth_std_m": 0.0, "invalid_fraction": 0.0, "translation_m": [-0.0, -0.0, 0.0], "rotation_rad": [0.0, -0.0, 0.0], "delay_sec": 0.0, "noise_seed": 2997111002}, "source": "new fixed Day9 validation; not final test"}, {"id": "validation_01", "seed": 2968160041, "level": "L0", "mode": "fixed", "parameters": {"seed": 2968160041, "level": "L0", "enabled": true, "position_world_m": [0.014356258622353374, 0.036892493698142556, 0.765], "position_fraction": 1.0, "side_m": 0.03, "yaw_rad": 0.0, "mass_kg": 0.03, "mu": 6.0, "mu2": 6.0, "brightness": 1.0, "contrast": 1.0, "pixel_std": 0.0, "depth_std_m": 0.0, "invalid_fraction": 0.0, "translation_m": [0.0, 0.0, -0.0], "rotation_rad": [0.0, -0.0, -0.0], "delay_sec": 0.0, "noise_seed": 3301436041}, "source": "new fixed Day9 validation; not final test"}, {"id": "validation_02", "seed": 4103126623, "level": "L0", "mode": "fixed", "parameters": {"seed": 4103126623, "level": "L0", "enabled": true, "position_world_m": [-0.03513478321265759, -0.06692068779134927, 0.765], "position_fraction": 1.0, "side_m": 0.03, "yaw_rad": 0.0, "mass_kg": 0.03, "mu": 6.0, "mu2": 6.0, "brightness": 1.0, "contrast": 1.0, "pixel_std": 0.0, "depth_std_m": 0.0, "invalid_fraction": 0.0, "translation_m": [0.0, 0.0, 0.0], "rotation_rad": [0.0, 0.0, 0.0], "delay_sec": 0.0, "noise_seed": 517162105}, "source": "new fixed Day9 validation; not final test"}, {"id": "validation_03", "seed": 550692504, "level": "L0", "mode": "fixed", "parameters": {"seed": 550692504, "level": "L0", "enabled": true, "position_world_m": [-0.004285153474655828, -0.054480555398560296, 0.765], "position_fraction": 1.0, "side_m": 0.03, "yaw_rad": 0.0, "mass_kg": 0.03, "mu": 6.0, "mu2": 6.0, "brightness": 1.0, "contrast": 1.0, "pixel_std": 0.0, "depth_std_m": 0.0, "invalid_fraction": 0.0, "translation_m": [0.0, -0.0, -0.0], "rotation_rad": [0.0, 0.0, -0.0], "delay_sec": 0.0, "noise_seed": 2317269907}, "source": "new fixed Day9 validation; not final test"}, {"id": "validation_04", "seed": 207166450, "level": "L0", "mode": "fixed", "parameters": {"seed": 207166450, "level": "L0", "enabled": true, "position_world_m": [-0.0008340442142023841, 0.006784826650982002, 0.765], "position_fraction": 1.0, "side_m": 0.03, "yaw_rad": 0.0, "mass_kg": 0.03, "mu": 6.0, "mu2": 6.0, "brightness": 1.0, "contrast": 1.0, "pixel_std": 0.0, "depth_std_m": 0.0, "invalid_fraction": 0.0, "translation_m": [-0.0, 0.0, -0.0], "rotation_rad": [-0.0, 0.0, 0.0], "delay_sec": 0.0, "noise_seed": 3983084309}, "source": "new fixed Day9 validation; not final test"}, {"id": "validation_05", "seed": 4045685648, "level": "L0", "mode": "fixed", "parameters": {"seed": 4045685648, "level": "L0", "enabled": true, "position_world_m": [0.030772841944359114, -0.027384711268192027, 0.765], "position_fraction": 1.0, "side_m": 0.03, "yaw_rad": 0.0, "mass_kg": 0.03, "mu": 6.0, "mu2": 6.0, "brightness": 1.0, "contrast": 1.0, "pixel_std": 0.0, "depth_std_m": 0.0, "invalid_fraction": 0.0, "translation_m": [0.0, -0.0, -0.0], "rotation_rad": [-0.0, -0.0, 0.0], "delay_sec": 0.0, "noise_seed": 515161592}, "source": "new fixed Day9 validation; not final test"}, {"id": "validation_06", "seed": 1998952257, "level": "L0", "mode": "fixed", "parameters": {"seed": 1998952257, "level": "L0", "enabled": true, "position_world_m": [0.0109048195209967, 0.05393547952331937, 0.765], "position_fraction": 1.0, "side_m": 0.03, "yaw_rad": 0.0, "mass_kg": 0.03, "mu": 6.0, "mu2": 6.0, "brightness": 1.0, "contrast": 1.0, "pixel_std": 0.0, "depth_std_m": 0.0, "invalid_fraction": 0.0, "translation_m": [0.0, 0.0, 0.0], "rotation_rad": [0.0, 0.0, 0.0], "delay_sec": 0.0, "noise_seed": 3333522096}, "source": "new fixed Day9 validation; not final test"}, {"id": "validation_07", "seed": 2746817368, "level": "L0", "mode": "fixed", "parameters": {"seed": 2746817368, "level": "L0", "enabled": true, "position_world_m": [-0.06358753647953524, 0.012513848774854282, 0.765], "position_fraction": 1.0, "side_m": 0.03, "yaw_rad": 0.0, "mass_kg": 0.03, "mu": 6.0, "mu2": 6.0, "brightness": 1.0, "contrast": 1.0, "pixel_std": 0.0, "depth_std_m": 0.0, "invalid_fraction": 0.0, "translation_m": [-0.0, 0.0, -0.0], "rotation_rad": [-0.0, -0.0, -0.0], "delay_sec": 0.0, "noise_seed": 2504973556}, "source": "new fixed Day9 validation; not final test"}, {"id": "validation_08", "seed": 871478865, "level": "L0", "mode": "fixed", "parameters": {"seed": 871478865, "level": "L0", "enabled": true, "position_world_m": [-0.03453120940815477, -0.039369394288053194, 0.765], "position_fraction": 1.0, "side_m": 0.03, "yaw_rad": 0.0, "mass_kg": 0.03, "mu": 6.0, "mu2": 6.0, "brightness": 1.0, "contrast": 1.0, "pixel_std": 0.0, "depth_std_m": 0.0, "invalid_fraction": 0.0, "translation_m": [0.0, -0.0, -0.0], "rotation_rad": [0.0, -0.0, 0.0], "delay_sec": 0.0, "noise_seed": 3380529577}, "source": "new fixed Day9 validation; not final test"}, {"id": "validation_09", "seed": 355118205, "level": "L0", "mode": "fixed", "parameters": {"seed": 355118205, "level": "L0", "enabled": true, "position_world_m": [-0.02141340178358392, 0.055475080073560126, 0.765], "position_fraction": 1.0, "side_m": 0.03, "yaw_rad": 0.0, "mass_kg": 0.03, "mu": 6.0, "mu2": 6.0, "brightness": 1.0, "contrast": 1.0, "pixel_std": 0.0, "depth_std_m": 0.0, "invalid_fraction": 0.0, "translation_m": [-0.0, 0.0, 0.0], "rotation_rad": [0.0, 0.0, 0.0], "delay_sec": 0.0, "noise_seed": 1811831045}, "source": "new fixed Day9 validation; not final test"}, {"id": "validation_10", "seed": 1211976602, "level": "L1", "mode": "fixed", "parameters": {"seed": 1211976602, "level": "L1", "enabled": true, "position_world_m": [0.03331373962514739, -0.02697642829061263, 0.7649065264580271], "position_fraction": 1.0, "side_m": 0.02981305291605427, "yaw_rad": 0.0, "mass_kg": 0.02778238120472769, "mu": 6.564533699413846, "mu2": 5.4253786212761375, "brightness": 1.074667721289618, "contrast": 1.083951142612345, "pixel_std": 2.0, "depth_std_m": 0.0001, "invalid_fraction": 0.01, "translation_m": [-0.0003536844834403416, -3.5155571630071706e-05, 6.536048167987331e-05], "rotation_rad": [-0.003095440326090259, -0.00012473450013985405, -0.0009395564621086107], "delay_sec": 0.008496547063265114, "noise_seed": 3362986731}, "source": "new fixed Day9 validation; not final test"}, {"id": "validation_11", "seed": 3738231425, "level": "L1", "mode": "fixed", "parameters": {"seed": 3738231425, "level": "L1", "enabled": true, "position_world_m": [-0.027561348270100122, -0.02933961620579344, 0.7649021564327428], "position_fraction": 1.0, "side_m": 0.02980431286548574, "yaw_rad": 0.0, "mass_kg": 0.028184824265936978, "mu": 5.899745714912336, "mu2": 6.498995914636167, "brightness": 0.93055613529187, "contrast": 0.9299467362724159, "pixel_std": 2.0, "depth_std_m": 0.0001, "invalid_fraction": 0.01, "translation_m": [0.0006696710529442318, 0.00022454508302260456, 0.0016696949311139652], "rotation_rad": [0.002771855149981859, -0.0014607248631806813, -0.0008675295629024082], "delay_sec": 0.011037945309165294, "noise_seed": 1135597563}, "source": "new fixed Day9 validation; not final test"}, {"id": "validation_12", "seed": 4278111132, "level": "L1", "mode": "fixed", "parameters": {"seed": 4278111132, "level": "L1", "enabled": true, "position_world_m": [0.013407152185127696, 0.025512673390990528, 0.7649326104843726], "position_fraction": 1.0, "side_m": 0.029865220968745144, "yaw_rad": 0.0, "mass_kg": 0.029077116473094928, "mu": 5.634624818612794, "mu2": 5.747861777353492, "brightness": 1.0129242278307435, "contrast": 1.0739871640867673, "pixel_std": 2.0, "depth_std_m": 0.0001, "invalid_fraction": 0.01, "translation_m": [-0.00047992453492802555, 0.000152022476642713, 0.00020751479196086755], "rotation_rad": [0.0014106519481951883, 0.0016082082422462305, 0.0034215314373886203], "delay_sec": 0.006957358277775851, "noise_seed": 164051515}, "source": "new fixed Day9 validation; not final test"}, {"id": "validation_13", "seed": 3996890981, "level": "L1", "mode": "fixed", "parameters": {"seed": 3996890981, "level": "L1", "enabled": true, "position_world_m": [-0.053244213808357976, 0.044766122129742555, 0.764999177251968], "position_fraction": 1.0, "side_m": 0.029998354503935874, "yaw_rad": 0.0, "mass_kg": 0.030549286375518084, "mu": 6.1725818434621775, "mu2": 6.293122998135313, "brightness": 0.9960957875947806, "contrast": 1.0576381846023752, "pixel_std": 2.0, "depth_std_m": 0.0001, "invalid_fraction": 0.01, "translation_m": [0.001723811783631225, -0.0008115336642814593, 3.3148472911054866e-07], "rotation_rad": [0.002777730667638497, -0.007850120697611174, 0.001855228630982473], "delay_sec": 0.015857747487010656, "noise_seed": 1329264451}, "source": "new fixed Day9 validation; not final test"}, {"id": "validation_14", "seed": 925259739, "level": "L2", "mode": "fixed", "parameters": {"seed": 925259739, "level": "L2", "enabled": true, "position_world_m": [-0.009735502440273436, 0.023918308227913066, 0.765340998228541], "position_fraction": 1.0, "side_m": 0.030681996457081924, "yaw_rad": 0.0, "mass_kg": 0.027352959399273624, "mu": 5.367933363759577, "mu2": 7.0742555606384, "brightness": 1.1502224338398166, "contrast": 1.0627534626234971, "pixel_std": 5.0, "depth_std_m": 0.0002, "invalid_fraction": 0.03, "translation_m": [-9.30271936465947e-05, 0.00034679924165751573, 5.0681034110147085e-05], "rotation_rad": [-0.000990727677422634, -0.009631713431331144, 0.007202279069877428], "delay_sec": 0.04728538747161038, "noise_seed": 1311119837}, "source": "new fixed Day9 validation; not final test"}, {"id": "validation_15", "seed": 1804260918, "level": "L2", "mode": "fixed", "parameters": {"seed": 1804260918, "level": "L2", "enabled": true, "position_world_m": [0.0347918869345909, -0.07407341259700144, 0.764801126812864], "position_fraction": 1.0, "side_m": 0.02960225362572818, "yaw_rad": 0.0, "mass_kg": 0.025791620421556815, "mu": 6.875996082834266, "mu2": 5.331072931840805, "brightness": 0.8778092841436934, "contrast": 0.8912990471735126, "pixel_std": 5.0, "depth_std_m": 0.0002, "invalid_fraction": 0.03, "translation_m": [-0.0007251564481974971, -0.0017693679235576939, 0.0041100937082014545], "rotation_rad": [-0.012240167419558553, -0.005323257236713454, -0.0012380703178965754], "delay_sec": 0.009014793877539324, "noise_seed": 2897503994}, "source": "new fixed Day9 validation; not final test"}, {"id": "validation_16", "seed": 1975975286, "level": "L2", "mode": "fixed", "parameters": {"seed": 1975975286, "level": "L2", "enabled": true, "position_world_m": [-0.06638506136983474, -0.053983111775488535, 0.7646301989427995], "position_fraction": 1.0, "side_m": 0.029260397885599056, "yaw_rad": 0.0, "mass_kg": 0.03508639773223889, "mu": 6.827810657787014, "mu2": 7.099644433573268, "brightness": 0.9171836864380896, "contrast": 0.860039605011221, "pixel_std": 5.0, "depth_std_m": 0.0002, "invalid_fraction": 0.03, "translation_m": [-0.0023560670615114724, -0.0016350955461969523, 0.0002894287523765201], "rotation_rad": [0.009098337863140672, -0.0002988166290417463, -0.006022376431408019], "delay_sec": 0.024908077742205235, "noise_seed": 904787776}, "source": "new fixed Day9 validation; not final test"}, {"id": "validation_17", "seed": 1880441250, "level": "L3", "mode": "fixed", "parameters": {"seed": 1880441250, "level": "L3", "enabled": true, "position_world_m": [0.014270436597203201, -0.04688586245897859, 0.7655789114595242], "position_fraction": 1.0, "side_m": 0.03115782291904843, "yaw_rad": 0.0, "mass_kg": 0.03046495733604695, "mu": 7.2712200295928815, "mu2": 5.220411063296211, "brightness": 0.9837686157303219, "contrast": 0.8827342860038832, "pixel_std": 8.0, "depth_std_m": 0.0003, "invalid_fraction": 0.05, "translation_m": [6.2984884524315116e-06, 1.2822887634158487e-05, -7.380474500043135e-05], "rotation_rad": [-0.0037081044563054785, 0.02328143382809549, 0.004413809318784041], "delay_sec": 0.0016307665197616728, "noise_seed": 1908773028}, "source": "new fixed Day9 validation; not final test"}, {"id": "validation_18", "seed": 2070358640, "level": "L3", "mode": "fixed", "parameters": {"seed": 2070358640, "level": "L3", "enabled": true, "position_world_m": [-0.010859628442125652, -0.025347834133462713, 0.764997141112061], "position_fraction": 1.0, "side_m": 0.029994282224121944, "yaw_rad": 0.0, "mass_kg": 0.024199474906148447, "mu": 4.493724982756245, "mu2": 4.4855632447917655, "brightness": 1.2597342274229428, "contrast": 1.2543411218935467, "pixel_std": 8.0, "depth_std_m": 0.0003, "invalid_fraction": 0.05, "translation_m": [0.0034821783201522158, -0.002594323090080517, -0.00036007842694070165], "rotation_rad": [0.014728539862927386, 0.009078547468848437, 0.011323031220374008], "delay_sec": 0.027551972427166435, "noise_seed": 632683772}, "source": "new fixed Day9 validation; not final test"}, {"id": "validation_19", "seed": 2411741904, "level": "L3", "mode": "fixed", "parameters": {"seed": 2411741904, "level": "L3", "enabled": true, "position_world_m": [0.009068044260150815, -0.010173841314685643, 0.7642825693354185], "position_fraction": 1.0, "side_m": 0.02856513867083705, "yaw_rad": 0.0, "mass_kg": 0.03709944657447035, "mu": 7.784314758297665, "mu2": 5.2618962609393725, "brightness": 0.776346449346166, "contrast": 1.0652447097934006, "pixel_std": 8.0, "depth_std_m": 0.0003, "invalid_fraction": 0.05, "translation_m": [-0.002076446125704578, 0.001771798436162886, -0.003909972986094529], "rotation_rad": [0.00964543997315983, -0.012825164349594407, 0.005439477456876422], "delay_sec": 0.02022139831200015, "noise_seed": 2783387533}, "source": "new fixed Day9 validation; not final test"}], "seed": 20260910, "episodes": 20, "max_steps": 400, "max_episode_wall_sec": 600, "wall_deadline_monotonic": 564079.3141439997, "updates": 0, "replay_writes": 0, "curriculum_advance": false, "deterministic": true, "config": {"schema_version": 4, "world_name": "robot_world", "block_name": "wood_block", "base_frame": "base_link", "tcp_link": "end_effector_link", "move_group": "arm", "arm_joints": ["joint1", "joint2", "joint3", "joint4", "joint5"], "initial_pose": [0.0, 0.16755160819145562, -1.1728612573401895, -1.8849555921538759, 0.0], "robot_spawn_world": [-0.2, 0.0, 0.75], "block_reset_world": [-0.01540777340756408, -0.012438901168749173, 0.765], "table_top_world_z": 0.75, "block_size_m": [0.03, 0.03, 0.03], "sampling": {"base_x_m": [0.1166613453786855, 0.25252310780618636], "base_y_m": [-0.10027086404686325, 0.07539306170936491], "rows": 5, "columns": 5, "samples_per_stratum": 2, "shuffle_seed": 20260825, "maximum_preflight_attempts": 500, "block_yaw_deg": 0.0}, "representative_points": {"center": [0.18459222659243593, -0.012438901168749173, 0.015], "far": [0.13392035813002465, -0.012688906328956265, 0.015], "near": [0.23526409505484722, -0.012188896008542081, 0.015], "left": [0.1849409066683234, -0.08311052621120449, 0.015], "right": [0.18424354651654845, 0.05823272387370615, 0.015]}, "topics": {"joint_states": "/joint_states", "gazebo_joint_states": "/day3_v5/gazebo_joint_states", "arm_command": "/arm_controller/joint_trajectory", "gripper_command": "/gripper_controller/commands", "left_contacts": "/day3_v5/left_finger/contacts", "right_contacts": "/day3_v5/right_finger/contacts", "block_contacts": "/day3_v5/block/contacts", "block_odometry": "/day3_v5/block/odometry", "rgb": "/depth_cam/rgbd/image", "depth": "/depth_cam/rgbd/depth_image", "camera_info": "/depth_cam/rgbd/camera_info", "target": "/grasp/target_point", "surface": "/grasp/target_surface", "footprint": "/grasp/target_footprint", "detected": "/grasp/detected", "confidence": "/grasp/target_confidence", "ik_service": "/compute_ik", "fk_service": "/compute_fk", "state_validity_service": "/check_state_validity", "planning_scene_service": "/apply_planning_scene"}, "perception": {"samples": 12, "confidence_minimum": 0.66, "maximum_std_m": 0.005, "maximum_axis_std_deg": 6.0, "object_side_m": [0.025, 0.04], "workspace_x_m": [0.1066613453786855, 0.2625231078061864], "workspace_y_m": [-0.11027086404686325, 0.0853930617093649], "workspace_z_m": [0.005, 0.045], "center_surface_delta_tolerance_m": 0.008}, "geometry": {"table_normal_base": [0.0, 0.0, 1.0], "urdf": "generated/day3_v5_robot.urdf", "left_finger_link": "l_out_link", "right_finger_link": "r_out_link", "left_finger_collision": "l_out_link_box_collision", "right_finger_collision": "r_out_link_box_collision", "gripper_driver_joint": "r_joint", "contact_center_insertion_m": -0.007, "minimum_table_clearance_m": 0.004, "table_center_base_m": [0.2, 0.0, -0.015], "table_size_m": [0.9, 0.6, 0.03], "pedestal_center_base_m": [0.2, 0.0, -0.39], "pedestal_size_m": [0.1, 0.1, 0.72]}, "orientation": {"tilt_min_deg": 0.0, "tilt_max_deg": 60.0, "tilt_step_deg": 7.5, "lean_signs": [-1, 1], "square_symmetries": [0, 1, 2, 3], "maximum_orientation_error_rad": 0.08, "position_weight": 150.0, "orientation_weight": 2.0, "joint_motion_weight": 0.08, "joint_margin_weight": 0.15, "deterministic_seed_count": 12, "seed_random_seed": 20260825}, "motion": {"pregrasp_clearance_m": 0.07, "lift_command_m": 0.08, "cartesian_step_m": 0.0025, "maximum_joint_step_rad": 0.25, "state_validity_joint_step_rad": 0.025, "arm_joint_tolerance_rad": 0.15, "joint_limit_margin_rad": 0.01, "ik_timeout_sec": 0.35, "service_timeout_wall_sec": 15.0, "tcp_position_tolerance_m": 0.004, "grasp_center_tolerance_m": 0.005, "grasp_settle_joint_error_rad": 0.03, "grasp_settle_velocity_rad_sec": 0.1, "grasp_settle_sim_sec": 0.3, "initial_duration_sec": 2.0, "pregrasp_duration_sec": 2.2, "descent_duration_sec": 1.8, "lift_duration_sec": 2.2, "place_duration_sec": 2.0, "retreat_duration_sec": 1.5, "safe_duration_sec": 2.0}, "gripper": {"open_target": 1.3, "open_minimum": 1.15, "close_target": 0.0, "command_rate_hz": 15.0, "dual_contact_stable_sim_sec": 0.2, "contact_dropout_sim_sec": 0.25, "stall_velocity_rad_sec": 0.01, "stall_duration_sim_sec": 0.3, "overclose_offset": 0.04, "search_effort_nm": 0.02, "hold_effort_nm": 0.008, "compensation_velocity_rad_sec": 0.005, "position_velocity_gain": 0.5, "velocity_proportional_gain_nm_sec_per_rad": 0.75, "velocity_integral_gain_nm_per_rad": 2.0, "hold_effort_limit_nm": 0.6, "open_hold_effort_nm": 1.2, "effort_limit_nm": 1.5, "penetration_fail_m": 0.003, "minimum_contact_closure_m": 0.0015, "early_contact_angle_margin_rad": 0.045, "early_contact_gap_margin_m": 0.0015, "contact_inside_margin_m": 0.008, "contact_normal_alignment_min": 0.45}, "verification": {"minimum_lift_m": 0.06, "hold_sim_sec": 5.0, "hold_wall_sec": 5.0, "minimum_hold_height_m": 0.055, "maximum_relative_slip_m": 0.003, "drop_stable_sim_sec": 0.2, "pregrip_xy_disturbance_m": 0.02, "pregrip_z_disturbance_m": 0.015, "place_height_tolerance_m": 0.012}, "reset": {"pose_tolerance_m": 0.006, "linear_speed_max_m_sec": 0.025, "angular_speed_max_rad_sec": 0.15, "stable_sim_sec": 0.2, "arm_settle_sim_sec": 0.5, "arm_settle_joint_error_rad": 0.03, "arm_settle_velocity_rad_sec": 0.05}, "timeouts": {"interfaces_wall_sec": 90.0, "camera_topics_wall_sec": 60.0, "visual_wall_sec": 30.0, "open_wall_sec": 120.0, "arm_wall_sec": 240.0, "dual_contact_wall_sec": 45.0, "stall_wall_sec": 45.0, "lift_wall_sec": 240.0, "hold_wall_sec": 240.0, "place_wall_sec": 240.0, "reset_wall_sec": 60.0, "clock_stall_wall_sec": 20.0}, "day4": {"sampling": {"base_x_m": [0.1166613453786855, 0.25252310780618636], "base_y_m": [-0.10027086404686325, 0.07539306170936491], "yaw_deg": [0.0, 0.0]}, "action_limit_m": 0.005, "yaw_action_limit_deg": 5.0, "start_clearance_m": 0.025, "start_duration_sec": 1.2, "step_duration_sec": 1.0, "step_timeout_wall_sec": 120.0, "step_settle_joint_error_rad": 0.01, "step_settle_velocity_rad_sec": 0.05, "step_settle_sim_sec": 0.2, "position_trigger_m": 0.006, "yaw_trigger_deg": 8.0, "max_steps": 20, "invalid_action_limit": 3, "reset_attempts": 5, "reward": {"approach_scale": 100.0, "success": 50.0, "drop": -30.0, "collision": -30.0}, "smoke": {"episodes": 100, "base_seed": 20260828, "policy_gain": 0.8, "minimum_grasp_attempt_rate": 0.9}, "step_min_execution_fraction": 1.0}, "day6": {"enable_residual": true, "model_path": "models/sac_smoke.zip", "deterministic": true, "residual_limit_m": 0.001, "residual_yaw_limit_deg": 1.0, "low_pass_alpha": 0.25, "live_check": {"fixed_center": true, "seed": 20260902}, "provenance": {"day5_tree_sha256": "2ee2feece30cfa6bce7f8960b7a4b3362d6d02cf7176ff8150147ff32d868155", "day5_file_count": 2099, "day5_directory_count": 281, "day5_symlink_count": 4, "source_model_sha256": "69e3b9cec696129805ec96969be9e738f553fc1d5ac93e8f47384033af11c9a5"}}, "day8": {"mode": "auto", "initial_level": "L0", "seed": 20260913, "results_path": "results/white_area_episodes.jsonl", "state_path": "runtime/white_area_curriculum_state.json", "window": 100, "minimum_dwell": 100, "promote_rate": 0.8, "demote_rate": 0.55, "technical_retries": 5, "stage_restarts": 2, "sdf_readback_significant_digits": 6, "service_timeout_sec": 30.0, "episode_timeout_sec": 1200, "perception_node": "/perception", "world_sdf": "simulations/robot_gazebo/worlds/grasp_table.sdf", "episode_sdf": "runtime/wood_block_episode.sdf", "nominal": {"mass_kg": 0.03, "mu": 6.0, "mu2": 6.0, "brightness": 1.0, "contrast": 1.0, "side_m": 0.03}, "levels": {"L0": {"position_fraction": 1.0, "mass_fraction": 0.0, "friction_fraction": 0.0, "rgb_fraction": 0.0, "pixel_std": 0.0, "depth_std_mm": 0.0, "invalid_fraction": 0.0, "translation_mm": 0.0, "rotation_deg": 0.0, "delay_ms": 0.0, "size_fraction": 0}, "L1": {"position_fraction": 1.0, "mass_fraction": 0.1, "friction_fraction": 0.1, "rgb_fraction": 0.1, "pixel_std": 2.0, "depth_std_mm": 0.1, "invalid_fraction": 0.01, "translation_mm": 2.0, "rotation_deg": 0.5, "delay_ms": 20.0, "size_fraction": 0.02}, "L2": {"position_fraction": 1.0, "mass_fraction": 0.2, "friction_fraction": 0.2, "rgb_fraction": 0.2, "pixel_std": 5.0, "depth_std_mm": 0.2, "invalid_fraction": 0.03, "translation_mm": 5.0, "rotation_deg": 1.0, "delay_ms": 50.0, "size_fraction": 0.035}, "L3": {"position_fraction": 1.0, "mass_fraction": 0.3, "friction_fraction": 0.3, "rgb_fraction": 0.3, "pixel_std": 8.0, "depth_std_mm": 0.3, "invalid_fraction": 0.05, "translation_mm": 8.0, "rotation_deg": 2.0, "delay_ms": 100.0, "size_fraction": 0.05}}, "position_grid_path": "results/position_grid.json", "white_area": {"frame": "base_link", "center_base_m": [0.18459222659243593, -0.012438901168749173, 0.0], "size_xy_m": [0.135, 0.175], "yaw_rad": -3.1366588877894728, "sampling": "continuous_uniform_full_footprint", "source": "GJYfighting/source-code@70502c8:jetarm/src/hiwonder_imgproc/color_detection/config/config.yaml", "table_projection": true}, "camera_mount": {"reference": "camera_calibration_hand", "hand_reference_z_m": 0.17145583202, "link4_translation_m": [-0.04500000000000002, 0.0, 0.07045583202000001], "source_hand_to_optical": [[0.0, 0.0, 1.0, -0.101], [-1.0, 0.0, 0.0, 0.0], [0.0, -1.0, 0.0, 0.045], [0.0, 0.0, 0.0, 1.0]], "derivation": "results/camera_repair_geometry.json"}}, "day9": {"status": "CANDIDATE_UNVALIDATED", "profile": "combined", "methods": ["A", "B", "F"], "seed_diagnostic": 20260908, "seed_pilot": 20260909, "seed_validation": 20260910, "formal_seeds": [20260911, 20260912, 20260913], "pilot_steps_per_method": 3000, "formal_steps_per_method_seed": 10000, "task_reset_failure": "count_failure_without_fake_transition", "P1": {"learning_rate": 0.0003, "gamma": 0.99, "tau": 0.005, "buffer_size": 100000, "batch_size": 128, "learning_starts": 1000, "train_freq": [1, "step"], "gradient_steps": 1, "ent_coef": "auto", "target_entropy": "auto", "target_update_interval": 1, "action_noise": null, "use_sde": false, "optimize_memory_usage": false, "device": "cpu"}, "policy_kwargs": {"net_arch": [64, 64], "activation_fn": "torch.nn.ReLU", "n_critics": 2, "optimizer_class": "torch.optim.Adam", "optimizer_kwargs": {"betas": [0.9, 0.999], "eps": 1e-08, "weight_decay": 0}}, "accepted_optimizations": ["open_servo", "reset_once", "no_resend"], "selection_note": "functional execution candidate; standalone speed benefits not established; opening target control costs time", "control_overrides": {"implemented_in": "day9_env.install_execution_audit", "closing_search_velocity_reference_rad_sec": -0.1, "closing_feedback_hard_bound_verified": false, "search_to_hold_preserve_integral": true, "opening_target_rad": 1.3, "opening_position_tolerance_rad": 0.01, "opening_velocity_reference_cap_rad_sec": 0.1, "opening_pi": [0.75, 2.0], "opening_effort_cap_nm": 1.5, "hold_unchanged": true}}}, "code_hashes": {"analyze_day9.py": "732a6277653843666fb63e0edb79d626c5a259e146a24e419812d5d7db2a12f9", "analyze_self_occlusion.py": "021159e7da66f9dde02fc6c62abdf58864cf33a4787a53ce369de707892a46bf", "config.yaml": "e9f60a524e088d1a0fe6572a085eb5a001839e76db71d1244f9a80c90b61e54d", "day4_env.py": "710b07661208fcf8474e14ae853d5d872d3ea04cf3660f6df5350760b3b53522", "day8_check.py": "9393336635604aba50938a0adcf0f3fdee36f97cc935f85d2f1bf6441b5fe08f", "day8_env.py": "c20c8c59cfafb9ecf3d222deb621af64bddcaf8f1a29b3bde434cfa1269fc537", "day9_env.py": "1a66fc310648c9d45eac697b058b2d03438b65975d7b004ae3ed85277ac30257", "day9_training.py": "51d28abe6cc02e620db77a9c10c93f623d0de6509223dd9de3af8c57497bebf7", "generated/camera_baseline/day3_v5_robot.sdf": "7316b273a6d2bed98ddc6853af26c76470b69d0e736d11a79e04e669a76d9595", "generated/camera_baseline/day3_v5_robot.urdf": "479818df56947f89bd0bfa6db6bed642f1b892a423aa4dcbb5571c88ec469fdc", "generated/day3_v5_robot.sdf": "ede63437936c6597baf51f0f42f1d094e63750ae42616768373defc2102086e1", "generated/day3_v5_robot.urdf": "928b1da749265fd660662bb42779c37dd7d4ba5001cbed816e59bdea1a1085ef", "grasp_geometry_v5.py": "fc1815d10cbcfbb64563268a1b2e978d952b76dc85bb4da522dacc6f46a80352", "io_probe.py": "01c5cd5cc8c6817658778fbb20815a75251ec78145065ad405c7bd97f9b212cc", "manage_day8.py": "3790ff7f3621944df43d904721715a1bde15da3216fd74b024bf907bbc4cfa4c", "manage_day9.py": "a149b0fab4e8862c6fef035c894423b528f0eb2c019c1e93d9845d70ecc910e1", "moveit.launch.py": "5f4395e957478022f0bc32acbbcf1f27e565cdf793a46169005a86a1312a01b5", "moveit_v5/jetarm_6dof.srdf": "050e781b46de6e20a8e380889c80fa323864715766db22108718a7ab7a41f358", "moveit_v5/joint_limits.yaml": "34100799bd26830db251e4384988c390fcf6d52da34f7f668b9d1c78b98d4f3f", "moveit_v5/kinematics.yaml": "1501ebb454f62845ae94011e0d7cb9150185b05fbd45cffd8fec181a750182b9", "moveit_v5/launch_defaults.yaml": "9b52d3771161f749276f21709054fbb411ccddd54c479accf797c9e7e36dd4e6", "moveit_v5/moveit_controllers.yaml": "6e81d67a80a63f0db24406a99e8efc8993a3a24482c20e7c523497bce4c5248f", "moveit_v5/pilz_cartesian_limits.yaml": "fed80b213b77f13fb7b913d703609a66caa72ccb0617b41e83d3057e31749047", "moveit_v5/sensors_3d.yaml": "2da018b37e1038d2d868499d8c6cdf56b95ceda2d859eba80744ed2e7ec246c2", "perception_v5.py": "8c0cd48399360b78dd807550332ef132cc397abdb1576bad2eda2020bd322b99", "perception_v5.yaml": "927b371725cc84f6c939ec085161c6037c2ae221c309213e140dd5090ae1afad", "repair_camera.py": "86eb2db1b1236f4b72859ac8327c6c187de73e02768bc612f08c38696e838a10", "residual_env.py": "caee2ca833a1b226216a80d71be626870e055b79d16824fc35d251c8c92afd95", "run_day9.py": "53e818b9a947d6d46ade067ebd735c866541bdc76168390fff49b275bb48e89c", "run_validation.py": "28ac3bea09c5c53475ea9f33098563dcc4075fb9f557bff598cb8740ac41c1b6", "session_env.sh": "5fa52760e00d761c6d62ecbac5faf769e2610749a0242c00f95e4a370e201502", "simulations/robot_gazebo/config/robot_config.yaml": "37ec82d26af5103bd193a50325465c55b993e43c05589fbf2f6fd9a848d6c35d", "simulations/robot_gazebo/worlds/grasp_table.sdf": "c626376a90506a7f4834ec1124ad66fcc4ac8ab067fcba2964cb6508c2873d6f", "test_day9_contract.py": "881124e19ae379729dffa0012363c21944508a001fef38e91860a23caaceda18", "visual_grasp_v5.py": "6c427a085323aba690965df860ac81f7f2e0e53be9458aea3ef44405f857d4c0", "white_area.py": "72fe11ce9de3f9470851f389c908c922f1bbe692b78eddc29adfe76506795069", "white_area_check.py": "a8707b567eaba2687a0748079a2b813dbd4e160cad3b133caffe30b051cff09c", "world.launch.py": "811932079c7c959111b394aedef8eb83227fb48cc2ec911dddf603ea42cd1446", "write_review.py": "1080defad05d80afad9ef4375d011ac45547f6d38e2682281973076d5a06e93f"}, "model": "models/pilot/B_initial_seed20260909.zip", "resolved_execution": {"method": "B", "phase": "validation", "profile": "combined", "flags": ["open_servo", "reset_once", "no_resend"], "curriculum_mode": "off", "domain_mode": "from persisted fixed scene", "internal_smoke_model_loaded": false, "source_reset_attempts": 5, "effective_reset_attempts": 1, "action": "direct SAC physical action", "action_limit_m": 0.005, "yaw_limit_rad": 0.08726646259971647, "base_gain": null, "residual_scale": null, "filter_alpha": null, "confidence_fusion_gate": false, "perception_validity_threshold": 0.66, "closing_search_reference_rad_sec": -0.1, "closing_actual_hard_speed_bound_verified": false, "closing_hold_pi": [0.75, 2.0], "hold_effort_limit_nm": 0.6, "overclose_rad": 0.04, "reward": {"approach_scale": 100.0, "success": 50.0, "drop": -30.0, "collision": -30.0}, "max_steps": 20, "hold_sim_sec": 5.0, "hold_wall_sec": 5.0, "full_trajectory_completion_required": true, "physics_step_sec": 0.002}, "model_sha256": "4bd50c7924c5e625c9aa4e4ee70c99f9212957e99d44a742b523abb66c2a1d66", "technical_retries": 0, "task_reset_failure": "count as failure; do not fabricate observations or transitions"}
TRIAL=000 PHASE=CHECK_INTERFACES
DAY4_RESET_GRIPPER=OPEN ANGLE_RAD=1.300396 EFFORT_NM=-0.000942
DAY4_RESET_GRIPPER=AFTER_INITIAL_MOVE ANGLE_RAD=1.291201 EFFORT_NM=0.534245
TRIAL=001 VISUAL_CENTER=[0.18086028099060059, -0.08072789385914803, 0.015097568335212794] SURFACE=[0.18086028099060059, -0.08072789385914803, 0.030097568335212793] CONTOUR_DEG=0.00 AXIS_STD_DEG=0.00 FOOTPRINT=[0.030012703500688076, 0.030012703500688076] CONFIDENCE=0.9927
TRIAL=001 SELECTED_CONTOUR_ORIENTATION=+90.00deg TILT=0.0 LEAN=+1 SYMMETRY=1 IK_FK_POS_ERROR=0.000000m IK_FK_ORIENTATION_ERROR=0.000000rad FINGER_FK_LIFT=0.080000m FINGER_FK_DRIFT=0.000000m JOINT_MOTION=2.441497rad
DAY4_MOTION_DONE=1 ELAPSED_SIM=1.202 INITIAL_ERR=0.00585 FINAL_ERR=0.00011 ARM_V=0.00120
DAY4_STEP=1 EPISODE=001 STEP=01 DIST=0.025437 YAW_ERR_DEG=0.151 REQUESTED_MOVE=0.000812 EXECUTED_MOVE=0.000797 ATTEMPT=0 SUCCESS=0 TERMINATED=0 TRUNCATED=0
DAY4_MOTION_DONE=1 ELAPSED_SIM=1.200 INITIAL_ERR=0.00581 FINAL_ERR=0.00009 ARM_V=0.00097
DAY4_STEP=1 EPISODE=001 STEP=02 DIST=0.025894 YAW_ERR_DEG=0.303 REQUESTED_MOVE=0.000812 EXECUTED_MOVE=0.000800 ATTEMPT=0 SUCCESS=0 TERMINATED=0 TRUNCATED=0
DAY4_MOTION_DONE=1 ELAPSED_SIM=1.200 INITIAL_ERR=0.00581 FINAL_ERR=0.00010 ARM_V=0.00107
DAY4_STEP=1 EPISODE=001 STEP=03 DIST=0.026367 YAW_ERR_DEG=0.453 REQUESTED_MOVE=0.000813 EXECUTED_MOVE=0.000800 ATTEMPT=0 SUCCESS=0 TERMINATED=0 TRUNCATED=0
DAY4_MOTION_DONE=1 ELAPSED_SIM=1.200 INITIAL_ERR=0.00580 FINAL_ERR=0.00009 ARM_V=0.00097
DAY4_STEP=1 EPISODE=001 STEP=04 DIST=0.026859 YAW_ERR_DEG=0.604 REQUESTED_MOVE=0.000814 EXECUTED_MOVE=0.000801 ATTEMPT=0 SUCCESS=0 TERMINATED=0 TRUNCATED=0
DAY4_MOTION_DONE=1 ELAPSED_SIM=1.202 INITIAL_ERR=0.00580 FINAL_ERR=0.00008 ARM_V=0.00087
DAY4_STEP=1 EPISODE=001 STEP=05 DIST=0.027367 YAW_ERR_DEG=0.754 REQUESTED_MOVE=0.000814 EXECUTED_MOVE=0.000803 ATTEMPT=0 SUCCESS=0 TERMINATED=0 TRUNCATED=0
DAY4_MOTION_DONE=1 ELAPSED_SIM=1.200 INITIAL_ERR=0.00578 FINAL_ERR=0.00009 ARM_V=0.00096
DAY4_STEP=1 EPISODE=001 STEP=06 DIST=0.027889 YAW_ERR_DEG=0.904 REQUESTED_MOVE=0.000815 EXECUTED_MOVE=0.000803 ATTEMPT=0 SUCCESS=0 TERMINATED=0 TRUNCATED=0
DAY4_MOTION_DONE=1 ELAPSED_SIM=1.200 INITIAL_ERR=0.00577 FINAL_ERR=0.00009 ARM_V=0.00096
DAY4_STEP=1 EPISODE=001 STEP=07 DIST=0.028426 YAW_ERR_DEG=1.053 REQUESTED_MOVE=0.000816 EXECUTED_MOVE=0.000804 ATTEMPT=0 SUCCESS=0 TERMINATED=0 TRUNCATED=0
DAY4_MOTION_DONE=1 ELAPSED_SIM=1.200 INITIAL_ERR=0.00576 FINAL_ERR=0.00009 ARM_V=0.00096
DAY4_STEP=1 EPISODE=001 STEP=08 DIST=0.028977 YAW_ERR_DEG=1.202 REQUESTED_MOVE=0.000817 EXECUTED_MOVE=0.000804 ATTEMPT=0 SUCCESS=0 TERMINATED=0 TRUNCATED=0
DAY4_MOTION_DONE=1 ELAPSED_SIM=1.200 INITIAL_ERR=0.00575 FINAL_ERR=0.00008 ARM_V=0.00086
DAY4_STEP=1 EPISODE=001 STEP=09 DIST=0.029541 YAW_ERR_DEG=1.351 REQUESTED_MOVE=0.000817 EXECUTED_MOVE=0.000806 ATTEMPT=0 SUCCESS=0 TERMINATED=0 TRUNCATED=0
DAY4_MOTION_DONE=1 ELAPSED_SIM=1.202 INITIAL_ERR=0.00575 FINAL_ERR=0.00008 ARM_V=0.00086
DAY4_STEP=1 EPISODE=001 STEP=10 DIST=0.030117 YAW_ERR_DEG=1.499 REQUESTED_MOVE=0.000818 EXECUTED_MOVE=0.000807 ATTEMPT=0 SUCCESS=0 TERMINATED=0 TRUNCATED=0
DAY4_MOTION_DONE=1 ELAPSED_SIM=1.200 INITIAL_ERR=0.00574 FINAL_ERR=0.00008 ARM_V=0.00086
DAY4_STEP=1 EPISODE=001 STEP=11 DIST=0.030705 YAW_ERR_DEG=1.646 REQUESTED_MOVE=0.000819 EXECUTED_MOVE=0.000808 ATTEMPT=0 SUCCESS=0 TERMINATED=0 TRUNCATED=0
DAY4_MOTION_DONE=1 ELAPSED_SIM=1.200 INITIAL_ERR=0.00574 FINAL_ERR=0.00007 ARM_V=0.00077
DAY4_STEP=1 EPISODE=001 STEP=12 DIST=0.031305 YAW_ERR_DEG=1.793 REQUESTED_MOVE=0.000820 EXECUTED_MOVE=0.000810 ATTEMPT=0 SUCCESS=0 TERMINATED=0 TRUNCATED=0
DAY4_MOTION_DONE=1 ELAPSED_SIM=1.200 INITIAL_ERR=0.00572 FINAL_ERR=0.00009 ARM_V=0.00095
DAY4_STEP=1 EPISODE=001 STEP=13 DIST=0.031913 YAW_ERR_DEG=1.940 REQUESTED_MOVE=0.000820 EXECUTED_MOVE=0.000808 ATTEMPT=0 SUCCESS=0 TERMINATED=0 TRUNCATED=0
DAY4_MOTION_DONE=1 ELAPSED_SIM=1.200 INITIAL_ERR=0.00570 FINAL_ERR=0.00009 ARM_V=0.00105
DAY4_STEP=1 EPISODE=001 STEP=14 DIST=0.032530 YAW_ERR_DEG=2.086 REQUESTED_MOVE=0.000821 EXECUTED_MOVE=0.000807 ATTEMPT=0 SUCCESS=0 TERMINATED=0 TRUNCATED=0
DAY4_MOTION_DONE=1 ELAPSED_SIM=1.202 INITIAL_ERR=0.00570 FINAL_ERR=0.00008 ARM_V=0.00085
DAY4_STEP=1 EPISODE=001 STEP=15 DIST=0.033159 YAW_ERR_DEG=2.231 REQUESTED_MOVE=0.000822 EXECUTED_MOVE=0.000811 ATTEMPT=0 SUCCESS=0 TERMINATED=0 TRUNCATED=0
DAY4_MOTION_DONE=1 ELAPSED_SIM=1.200 INITIAL_ERR=0.00569 FINAL_ERR=0.00009 ARM_V=0.00095
DAY4_STEP=1 EPISODE=001 STEP=16 DIST=0.033796 YAW_ERR_DEG=2.376 REQUESTED_MOVE=0.000822 EXECUTED_MOVE=0.000810 ATTEMPT=0 SUCCESS=0 TERMINATED=0 TRUNCATED=0
DAY4_MOTION_DONE=1 ELAPSED_SIM=1.202 INITIAL_ERR=0.00569 FINAL_ERR=0.00009 ARM_V=0.00095
DAY4_STEP=1 EPISODE=001 STEP=17 DIST=0.034442 YAW_ERR_DEG=2.521 REQUESTED_MOVE=0.000823 EXECUTED_MOVE=0.000811 ATTEMPT=0 SUCCESS=0 TERMINATED=0 TRUNCATED=0
DAY4_MOTION_DONE=1 ELAPSED_SIM=1.200 INITIAL_ERR=0.00568 FINAL_ERR=0.00009 ARM_V=0.00095
DAY4_STEP=1 EPISODE=001 STEP=18 DIST=0.035096 YAW_ERR_DEG=2.665 REQUESTED_MOVE=0.000824 EXECUTED_MOVE=0.000812 ATTEMPT=0 SUCCESS=0 TERMINATED=0 TRUNCATED=0
DAY4_MOTION_DONE=1 ELAPSED_SIM=1.200 INITIAL_ERR=0.00567 FINAL_ERR=0.00009 ARM_V=0.00105
DAY4_STEP=1 EPISODE=001 STEP=19 DIST=0.035756 YAW_ERR_DEG=2.808 REQUESTED_MOVE=0.000825 EXECUTED_MOVE=0.000811 ATTEMPT=0 SUCCESS=0 TERMINATED=0 TRUNCATED=0
DAY4_MOTION_DONE=1 ELAPSED_SIM=1.200 INITIAL_ERR=0.00566 FINAL_ERR=0.00008 ARM_V=0.00085
DAY4_STEP=1 EPISODE=001 STEP=20 DIST=0.036425 YAW_ERR_DEG=2.951 REQUESTED_MOVE=0.000825 EXECUTED_MOVE=0.000814 ATTEMPT=0 SUCCESS=0 TERMINATED=0 TRUNCATED=1
DAY4_RESET_GRIPPER=OPEN ANGLE_RAD=1.291167 EFFORT_NM=0.564998
DAY4_RESET_GRIPPER=AFTER_INITIAL_MOVE ANGLE_RAD=1.306573 EFFORT_NM=0.537168
TRIAL=002 VISUAL_CENTER=[0.21444043517112732, 0.03728262335062027, 0.015101304797999704] SURFACE=[0.21444043517112732, 0.03728262335062027, 0.030101304797999703] CONTOUR_DEG=0.00 AXIS_STD_DEG=0.00 FOOTPRINT=[0.029953574761748314, 0.029953574761748314] CONFIDENCE=0.9926
TRIAL=002 SELECTED_CONTOUR_ORIENTATION=+90.00deg TILT=0.0 LEAN=-1 SYMMETRY=1 IK_FK_POS_ERROR=0.000000m IK_FK_ORIENTATION_ERROR=0.000000rad FINGER_FK_LIFT=0.080000m FINGER_FK_DRIFT=0.000000m JOINT_MOTION=2.818890rad
DAY4_MOTION_DONE=1 ELAPSED_SIM=1.200 INITIAL_ERR=0.00659 FINAL_ERR=0.00010 ARM_V=0.00110
DAY4_STEP=1 EPISODE=002 STEP=01 DIST=0.025262 YAW_ERR_DEG=0.173 REQUESTED_MOVE=0.000698 EXECUTED_MOVE=0.000688 ATTEMPT=0 SUCCESS=0 TERMINATED=0 TRUNCATED=0
DAY4_MOTION_DONE=1 ELAPSED_SIM=1.200 INITIAL_ERR=0.00653 FINAL_ERR=0.00009 ARM_V=0.00098
DAY4_STEP=1 EPISODE=002 STEP=02 DIST=0.025538 YAW_ERR_DEG=0.349 REQUESTED_MOVE=0.000699 EXECUTED_MOVE=0.000689 ATTEMPT=0 SUCCESS=0 TERMINATED=0 TRUNCATED=0
DAY4_MOTION_DONE=1 ELAPSED_SIM=1.202 INITIAL_ERR=0.00649 FINAL_ERR=0.00009 ARM_V=0.00097
DAY4_STEP=1 EPISODE=002 STEP=03 DIST=0.025829 YAW_ERR_DEG=0.526 REQUESTED_MOVE=0.000699 EXECUTED_MOVE=0.000690 ATTEMPT=0 SUCCESS=0 TERMINATED=0 TRUNCATED=0
DAY4_MOTION_DONE=1 ELAPSED_SIM=1.202 INITIAL_ERR=0.00646 FINAL_ERR=0.00009 ARM_V=0.00097
DAY4_STEP=1 EPISODE=002 STEP=04 DIST=0.026134 YAW_ERR_DEG=0.706 REQUESTED_MOVE=0.000700 EXECUTED_MOVE=0.000690 ATTEMPT=0 SUCCESS=0 TERMINATED=0 TRUNCATED=0
DAY4_MOTION_DONE=1 ELAPSED_SIM=1.200 INITIAL_ERR=0.00642 FINAL_ERR=0.00010 ARM_V=0.00107
DAY4_STEP=1 EPISODE=002 STEP=05 DIST=0.026451 YAW_ERR_DEG=0.888 REQUESTED_MOVE=0.000700 EXECUTED_MOVE=0.000690 ATTEMPT=0 SUCCESS=0 TERMINATED=0 TRUNCATED=0
DAY4_MOTION_DONE=1 ELAPSED_SIM=1.200 INITIAL_ERR=0.00637 FINAL_ERR=0.00011 ARM_V=0.00118
DAY4_STEP=1 EPISODE=002 STEP=06 DIST=0.026780 YAW_ERR_DEG=1.071 REQUESTED_MOVE=0.000701 EXECUTED_MOVE=0.000689 ATTEMPT=0 SUCCESS=0 TERMINATED=0 TRUNCATED=0
DAY4_MOTION_DONE=1 ELAPSED_SIM=1.200 INITIAL_ERR=0.00634 FINAL_ERR=0.00009 ARM_V=0.00095
DAY4_STEP=1 EPISODE=002 STEP=07 DIST=0.027124 YAW_ERR_DEG=1.258 REQUESTED_MOVE=0.000701 EXECUTED_MOVE=0.000692 ATTEMPT=0 SUCCESS=0 TERMINATED=0 TRUNCATED=0
DAY4_MOTION_DONE=1 ELAPSED_SIM=1.200 INITIAL_ERR=0.00633 FINAL_ERR=0.00009 ARM_V=0.00105
DAY4_STEP=1 EPISODE=002 STEP=08 DIST=0.027479 YAW_ERR_DEG=1.446 REQUESTED_MOVE=0.000702 EXECUTED_MOVE=0.000691 ATTEMPT=0 SUCCESS=0 TERMINATED=0 TRUNCATED=0
DAY4_MOTION_DONE=1 ELAPSED_SIM=1.202 INITIAL_ERR=0.00629 FINAL_ERR=0.00008 ARM_V=0.00094
DAY4_STEP=1 EPISODE=002 STEP=09 DIST=0.027846 YAW_ERR_DEG=1.637 REQUESTED_MOVE=0.000702 EXECUTED_MOVE=0.000693 ATTEMPT=0 SUCCESS=0 TERMINATED=0 TRUNCATED=0
DAY4_MOTION_DONE=1 ELAPSED_SIM=1.200 INITIAL_ERR=0.00625 FINAL_ERR=0.00009 ARM_V=0.00104
DAY4_STEP=1 EPISODE=002 STEP=10 DIST=0.028223 YAW_ERR_DEG=1.830 REQUESTED_MOVE=0.000703 EXECUTED_MOVE=0.000692 ATTEMPT=0 SUCCESS=0 TERMINATED=0 TRUNCATED=0
DAY4_MOTION_DONE=1 ELAPSED_SIM=1.200 INITIAL_ERR=0.00623 FINAL_ERR=0.00009 ARM_V=0.00104
DAY4_STEP=1 EPISODE=002 STEP=11 DIST=0.028612 YAW_ERR_DEG=2.025 REQUESTED_MOVE=0.000703 EXECUTED_MOVE=0.000693 ATTEMPT=0 SUCCESS=0 TERMINATED=0 TRUNCATED=0
DAY4_MOTION_DONE=1 ELAPSED_SIM=1.200 INITIAL_ERR=0.00618 FINAL_ERR=0.00009 ARM_V=0.00103
DAY4_STEP=1 EPISODE=002 STEP=12 DIST=0.029010 YAW_ERR_DEG=2.222 REQUESTED_MOVE=0.000704 EXECUTED_MOVE=0.000693 ATTEMPT=0 SUCCESS=0 TERMINATED=0 TRUNCATED=0
DAY4_MOTION_DONE=1 ELAPSED_SIM=1.200 INITIAL_ERR=0.00616 FINAL_ERR=0.00008 ARM_V=0.00092
DAY4_STEP=1 EPISODE=002 STEP=13 DIST=0.029419 YAW_ERR_DEG=2.421 REQUESTED_MOVE=0.000704 EXECUTED_MOVE=0.000695 ATTEMPT=0 SUCCESS=0 TERMINATED=0 TRUNCATED=0
DAY4_MOTION_DONE=1 ELAPSED_SIM=1.200 INITIAL_ERR=0.00613 FINAL_ERR=0.00009 ARM_V=0.00102
DAY4_STEP=1 EPISODE=002 STEP=14 DIST=0.029837 YAW_ERR_DEG=2.623 REQUESTED_MOVE=0.000705 EXECUTED_MOVE=0.000694 ATTEMPT=0 SUCCESS=0 TERMINATED=0 TRUNCATED=0
DAY4_MOTION_DONE=1 ELAPSED_SIM=1.200 INITIAL_ERR=0.00610 FINAL_ERR=0.00009 ARM_V=0.00102
DAY4_STEP=1 EPISODE=002 STEP=15 DIST=0.030264 YAW_ERR_DEG=2.827 REQUESTED_MOVE=0.000705 EXECUTED_MOVE=0.000695 ATTEMPT=0 SUCCESS=0 TERMINATED=0 TRUNCATED=0
DAY4_MOTION_DONE=1 ELAPSED_SIM=1.200 INITIAL_ERR=0.00607 FINAL_ERR=0.00009 ARM_V=0.00101
DAY4_STEP=1 EPISODE=002 STEP=16 DIST=0.030699 YAW_ERR_DEG=3.033 REQUESTED_MOVE=0.000706 EXECUTED_MOVE=0.000695 ATTEMPT=0 SUCCESS=0 TERMINATED=0 TRUNCATED=0
DAY4_MOTION_DONE=1 ELAPSED_SIM=1.200 INITIAL_ERR=0.00603 FINAL_ERR=0.00009 ARM_V=0.00100
DAY4_STEP=1 EPISODE=002 STEP=17 DIST=0.031143 YAW_ERR_DEG=3.241 REQUESTED_MOVE=0.000706 EXECUTED_MOVE=0.000696 ATTEMPT=0 SUCCESS=0 TERMINATED=0 TRUNCATED=0
DAY4_MOTION_DONE=1 ELAPSED_SIM=1.200 INITIAL_ERR=0.00601 FINAL_ERR=0.00008 ARM_V=0.00090
DAY4_STEP=1 EPISODE=002 STEP=18 DIST=0.031595 YAW_ERR_DEG=3.451 REQUESTED_MOVE=0.000707 EXECUTED_MOVE=0.000697 ATTEMPT=0 SUCCESS=0 TERMINATED=0 TRUNCATED=0
DAY4_MOTION_DONE=1 ELAPSED_SIM=1.200 INITIAL_ERR=0.00598 FINAL_ERR=0.00009 ARM_V=0.00100
DAY4_STEP=1 EPISODE=002 STEP=19 DIST=0.032055 YAW_ERR_DEG=3.664 REQUESTED_MOVE=0.000707 EXECUTED_MOVE=0.000697 ATTEMPT=0 SUCCESS=0 TERMINATED=0 TRUNCATED=0
DAY4_MOTION_DONE=1 ELAPSED_SIM=1.200 INITIAL_ERR=0.00596 FINAL_ERR=0.00008 ARM_V=0.00089
DAY4_STEP=1 EPISODE=002 STEP=20 DIST=0.032522 YAW_ERR_DEG=3.879 REQUESTED_MOVE=0.000708 EXECUTED_MOVE=0.000698 ATTEMPT=0 SUCCESS=0 TERMINATED=0 TRUNCATED=1
DAY4_RESET_GRIPPER=OPEN ANGLE_RAD=1.291162 EFFORT_NM=0.540678
DAY4_RESET_GRIPPER=AFTER_INITIAL_MOVE ANGLE_RAD=1.300953 EFFORT_NM=0.532067
TRIAL=003 VISUAL_CENTER=[0.16551770269870758, -0.06650934694334865, 0.015095555805826472] SURFACE=[0.16551770269870758, -0.06650934694334865, 0.03009555580582647] CONTOUR_DEG=0.02 AXIS_STD_DEG=0.00 FOOTPRINT=[0.029972802847623825, 0.029972802847623825] CONFIDENCE=0.9940
TRIAL=003 SELECTED_CONTOUR_ORIENTATION=+90.02deg TILT=0.0 LEAN=-1 SYMMETRY=1 IK_FK_POS_ERROR=0.000000m IK_FK_ORIENTATION_ERROR=0.000000rad FINGER_FK_LIFT=0.080000m FINGER_FK_DRIFT=0.000000m JOINT_MOTION=2.216423rad
DAY4_MOTION_DONE=1 ELAPSED_SIM=1.200 INITIAL_ERR=0.00574 FINAL_ERR=0.00008 ARM_V=0.00086
DAY4_STEP=1 EPISODE=003 STEP=01 DIST=0.025461 YAW_ERR_DEG=0.133 REQUESTED_MOVE=0.000819 EXECUTED_MOVE=0.000808 ATTEMPT=0 SUCCESS=0 TERMINATED=0 TRUNCATED=0
DAY4_MOTION_DONE=1 ELAPSED_SIM=1.200 INITIAL_ERR=0.00572 FINAL_ERR=0.00008 ARM_V=0.00086
DAY4_STEP=1 EPISODE=003 STEP=02 DIST=0.025939 YAW_ERR_DEG=0.265 REQUESTED_MOVE=0.000820 EXECUTED_MOVE=0.000809 ATTEMPT=0 SUCCESS=0 TERMINATED=0 TRUNCATED=0
DAY4_MOTION_DONE=1 ELAPSED_SIM=1.200 INITIAL_ERR=0.00572 FINAL_ERR=0.00009 ARM_V=0.00095
DAY4_STEP=1 EPISODE=003 STEP=03 DIST=0.026434 YAW_ERR_DEG=0.397 REQUESTED_MOVE=0.000821 EXECUTED_MOVE=0.000809 ATTEMPT=0 SUCCESS=0 TERMINATED=0 TRUNCATED=0
DAY4_MOTION_DONE=1 ELAPSED_SIM=1.200 INITIAL_ERR=0.00572 FINAL_ERR=0.00008 ARM_V=0.00086
DAY4_STEP=1 EPISODE=003 STEP=04 DIST=0.026946 YAW_ERR_DEG=0.528 REQUESTED_MOVE=0.000822 EXECUTED_MOVE=0.000811 ATTEMPT=0 SUCCESS=0 TERMINATED=0 TRUNCATED=0
DAY4_MOTION_DONE=1 ELAPSED_SIM=1.200 INITIAL_ERR=0.00571 FINAL_ERR=0.00008 ARM_V=0.00086
DAY4_STEP=1 EPISODE=003 STEP=05 DIST=0.027474 YAW_ERR_DEG=0.659 REQUESTED_MOVE=0.000823 EXECUTED_MOVE=0.000812 ATTEMPT=0 SUCCESS=0 TERMINATED=0 TRUNCATED=0
DAY4_MOTION_DONE=1 ELAPSED_SIM=1.200 INITIAL_ERR=0.00571 FINAL_ERR=0.00009 ARM_V=0.00095
DAY4_STEP=1 EPISODE=003 STEP=06 DIST=0.028016 YAW_ERR_DEG=0.789 REQUESTED_MOVE=0.000824 EXECUTED_MOVE=0.000811 ATTEMPT=0 SUCCESS=0 TERMINATED=0 TRUNCATED=0
DAY4_MOTION_DONE=1 ELAPSED_SIM=1.202 INITIAL_ERR=0.00572 FINAL_ERR=0.00009 ARM_V=0.00095
DAY4_STEP=1 EPISODE=003 STEP=07 DIST=0.028572 YAW_ERR_DEG=0.919 REQUESTED_MOVE=0.000825 EXECUTED_MOVE=0.000812 ATTEMPT=0 SUCCESS=0 TERMINATED=0 TRUNCATED=0
DAY4_MOTION_DONE=1 ELAPSED_SIM=1.200 INITIAL_ERR=0.00571 FINAL_ERR=0.00008 ARM_V=0.00086
DAY4_STEP=1 EPISODE=003 STEP=08 DIST=0.029141 YAW_ERR_DEG=1.048 REQUESTED_MOVE=0.000826 EXECUTED_MOVE=0.000814 ATTEMPT=0 SUCCESS=0 TERMINATED=0 TRUNCATED=0
DAY4_MOTION_DONE=1 ELAPSED_SIM=1.200 INITIAL_ERR=0.00571 FINAL_ERR=0.00008 ARM_V=0.00086
DAY4_STEP=1 EPISODE=003 STEP=09 DIST=0.029724 YAW_ERR_DEG=1.177 REQUESTED_MOVE=0.000826 EXECUTED_MOVE=0.000815 ATTEMPT=0 SUCCESS=0 TERMINATED=0 TRUNCATED=0
DAY4_MOTION_DONE=1 ELAPSED_SIM=1.202 INITIAL_ERR=0.00569 FINAL_ERR=0.00008 ARM_V=0.00085
DAY4_STEP=1 EPISODE=003 STEP=10 DIST=0.030318 YAW_ERR_DEG=1.306 REQUESTED_MOVE=0.000827 EXECUTED_MOVE=0.000816 ATTEMPT=0 SUCCESS=0 TERMINATED=0 TRUNCATED=0
DAY4_MOTION_DONE=1 ELAPSED_SIM=1.200 INITIAL_ERR=0.00570 FINAL_ERR=0.00008 ARM_V=0.00086
DAY4_STEP=1 EPISODE=003 STEP=11 DIST=0.030924 YAW_ERR_DEG=1.434 REQUESTED_MOVE=0.000828 EXECUTED_MOVE=0.000817 ATTEMPT=0 SUCCESS=0 TERMINATED=0 TRUNCATED=0
DAY4_MOTION_DONE=1 ELAPSED_SIM=1.202 INITIAL_ERR=0.00570 FINAL_ERR=0.00009 ARM_V=0.00095
DAY4_STEP=1 EPISODE=003 STEP=12 DIST=0.031539 YAW_ERR_DEG=1.561 REQUESTED_MOVE=0.000829 EXECUTED_MOVE=0.000817 ATTEMPT=0 SUCCESS=0 TERMINATED=0 TRUNCATED=0
DAY4_MOTION_DONE=1 ELAPSED_SIM=1.202 INITIAL_ERR=0.00570 FINAL_ERR=0.00008 ARM_V=0.00085
DAY4_STEP=1 EPISODE=003 STEP=13 DIST=0.032164 YAW_ERR_DEG=1.688 REQUESTED_MOVE=0.000830 EXECUTED_MOVE=0.000819 ATTEMPT=0 SUCCESS=0 TERMINATED=0 TRUNCATED=0
DAY4_MOTION_DONE=1 ELAPSED_SIM=1.200 INITIAL_ERR=0.00570 FINAL_ERR=0.00008 ARM_V=0.00085
DAY4_STEP=1 EPISODE=003 STEP=14 DIST=0.032799 YAW_ERR_DEG=1.814 REQUESTED_MOVE=0.000831 EXECUTED_MOVE=0.000819 ATTEMPT=0 SUCCESS=0 TERMINATED=0 TRUNCATED=0
DAY4_MOTION_DONE=1 ELAPSED_SIM=1.200 INITIAL_ERR=0.00570 FINAL_ERR=0.00009 ARM_V=0.00095
DAY4_STEP=1 EPISODE=003 STEP=15 DIST=0.033442 YAW_ERR_DEG=1.940 REQUESTED_MOVE=0.000831 EXECUTED_MOVE=0.000819 ATTEMPT=0 SUCCESS=0 TERMINATED=0 TRUNCATED=0
DAY4_MOTION_DONE=1 ELAPSED_SIM=1.200 INITIAL_ERR=0.00569 FINAL_ERR=0.00009 ARM_V=0.00095
DAY4_STEP=1 EPISODE=003 STEP=16 DIST=0.034094 YAW_ERR_DEG=2.065 REQUESTED_MOVE=0.000832 EXECUTED_MOVE=0.000820 ATTEMPT=0 SUCCESS=0 TERMINATED=0 TRUNCATED=0
DAY4_MOTION_DONE=1 ELAPSED_SIM=1.200 INITIAL_ERR=0.00569 FINAL_ERR=0.00009 ARM_V=0.00095
DAY4_STEP=1 EPISODE=003 STEP=17 DIST=0.034752 YAW_ERR_DEG=2.189 REQUESTED_MOVE=0.000833 EXECUTED_MOVE=0.000821 ATTEMPT=0 SUCCESS=0 TERMINATED=0 TRUNCATED=0
DAY4_MOTION_DONE=1 ELAPSED_SIM=1.200 INITIAL_ERR=0.00569 FINAL_ERR=0.00008 ARM_V=0.00085
DAY4_STEP=1 EPISODE=003 STEP=18 DIST=0.035420 YAW_ERR_DEG=2.312 REQUESTED_MOVE=0.000834 EXECUTED_MOVE=0.000823 ATTEMPT=0 SUCCESS=0 TERMINATED=0 TRUNCATED=0
DAY4_MOTION_DONE=1 ELAPSED_SIM=1.200 INITIAL_ERR=0.00569 FINAL_ERR=0.00008 ARM_V=0.00085
DAY4_STEP=1 EPISODE=003 STEP=19 DIST=0.036094 YAW_ERR_DEG=2.435 REQUESTED_MOVE=0.000834 EXECUTED_MOVE=0.000823 ATTEMPT=0 SUCCESS=0 TERMINATED=0 TRUNCATED=0
DAY4_MOTION_DONE=1 ELAPSED_SIM=1.200 INITIAL_ERR=0.00569 FINAL_ERR=0.00008 ARM_V=0.00085
DAY4_STEP=1 EPISODE=003 STEP=20 DIST=0.036776 YAW_ERR_DEG=2.558 REQUESTED_MOVE=0.000835 EXECUTED_MOVE=0.000824 ATTEMPT=0 SUCCESS=0 TERMINATED=0 TRUNCATED=1
DAY4_RESET_GRIPPER=OPEN ANGLE_RAD=1.291179 EFFORT_NM=0.551218
DAY4_RESET_GRIPPER=AFTER_INITIAL_MOVE ANGLE_RAD=1.303100 EFFORT_NM=0.536382
TRIAL=004 VISUAL_CENTER=[0.19593985378742218, -0.05405005067586899, 0.015099254197069936] SURFACE=[0.19593985378742218, -0.05405005067586899, 0.030099254197069936] CONTOUR_DEG=0.00 AXIS_STD_DEG=0.00 FOOTPRINT=[0.029970301315188408, 0.029970301315188408] CONFIDENCE=0.9924
TRIAL=004 SELECTED_CONTOUR_ORIENTATION=+90.00deg TILT=0.0 LEAN=-1 SYMMETRY=1 IK_FK_POS_ERROR=0.000000m IK_FK_ORIENTATION_ERROR=0.000000rad FINGER_FK_LIFT=0.080000m FINGER_FK_DRIFT=0.000000m JOINT_MOTION=2.417251rad
DAY4_MOTION_DONE=1 ELAPSED_SIM=1.200 INITIAL_ERR=0.00585 FINAL_ERR=0.00009 ARM_V=0.00098
DAY4_STEP=1 EPISODE=004 STEP=01 DIST=0.025397 YAW_ERR_DEG=0.070 REQUESTED_MOVE=0.000776 EXECUTED_MOVE=0.000764 ATTEMPT=0 SUCCESS=0 TERMINATED=0 TRUNCATED=0
DAY4_MOTION_DONE=1 ELAPSED_SIM=1.200 INITIAL_ERR=0.00578 FINAL_ERR=0.00008 ARM_V=0.00087
DAY4_STEP=1 EPISODE=004 STEP=02 DIST=0.025811 YAW_ERR_DEG=0.140 REQUESTED_MOVE=0.000776 EXECUTED_MOVE=0.000766 ATTEMPT=0 SUCCESS=0 TERMINATED=0 TRUNCATED=0
DAY4_MOTION_DONE=1 ELAPSED_SIM=1.200 INITIAL_ERR=0.00576 FINAL_ERR=0.00009 ARM_V=0.00096
DAY4_STEP=1 EPISODE=004 STEP=03 DIST=0.026242 YAW_ERR_DEG=0.209 REQUESTED_MOVE=0.000777 EXECUTED_MOVE=0.000765 ATTEMPT=0 SUCCESS=0 TERMINATED=0 TRUNCATED=0
DAY4_MOTION_DONE=1 ELAPSED_SIM=1.200 INITIAL_ERR=0.00574 FINAL_ERR=0.00008 ARM_V=0.00086
DAY4_STEP=1 EPISODE=004 STEP=04 DIST=0.026689 YAW_ERR_DEG=0.277 REQUESTED_MOVE=0.000778 EXECUTED_MOVE=0.000767 ATTEMPT=0 SUCCESS=0 TERMINATED=0 TRUNCATED=0
DAY4_MOTION_DONE=1 ELAPSED_SIM=1.200 INITIAL_ERR=0.00573 FINAL_ERR=0.00008 ARM_V=0.00086
DAY4_STEP=1 EPISODE=004 STEP=05 DIST=0.027152 YAW_ERR_DEG=0.345 REQUESTED_MOVE=0.000778 EXECUTED_MOVE=0.000768 ATTEMPT=0 SUCCESS=0 TERMINATED=0 TRUNCATED=0
DAY4_MOTION_DONE=1 ELAPSED_SIM=1.200 INITIAL_ERR=0.00572 FINAL_ERR=0.00009 ARM_V=0.00095
DAY4_STEP=1 EPISODE=004 STEP=06 DIST=0.027629 YAW_ERR_DEG=0.412 REQUESTED_MOVE=0.000779 EXECUTED_MOVE=0.000767 ATTEMPT=0 SUCCESS=0 TERMINATED=0 TRUNCATED=0
DAY4_MOTION_DONE=1 ELAPSED_SIM=1.200 INITIAL_ERR=0.00571 FINAL_ERR=0.00009 ARM_V=0.00095
DAY4_STEP=1 EPISODE=004 STEP=07 DIST=0.028120 YAW_ERR_DEG=0.479 REQUESTED_MOVE=0.000779 EXECUTED_MOVE=0.000768 ATTEMPT=0 SUCCESS=0 TERMINATED=0 TRUNCATED=0
DAY4_MOTION_DONE=1 ELAPSED_SIM=1.200 INITIAL_ERR=0.00570 FINAL_ERR=0.00009 ARM_V=0.00095
DAY4_STEP=1 EPISODE=004 STEP=08 DIST=0.028625 YAW_ERR_DEG=0.545 REQUESTED_MOVE=0.000780 EXECUTED_MOVE=0.000768 ATTEMPT=0 SUCCESS=0 TERMINATED=0 TRUNCATED=0
DAY4_MOTION_DONE=1 ELAPSED_SIM=1.202 INITIAL_ERR=0.00569 FINAL_ERR=0.00009 ARM_V=0.00105
DAY4_STEP=1 EPISODE=004 STEP=09 DIST=0.029141 YAW_ERR_DEG=0.610 REQUESTED_MOVE=0.000781 EXECUTED_MOVE=0.000768 ATTEMPT=0 SUCCESS=0 TERMINATED=0 TRUNCATED=0
DAY4_MOTION_DONE=1 ELAPSED_SIM=1.200 INITIAL_ERR=0.00568 FINAL_ERR=0.00008 ARM_V=0.00085
DAY4_STEP=1 EPISODE=004 STEP=10 DIST=0.029670 YAW_ERR_DEG=0.675 REQUESTED_MOVE=0.000781 EXECUTED_MOVE=0.000771 ATTEMPT=0 SUCCESS=0 TERMINATED=0 TRUNCATED=0
DAY4_MOTION_DONE=1 ELAPSED_SIM=1.200 INITIAL_ERR=0.00568 FINAL_ERR=0.00008 ARM_V=0.00085
DAY4_STEP=1 EPISODE=004 STEP=11 DIST=0.030211 YAW_ERR_DEG=0.740 REQUESTED_MOVE=0.000782 EXECUTED_MOVE=0.000771 ATTEMPT=0 SUCCESS=0 TERMINATED=0 TRUNCATED=0
DAY4_MOTION_DONE=1 ELAPSED_SIM=1.200 INITIAL_ERR=0.00567 FINAL_ERR=0.00008 ARM_V=0.00094
DAY4_STEP=1 EPISODE=004 STEP=12 DIST=0.030762 YAW_ERR_DEG=0.803 REQUESTED_MOVE=0.000782 EXECUTED_MOVE=0.000771 ATTEMPT=0 SUCCESS=0 TERMINATED=0 TRUNCATED=0
DAY4_MOTION_DONE=1 ELAPSED_SIM=1.200 INITIAL_ERR=0.00565 FINAL_ERR=0.00008 ARM_V=0.00094
DAY4_STEP=1 EPISODE=004 STEP=13 DIST=0.031322 YAW_ERR_DEG=0.866 REQUESTED_MOVE=0.000783 EXECUTED_MOVE=0.000771 ATTEMPT=0 SUCCESS=0 TERMINATED=0 TRUNCATED=0
DAY4_MOTION_DONE=1 ELAPSED_SIM=1.202 INITIAL_ERR=0.00565 FINAL_ERR=0.00008 ARM_V=0.00094
DAY4_STEP=1 EPISODE=004 STEP=14 DIST=0.031893 YAW_ERR_DEG=0.928 REQUESTED_MOVE=0.000783 EXECUTED_MOVE=0.000772 ATTEMPT=0 SUCCESS=0 TERMINATED=0 TRUNCATED=0
DAY4_MOTION_DONE=1 ELAPSED_SIM=1.200 INITIAL_ERR=0.00564 FINAL_ERR=0.00008 ARM_V=0.00094
DAY4_STEP=1 EPISODE=004 STEP=15 DIST=0.032473 YAW_ERR_DEG=0.990 REQUESTED_MOVE=0.000784 EXECUTED_MOVE=0.000772 ATTEMPT=0 SUCCESS=0 TERMINATED=0 TRUNCATED=0
DAY4_MOTION_DONE=1 ELAPSED_SIM=1.200 INITIAL_ERR=0.00564 FINAL_ERR=0.00008 ARM_V=0.00094
DAY4_STEP=1 EPISODE=004 STEP=16 DIST=0.033061 YAW_ERR_DEG=1.051 REQUESTED_MOVE=0.000785 EXECUTED_MOVE=0.000773 ATTEMPT=0 SUCCESS=0 TERMINATED=0 TRUNCATED=0
DAY4_MOTION_DONE=1 ELAPSED_SIM=1.200 INITIAL_ERR=0.00562 FINAL_ERR=0.00008 ARM_V=0.00084
DAY4_STEP=1 EPISODE=004 STEP=17 DIST=0.033659 YAW_ERR_DEG=1.111 REQUESTED_MOVE=0.000785 EXECUTED_MOVE=0.000774 ATTEMPT=0 SUCCESS=0 TERMINATED=0 TRUNCATED=0
DAY4_MOTION_DONE=1 ELAPSED_SIM=1.200 INITIAL_ERR=0.00561 FINAL_ERR=0.00008 ARM_V=0.00084
DAY4_STEP=1 EPISODE=004 STEP=18 DIST=0.034265 YAW_ERR_DEG=1.171 REQUESTED_MOVE=0.000786 EXECUTED_MOVE=0.000775 ATTEMPT=0 SUCCESS=0 TERMINATED=0 TRUNCATED=0
DAY4_MOTION_DONE=1 ELAPSED_SIM=1.200 INITIAL_ERR=0.00561 FINAL_ERR=0.00008 ARM_V=0.00093
DAY4_STEP=1 EPISODE=004 STEP=19 DIST=0.034878 YAW_ERR_DEG=1.230 REQUESTED_MOVE=0.000786 EXECUTED_MOVE=0.000774 ATTEMPT=0 SUCCESS=0 TERMINATED=0 TRUNCATED=0
DAY4_MOTION_DONE=1 ELAPSED_SIM=1.200 INITIAL_ERR=0.00561 FINAL_ERR=0.00008 ARM_V=0.00084
DAY4_STEP=1 EPISODE=004 STEP=20 DIST=0.035498 YAW_ERR_DEG=1.288 REQUESTED_MOVE=0.000787 EXECUTED_MOVE=0.000776 ATTEMPT=0 SUCCESS=0 TERMINATED=0 TRUNCATED=1
DAY4_RESET_GRIPPER=OPEN ANGLE_RAD=1.291213 EFFORT_NM=0.562407
DAY4_RESET_GRIPPER=AFTER_INITIAL_MOVE ANGLE_RAD=1.306143 EFFORT_NM=0.535753
TRIAL=005 VISUAL_CENTER=[0.19938316941261292, 0.007365663070231676, 0.015099714597902159] SURFACE=[0.19938316941261292, 0.007365663070231676, 0.030099714597902158] CONTOUR_DEG=0.00 AXIS_STD_DEG=0.00 FOOTPRINT=[0.029650986194610596, 0.029650986194610596] CONFIDENCE=0.9956
TRIAL=005 SELECTED_CONTOUR_ORIENTATION=+90.00deg TILT=0.0 LEAN=-1 SYMMETRY=1 IK_FK_POS_ERROR=0.000000m IK_FK_ORIENTATION_ERROR=0.000000rad FINGER_FK_LIFT=0.080000m FINGER_FK_DRIFT=0.000000m JOINT_MOTION=2.258039rad
DAY4_MOTION_DONE=1 ELAPSED_SIM=1.200 INITIAL_ERR=0.00561 FINAL_ERR=0.00008 ARM_V=0.00084
DAY4_STEP=1 EPISODE=005 STEP=01 DIST=0.025304 YAW_ERR_DEG=0.112 REQUESTED_MOVE=0.000725 EXECUTED_MOVE=0.000715 ATTEMPT=0 SUCCESS=0 TERMINATED=0 TRUNCATED=0
DAY4_MOTION_DONE=1 ELAPSED_SIM=1.200 INITIAL_ERR=0.00557 FINAL_ERR=0.00008 ARM_V=0.00083
DAY4_STEP=1 EPISODE=005 STEP=02 DIST=0.025623 YAW_ERR_DEG=0.225 REQUESTED_MOVE=0.000725 EXECUTED_MOVE=0.000715 ATTEMPT=0 SUCCESS=0 TERMINATED=0 TRUNCATED=0
DAY4_MOTION_DONE=1 ELAPSED_SIM=1.200 INITIAL_ERR=0.00555 FINAL_ERR=0.00008 ARM_V=0.00092
DAY4_STEP=1 EPISODE=005 STEP=03 DIST=0.025956 YAW_ERR_DEG=0.341 REQUESTED_MOVE=0.000725 EXECUTED_MOVE=0.000714 ATTEMPT=0 SUCCESS=0 TERMINATED=0 TRUNCATED=0
DAY4_MOTION_DONE=1 ELAPSED_SIM=1.200 INITIAL_ERR=0.00552 FINAL_ERR=0.00007 ARM_V=0.00083
DAY4_STEP=1 EPISODE=005 STEP=04 DIST=0.026303 YAW_ERR_DEG=0.457 REQUESTED_MOVE=0.000726 EXECUTED_MOVE=0.000716 ATTEMPT=0 SUCCESS=0 TERMINATED=0 TRUNCATED=0
DAY4_MOTION_DONE=1 ELAPSED_SIM=1.200 INITIAL_ERR=0.00550 FINAL_ERR=0.00008 ARM_V=0.00092
DAY4_STEP=1 EPISODE=005 STEP=05 DIST=0.026665 YAW_ERR_DEG=0.576 REQUESTED_MOVE=0.000726 EXECUTED_MOVE=0.000715 ATTEMPT=0 SUCCESS=0 TERMINATED=0 TRUNCATED=0
DAY4_MOTION_DONE=1 ELAPSED_SIM=1.200 INITIAL_ERR=0.00548 FINAL_ERR=0.00007 ARM_V=0.00082
DAY4_STEP=1 EPISODE=005 STEP=06 DIST=0.027039 YAW_ERR_DEG=0.696 REQUESTED_MOVE=0.000726 EXECUTED_MOVE=0.000716 ATTEMPT=0 SUCCESS=0 TERMINATED=0 TRUNCATED=0
DAY4_MOTION_DONE=1 ELAPSED_SIM=1.200 INITIAL_ERR=0.00545 FINAL_ERR=0.00007 ARM_V=0.00082
DAY4_STEP=1 EPISODE=005 STEP=07 DIST=0.027426 YAW_ERR_DEG=0.818 REQUESTED_MOVE=0.000726 EXECUTED_MOVE=0.000716 ATTEMPT=0 SUCCESS=0 TERMINATED=0 TRUNCATED=0
DAY4_MOTION_DONE=1 ELAPSED_SIM=1.200 INITIAL_ERR=0.00543 FINAL_ERR=0.00009 ARM_V=0.00100
DAY4_STEP=1 EPISODE=005 STEP=08 DIST=0.027824 YAW_ERR_DEG=0.942 REQUESTED_MOVE=0.000726 EXECUTED_MOVE=0.000714 ATTEMPT=0 SUCCESS=0 TERMINATED=0 TRUNCATED=0
DAY4_MOTION_DONE=1 ELAPSED_SIM=1.200 INITIAL_ERR=0.00541 FINAL_ERR=0.00008 ARM_V=0.00090
DAY4_STEP=1 EPISODE=005 STEP=09 DIST=0.028234 YAW_ERR_DEG=1.067 REQUESTED_MOVE=0.000727 EXECUTED_MOVE=0.000716 ATTEMPT=0 SUCCESS=0 TERMINATED=0 TRUNCATED=0
DAY4_MOTION_DONE=1 ELAPSED_SIM=1.200 INITIAL_ERR=0.00539 FINAL_ERR=0.00007 ARM_V=0.00081
DAY4_STEP=1 EPISODE=005 STEP=10 DIST=0.028656 YAW_ERR_DEG=1.194 REQUESTED_MOVE=0.000727 EXECUTED_MOVE=0.000717 ATTEMPT=0 SUCCESS=0 TERMINATED=0 TRUNCATED=0
DAY4_MOTION_DONE=1 ELAPSED_SIM=1.200 INITIAL_ERR=0.00536 FINAL_ERR=0.00007 ARM_V=0.00080
DAY4_STEP=1 EPISODE=005 STEP=11 DIST=0.029088 YAW_ERR_DEG=1.324 REQUESTED_MOVE=0.000727 EXECUTED_MOVE=0.000717 ATTEMPT=0 SUCCESS=0 TERMINATED=0 TRUNCATED=0
DAY4_MOTION_DONE=1 ELAPSED_SIM=1.200 INITIAL_ERR=0.00533 FINAL_ERR=0.00007 ARM_V=0.00080
DAY4_STEP=1 EPISODE=005 STEP=12 DIST=0.029531 YAW_ERR_DEG=1.455 REQUESTED_MOVE=0.000727 EXECUTED_MOVE=0.000717 ATTEMPT=0 SUCCESS=0 TERMINATED=0 TRUNCATED=0
DAY4_MOTION_DONE=1 ELAPSED_SIM=1.200 INITIAL_ERR=0.00531 FINAL_ERR=0.00008 ARM_V=0.00088
DAY4_STEP=1 EPISODE=005 STEP=13 DIST=0.029982 YAW_ERR_DEG=1.587 REQUESTED_MOVE=0.000727 EXECUTED_MOVE=0.000717 ATTEMPT=0 SUCCESS=0 TERMINATED=0 TRUNCATED=0
DAY4_MOTION_DONE=1 ELAPSED_SIM=1.202 INITIAL_ERR=0.00528 FINAL_ERR=0.00008 ARM_V=0.00088
DAY4_STEP=1 EPISODE=005 STEP=14 DIST=0.030443 YAW_ERR_DEG=1.721 REQUESTED_MOVE=0.000728 EXECUTED_MOVE=0.000717 ATTEMPT=0 SUCCESS=0 TERMINATED=0 TRUNCATED=0
DAY4_MOTION_DONE=1 ELAPSED_SIM=1.200 INITIAL_ERR=0.00526 FINAL_ERR=0.00008 ARM_V=0.00088
DAY4_STEP=1 EPISODE=005 STEP=15 DIST=0.030913 YAW_ERR_DEG=1.858 REQUESTED_MOVE=0.000728 EXECUTED_MOVE=0.000717 ATTEMPT=0 SUCCESS=0 TERMINATED=0 TRUNCATED=0
DAY4_MOTION_DONE=1 ELAPSED_SIM=1.200 INITIAL_ERR=0.00525 FINAL_ERR=0.00008 ARM_V=0.00087
DAY4_STEP=1 EPISODE=005 STEP=16 DIST=0.031391 YAW_ERR_DEG=1.996 REQUESTED_MOVE=0.000728 EXECUTED_MOVE=0.000717 ATTEMPT=0 SUCCESS=0 TERMINATED=0 TRUNCATED=0
DAY4_MOTION_DONE=1 ELAPSED_SIM=1.200 INITIAL_ERR=0.00522 FINAL_ERR=0.00007 ARM_V=0.00078
DAY4_STEP=1 EPISODE=005 STEP=17 DIST=0.031878 YAW_ERR_DEG=2.136 REQUESTED_MOVE=0.000728 EXECUTED_MOVE=0.000718 ATTEMPT=0 SUCCESS=0 TERMINATED=0 TRUNCATED=0
DAY4_MOTION_DONE=1 ELAPSED_SIM=1.200 INITIAL_ERR=0.00520 FINAL_ERR=0.00008 ARM_V=0.00087
DAY4_STEP=1 EPISODE=005 STEP=18 DIST=0.032373 YAW_ERR_DEG=2.277 REQUESTED_MOVE=0.000728 EXECUTED_MOVE=0.000717 ATTEMPT=0 SUCCESS=0 TERMINATED=0 TRUNCATED=0
DAY4_MOTION_DONE=1 ELAPSED_SIM=1.202 INITIAL_ERR=0.00517 FINAL_ERR=0.00007 ARM_V=0.00078
DAY4_STEP=1 EPISODE=005 STEP=19 DIST=0.032876 YAW_ERR_DEG=2.421 REQUESTED_MOVE=0.000728 EXECUTED_MOVE=0.000719 ATTEMPT=0 SUCCESS=0 TERMINATED=0 TRUNCATED=0
DAY4_MOTION_DONE=1 ELAPSED_SIM=1.202 INITIAL_ERR=0.00515 FINAL_ERR=0.00008 ARM_V=0.00086
DAY4_STEP=1 EPISODE=005 STEP=20 DIST=0.033385 YAW_ERR_DEG=2.566 REQUESTED_MOVE=0.000728 EXECUTED_MOVE=0.000718 ATTEMPT=0 SUCCESS=0 TERMINATED=0 TRUNCATED=1
DAY4_RESET_GRIPPER=OPEN ANGLE_RAD=1.291130 EFFORT_NM=0.549282
DAY4_RESET_GRIPPER=AFTER_INITIAL_MOVE ANGLE_RAD=1.303187 EFFORT_NM=0.533180
TRIAL=006 VISUAL_CENTER=[0.23077039420604706, -0.026950639090500772, 0.015102574913582495] SURFACE=[0.23077039420604706, -0.026950639090500772, 0.030102574913582494] CONTOUR_DEG=0.00 AXIS_STD_DEG=0.00 FOOTPRINT=[0.029985968954861164, 0.029985968954861164] CONFIDENCE=0.9937
TRIAL=006 PHASE=OPEN_GRIPPER
TRIAL=006 PHASE=RETURN_OBSERVATION
DAY4_RESET_GRIPPER=OPEN ANGLE_RAD=1.291209 EFFORT_NM=0.534099
DAY4_RESET_GRIPPER=AFTER_INITIAL_MOVE ANGLE_RAD=1.298058 EFFORT_NM=0.531535
TRIAL=007 VISUAL_CENTER=[0.21100613474845886, 0.05432271771132946, 0.01510032866706812] SURFACE=[0.21100613474845886, 0.05432271771132946, 0.03010032866706812] CONTOUR_DEG=0.00 AXIS_STD_DEG=0.00 FOOTPRINT=[0.029955025762319565, 0.029955025762319565] CONFIDENCE=0.9915
TRIAL=007 SELECTED_CONTOUR_ORIENTATION=+90.00deg TILT=0.0 LEAN=-1 SYMMETRY=1 IK_FK_POS_ERROR=0.000000m IK_FK_ORIENTATION_ERROR=0.000000rad FINGER_FK_LIFT=0.080000m FINGER_FK_DRIFT=0.000000m JOINT_MOTION=2.861699rad
DAY4_MOTION_DONE=1 ELAPSED_SIM=1.200 INITIAL_ERR=0.00664 FINAL_ERR=0.00010 ARM_V=0.00111
DAY4_STEP=1 EPISODE=007 STEP=01 DIST=0.025238 YAW_ERR_DEG=0.223 REQUESTED_MOVE=0.000704 EXECUTED_MOVE=0.000694 ATTEMPT=0 SUCCESS=0 TERMINATED=0 TRUNCATED=0
DAY4_MOTION_DONE=1 ELAPSED_SIM=1.200 INITIAL_ERR=0.00658 FINAL_ERR=0.00009 ARM_V=0.00099
DAY4_STEP=1 EPISODE=007 STEP=02 DIST=0.025491 YAW_ERR_DEG=0.448 REQUESTED_MOVE=0.000705 EXECUTED_MOVE=0.000695 ATTEMPT=0 SUCCESS=0 TERMINATED=0 TRUNCATED=0
DAY4_MOTION_DONE=1 ELAPSED_SIM=1.202 INITIAL_ERR=0.00653 FINAL_ERR=0.00010 ARM_V=0.00109
DAY4_STEP=1 EPISODE=007 STEP=03 DIST=0.025759 YAW_ERR_DEG=0.676 REQUESTED_MOVE=0.000705 EXECUTED_MOVE=0.000694 ATTEMPT=0 SUCCESS=0 TERMINATED=0 TRUNCATED=0
DAY4_MOTION_DONE=1 ELAPSED_SIM=1.202 INITIAL_ERR=0.00649 FINAL_ERR=0.00009 ARM_V=0.00097
DAY4_STEP=1 EPISODE=007 STEP=04 DIST=0.026041 YAW_ERR_DEG=0.906 REQUESTED_MOVE=0.000705 EXECUTED_MOVE=0.000696 ATTEMPT=0 SUCCESS=0 TERMINATED=0 TRUNCATED=0
DAY4_MOTION_DONE=1 ELAPSED_SIM=1.200 INITIAL_ERR=0.00644 FINAL_ERR=0.00009 ARM_V=0.00097
DAY4_STEP=1 EPISODE=007 STEP=05 DIST=0.026338 YAW_ERR_DEG=1.139 REQUESTED_MOVE=0.000706 EXECUTED_MOVE=0.000696 ATTEMPT=0 SUCCESS=0 TERMINATED=0 TRUNCATED=0
DAY4_MOTION_DONE=1 ELAPSED_SIM=1.202 INITIAL_ERR=0.00639 FINAL_ERR=0.00010 ARM_V=0.00107
DAY4_STEP=1 EPISODE=007 STEP=06 DIST=0.026647 YAW_ERR_DEG=1.375 REQUESTED_MOVE=0.000706 EXECUTED_MOVE=0.000695 ATTEMPT=0 SUCCESS=0 TERMINATED=0 TRUNCATED=0
DAY4_MOTION_DONE=1 ELAPSED_SIM=1.202 INITIAL_ERR=0.00635 FINAL_ERR=0.00009 ARM_V=0.00095
DAY4_STEP=1 EPISODE=007 STEP=07 DIST=0.026971 YAW_ERR_DEG=1.613 REQUESTED_MOVE=0.000706 EXECUTED_MOVE=0.000697 ATTEMPT=0 SUCCESS=0 TERMINATED=0 TRUNCATED=0
DAY4_MOTION_DONE=1 ELAPSED_SIM=1.202 INITIAL_ERR=0.00632 FINAL_ERR=0.00009 ARM_V=0.00105
DAY4_STEP=1 EPISODE=007 STEP=08 DIST=0.027306 YAW_ERR_DEG=1.853 REQUESTED_MOVE=0.000706 EXECUTED_MOVE=0.000696 ATTEMPT=0 SUCCESS=0 TERMINATED=0 TRUNCATED=0
DAY4_MOTION_DONE=1 ELAPSED_SIM=1.200 INITIAL_ERR=0.00626 FINAL_ERR=0.00013 ARM_V=0.00143
DAY4_STEP=1 EPISODE=007 STEP=09 DIST=0.027652 YAW_ERR_DEG=2.095 REQUESTED_MOVE=0.000707 EXECUTED_MOVE=0.000692 ATTEMPT=0 SUCCESS=0 TERMINATED=0 TRUNCATED=0
DAY4_MOTION_DONE=1 ELAPSED_SIM=1.200 INITIAL_ERR=0.00622 FINAL_ERR=0.00008 ARM_V=0.00093
DAY4_STEP=1 EPISODE=007 STEP=10 DIST=0.028012 YAW_ERR_DEG=2.341 REQUESTED_MOVE=0.000707 EXECUTED_MOVE=0.000698 ATTEMPT=0 SUCCESS=0 TERMINATED=0 TRUNCATED=0
DAY4_MOTION_DONE=1 ELAPSED_SIM=1.202 INITIAL_ERR=0.00621 FINAL_ERR=0.00009 ARM_V=0.00103
DAY4_STEP=1 EPISODE=007 STEP=11 DIST=0.028383 YAW_ERR_DEG=2.589 REQUESTED_MOVE=0.000709 EXECUTED_MOVE=0.000698 ATTEMPT=0 SUCCESS=0 TERMINATED=0 TRUNCATED=0
DAY4_MOTION_DONE=1 ELAPSED_SIM=1.202 INITIAL_ERR=0.00618 FINAL_ERR=0.00010 ARM_V=0.00114
DAY4_STEP=1 EPISODE=007 STEP=12 DIST=0.028765 YAW_ERR_DEG=2.839 REQUESTED_MOVE=0.000710 EXECUTED_MOVE=0.000698 ATTEMPT=0 SUCCESS=0 TERMINATED=0 TRUNCATED=0
DAY4_MOTION_DONE=1 ELAPSED_SIM=1.200 INITIAL_ERR=0.00624 FINAL_ERR=0.00009 ARM_V=0.00104
DAY4_STEP=1 EPISODE=007 STEP=13 DIST=0.029159 YAW_ERR_DEG=3.092 REQUESTED_MOVE=0.000711 EXECUTED_MOVE=0.000701 ATTEMPT=0 SUCCESS=0 TERMINATED=0 TRUNCATED=0
DAY4_MOTION_DONE=1 ELAPSED_SIM=1.202 INITIAL_ERR=0.00631 FINAL_ERR=0.00009 ARM_V=0.00105
DAY4_STEP=1 EPISODE=007 STEP=14 DIST=0.029563 YAW_ERR_DEG=3.348 REQUESTED_MOVE=0.000712 EXECUTED_MOVE=0.000702 ATTEMPT=0 SUCCESS=0 TERMINATED=0 TRUNCATED=0
DAY4_MOTION_DONE=1 ELAPSED_SIM=1.202 INITIAL_ERR=0.00637 FINAL_ERR=0.00009 ARM_V=0.00095
DAY4_STEP=1 EPISODE=007 STEP=15 DIST=0.029978 YAW_ERR_DEG=3.606 REQUESTED_MOVE=0.000714 EXECUTED_MOVE=0.000704 ATTEMPT=0 SUCCESS=0 TERMINATED=0 TRUNCATED=0
DAY4_MOTION_DONE=1 ELAPSED_SIM=1.200 INITIAL_ERR=0.00643 FINAL_ERR=0.00010 ARM_V=0.00107
DAY4_STEP=1 EPISODE=007 STEP=16 DIST=0.030402 YAW_ERR_DEG=3.866 REQUESTED_MOVE=0.000715 EXECUTED_MOVE=0.000704 ATTEMPT=0 SUCCESS=0 TERMINATED=0 TRUNCATED=0
DAY4_MOTION_DONE=1 ELAPSED_SIM=1.202 INITIAL_ERR=0.00648 FINAL_ERR=0.00010 ARM_V=0.00108
DAY4_STEP=1 EPISODE=007 STEP=17 DIST=0.030835 YAW_ERR_DEG=4.129 REQUESTED_MOVE=0.000716 EXECUTED_MOVE=0.000706 ATTEMPT=0 SUCCESS=0 TERMINATED=0 TRUNCATED=0
DAY4_MOTION_DONE=1 ELAPSED_SIM=1.200 INITIAL_ERR=0.00655 FINAL_ERR=0.00010 ARM_V=0.00109
DAY4_STEP=1 EPISODE=007 STEP=18 DIST=0.031277 YAW_ERR_DEG=4.394 REQUESTED_MOVE=0.000718 EXECUTED_MOVE=0.000707 ATTEMPT=0 SUCCESS=0 TERMINATED=0 TRUNCATED=0
DAY4_MOTION_DONE=1 ELAPSED_SIM=1.200 INITIAL_ERR=0.00661 FINAL_ERR=0.00010 ARM_V=0.00110
DAY4_STEP=1 EPISODE=007 STEP=19 DIST=0.031728 YAW_ERR_DEG=4.662 REQUESTED_MOVE=0.000719 EXECUTED_MOVE=0.000708 ATTEMPT=0 SUCCESS=0 TERMINATED=0 TRUNCATED=0
DAY4_MOTION_DONE=1 ELAPSED_SIM=1.200 INITIAL_ERR=0.00669 FINAL_ERR=0.00010 ARM_V=0.00111
DAY4_STEP=1 EPISODE=007 STEP=20 DIST=0.032189 YAW_ERR_DEG=4.934 REQUESTED_MOVE=0.000720 EXECUTED_MOVE=0.000709 ATTEMPT=0 SUCCESS=0 TERMINATED=0 TRUNCATED=1
DAY4_RESET_GRIPPER=OPEN ANGLE_RAD=1.291182 EFFORT_NM=0.535530
DAY4_RESET_GRIPPER=AFTER_INITIAL_MOVE ANGLE_RAD=1.299721 EFFORT_NM=0.531288
TRIAL=008 PHASE=OPEN_GRIPPER
TRIAL=008 PHASE=RETURN_OBSERVATION
DAY4_RESET_GRIPPER=OPEN ANGLE_RAD=1.291169 EFFORT_NM=0.534087
DAY4_RESET_GRIPPER=AFTER_INITIAL_MOVE ANGLE_RAD=1.298060 EFFORT_NM=0.531553
TRIAL=009 VISUAL_CENTER=[0.16589237749576569, -0.0389698576182127, 0.015095524509849037] SURFACE=[0.16589237749576569, -0.0389698576182127, 0.030095524509849036] CONTOUR_DEG=0.00 AXIS_STD_DEG=0.00 FOOTPRINT=[0.029999151825904846, 0.029999151825904846] CONFIDENCE=0.9925
TRIAL=009 SELECTED_CONTOUR_ORIENTATION=+90.00deg TILT=0.0 LEAN=-1 SYMMETRY=1 IK_FK_POS_ERROR=0.000000m IK_FK_ORIENTATION_ERROR=0.000000rad FINGER_FK_LIFT=0.080000m FINGER_FK_DRIFT=0.000000m JOINT_MOTION=2.043706rad
DAY4_MOTION_DONE=1 ELAPSED_SIM=1.200 INITIAL_ERR=0.00568 FINAL_ERR=0.00009 ARM_V=0.00095
DAY4_STEP=1 EPISODE=009 STEP=01 DIST=0.025400 YAW_ERR_DEG=0.043 REQUESTED_MOVE=0.000792 EXECUTED_MOVE=0.000780 ATTEMPT=0 SUCCESS=0 TERMINATED=0 TRUNCATED=0
DAY4_MOTION_DONE=1 ELAPSED_SIM=1.200 INITIAL_ERR=0.00567 FINAL_ERR=0.00008 ARM_V=0.00094
DAY4_STEP=1 EPISODE=009 STEP=02 DIST=0.025818 YAW_ERR_DEG=0.084 REQUESTED_MOVE=0.000792 EXECUTED_MOVE=0.000780 ATTEMPT=0 SUCCESS=0 TERMINATED=0 TRUNCATED=0
DAY4_MOTION_DONE=1 ELAPSED_SIM=1.200 INITIAL_ERR=0.00567 FINAL_ERR=0.00008 ARM_V=0.00094
DAY4_STEP=1 EPISODE=009 STEP=03 DIST=0.026252 YAW_ERR_DEG=0.125 REQUESTED_MOVE=0.000793 EXECUTED_MOVE=0.000781 ATTEMPT=0 SUCCESS=0 TERMINATED=0 TRUNCATED=0
DAY4_MOTION_DONE=1 ELAPSED_SIM=1.200 INITIAL_ERR=0.00567 FINAL_ERR=0.00008 ARM_V=0.00085
DAY4_STEP=1 EPISODE=009 STEP=04 DIST=0.026703 YAW_ERR_DEG=0.165 REQUESTED_MOVE=0.000793 EXECUTED_MOVE=0.000782 ATTEMPT=0 SUCCESS=0 TERMINATED=0 TRUNCATED=0
DAY4_MOTION_DONE=1 ELAPSED_SIM=1.202 INITIAL_ERR=0.00566 FINAL_ERR=0.00008 ARM_V=0.00094
DAY4_STEP=1 EPISODE=009 STEP=05 DIST=0.027168 YAW_ERR_DEG=0.204 REQUESTED_MOVE=0.000793 EXECUTED_MOVE=0.000782 ATTEMPT=0 SUCCESS=0 TERMINATED=0 TRUNCATED=0
DAY4_MOTION_DONE=1 ELAPSED_SIM=1.202 INITIAL_ERR=0.00567 FINAL_ERR=0.00008 ARM_V=0.00085
DAY4_STEP=1 EPISODE=009 STEP=06 DIST=0.027649 YAW_ERR_DEG=0.242 REQUESTED_MOVE=0.000794 EXECUTED_MOVE=0.000783 ATTEMPT=0 SUCCESS=0 TERMINATED=0 TRUNCATED=0
DAY4_MOTION_DONE=1 ELAPSED_SIM=1.200 INITIAL_ERR=0.00567 FINAL_ERR=0.00008 ARM_V=0.00085
DAY4_STEP=1 EPISODE=009 STEP=07 DIST=0.028143 YAW_ERR_DEG=0.279 REQUESTED_MOVE=0.000794 EXECUTED_MOVE=0.000784 ATTEMPT=0 SUCCESS=0 TERMINATED=0 TRUNCATED=0
DAY4_MOTION_DONE=1 ELAPSED_SIM=1.200 INITIAL_ERR=0.00567 FINAL_ERR=0.00008 ARM_V=0.00094
DAY4_STEP=1 EPISODE=009 STEP=08 DIST=0.028650 YAW_ERR_DEG=0.315 REQUESTED_MOVE=0.000795 EXECUTED_MOVE=0.000783 ATTEMPT=0 SUCCESS=0 TERMINATED=0 TRUNCATED=0
DAY4_MOTION_DONE=1 ELAPSED_SIM=1.200 INITIAL_ERR=0.00566 FINAL_ERR=0.00008 ARM_V=0.00094
DAY4_STEP=1 EPISODE=009 STEP=09 DIST=0.029169 YAW_ERR_DEG=0.351 REQUESTED_MOVE=0.000795 EXECUTED_MOVE=0.000783 ATTEMPT=0 SUCCESS=0 TERMINATED=0 TRUNCATED=0
DAY4_MOTION_DONE=1 ELAPSED_SIM=1.200 INITIAL_ERR=0.00566 FINAL_ERR=0.00009 ARM_V=0.00105
DAY4_STEP=1 EPISODE=009 STEP=10 DIST=0.029699 YAW_ERR_DEG=0.385 REQUESTED_MOVE=0.000795 EXECUTED_MOVE=0.000782 ATTEMPT=0 SUCCESS=0 TERMINATED=0 TRUNCATED=0
DAY4_MOTION_DONE=1 ELAPSED_SIM=1.202 INITIAL_ERR=0.00567 FINAL_ERR=0.00008 ARM_V=0.00094
DAY4_STEP=1 EPISODE=009 STEP=11 DIST=0.030242 YAW_ERR_DEG=0.418 REQUESTED_MOVE=0.000796 EXECUTED_MOVE=0.000784 ATTEMPT=0 SUCCESS=0 TERMINATED=0 TRUNCATED=0
DAY4_MOTION_DONE=1 ELAPSED_SIM=1.200 INITIAL_ERR=0.00568 FINAL_ERR=0.00008 ARM_V=0.00085
DAY4_STEP=1 EPISODE=009 STEP=12 DIST=0.030795 YAW_ERR_DEG=0.450 REQUESTED_MOVE=0.000796 EXECUTED_MOVE=0.000785 ATTEMPT=0 SUCCESS=0 TERMINATED=0 TRUNCATED=0
DAY4_MOTION_DONE=1 ELAPSED_SIM=1.202 INITIAL_ERR=0.00566 FINAL_ERR=0.00008 ARM_V=0.00085
DAY4_STEP=1 EPISODE=009 STEP=13 DIST=0.031358 YAW_ERR_DEG=0.482 REQUESTED_MOVE=0.000796 EXECUTED_MOVE=0.000786 ATTEMPT=0 SUCCESS=0 TERMINATED=0 TRUNCATED=0
DAY4_MOTION_DONE=1 ELAPSED_SIM=1.200 INITIAL_ERR=0.00566 FINAL_ERR=0.00009 ARM_V=0.00105
DAY4_STEP=1 EPISODE=009 STEP=14 DIST=0.031929 YAW_ERR_DEG=0.512 REQUESTED_MOVE=0.000797 EXECUTED_MOVE=0.000784 ATTEMPT=0 SUCCESS=0 TERMINATED=0 TRUNCATED=0
DAY4_MOTION_DONE=1 ELAPSED_SIM=1.200 INITIAL_ERR=0.00567 FINAL_ERR=0.00008 ARM_V=0.00094
DAY4_STEP=1 EPISODE=009 STEP=15 DIST=0.032510 YAW_ERR_DEG=0.541 REQUESTED_MOVE=0.000797 EXECUTED_MOVE=0.000785 ATTEMPT=0 SUCCESS=0 TERMINATED=0 TRUNCATED=0
DAY4_MOTION_DONE=1 ELAPSED_SIM=1.200 INITIAL_ERR=0.00568 FINAL_ERR=0.00008 ARM_V=0.00085
DAY4_STEP=1 EPISODE=009 STEP=16 DIST=0.033101 YAW_ERR_DEG=0.569 REQUESTED_MOVE=0.000797 EXECUTED_MOVE=0.000787 ATTEMPT=0 SUCCESS=0 TERMINATED=0 TRUNCATED=0
DAY4_MOTION_DONE=1 ELAPSED_SIM=1.200 INITIAL_ERR=0.00568 FINAL_ERR=0.00009 ARM_V=0.00095
DAY4_STEP=1 EPISODE=009 STEP=17 DIST=0.033699 YAW_ERR_DEG=0.597 REQUESTED_MOVE=0.000798 EXECUTED_MOVE=0.000786 ATTEMPT=0 SUCCESS=0 TERMINATED=0 TRUNCATED=0
DAY4_MOTION_DONE=1 ELAPSED_SIM=1.202 INITIAL_ERR=0.00567 FINAL_ERR=0.00008 ARM_V=0.00094
DAY4_STEP=1 EPISODE=009 STEP=18 DIST=0.034305 YAW_ERR_DEG=0.622 REQUESTED_MOVE=0.000798 EXECUTED_MOVE=0.000786 ATTEMPT=0 SUCCESS=0 TERMINATED=0 TRUNCATED=0
DAY4_MOTION_DONE=1 ELAPSED_SIM=1.202 INITIAL_ERR=0.00567 FINAL_ERR=0.00009 ARM_V=0.00105
DAY4_STEP=1 EPISODE=009 STEP=19 DIST=0.034917 YAW_ERR_DEG=0.647 REQUESTED_MOVE=0.000798 EXECUTED_MOVE=0.000785 ATTEMPT=0 SUCCESS=0 TERMINATED=0 TRUNCATED=0
DAY4_MOTION_DONE=1 ELAPSED_SIM=1.200 INITIAL_ERR=0.00568 FINAL_ERR=0.00008 ARM_V=0.00085
DAY4_STEP=1 EPISODE=009 STEP=20 DIST=0.035537 YAW_ERR_DEG=0.671 REQUESTED_MOVE=0.000799 EXECUTED_MOVE=0.000788 ATTEMPT=0 SUCCESS=0 TERMINATED=0 TRUNCATED=1
DAY4_RESET_GRIPPER=OPEN ANGLE_RAD=1.291193 EFFORT_NM=0.545086
DAY4_RESET_GRIPPER=AFTER_INITIAL_MOVE ANGLE_RAD=1.301751 EFFORT_NM=0.535193
TRIAL=010 VISUAL_CENTER=[0.17883505672216415, 0.05586245656013489, 0.015096792125855935] SURFACE=[0.17883505672216415, 0.05586245656013489, 0.030096792125855934] CONTOUR_DEG=0.00 AXIS_STD_DEG=0.00 FOOTPRINT=[0.029988974332809448, 0.029988974332809448] CONFIDENCE=0.9908
TRIAL=010 SELECTED_CONTOUR_ORIENTATION=+90.00deg TILT=0.0 LEAN=-1 SYMMETRY=1 IK_FK_POS_ERROR=0.000000m IK_FK_ORIENTATION_ERROR=0.000000rad FINGER_FK_LIFT=0.080000m FINGER_FK_DRIFT=0.000000m JOINT_MOTION=2.210933rad
DAY4_MOTION_DONE=1 ELAPSED_SIM=1.200 INITIAL_ERR=0.00796 FINAL_ERR=0.00012 ARM_V=0.00133
DAY4_STEP=1 EPISODE=010 STEP=01 DIST=0.025222 YAW_ERR_DEG=0.324 REQUESTED_MOVE=0.000750 EXECUTED_MOVE=0.000739 ATTEMPT=0 SUCCESS=0 TERMINATED=0 TRUNCATED=0
DAY4_MOTION_DONE=1 ELAPSED_SIM=1.200 INITIAL_ERR=0.00801 FINAL_ERR=0.00012 ARM_V=0.00133
DAY4_STEP=1 EPISODE=010 STEP=02 DIST=0.025462 YAW_ERR_DEG=0.651 REQUESTED_MOVE=0.000751 EXECUTED_MOVE=0.000740 ATTEMPT=0 SUCCESS=0 TERMINATED=0 TRUNCATED=0
DAY4_MOTION_DONE=1 ELAPSED_SIM=1.200 INITIAL_ERR=0.00807 FINAL_ERR=0.00011 ARM_V=0.00121
DAY4_STEP=1 EPISODE=010 STEP=03 DIST=0.025721 YAW_ERR_DEG=0.981 REQUESTED_MOVE=0.000751 EXECUTED_MOVE=0.000741 ATTEMPT=0 SUCCESS=0 TERMINATED=0 TRUNCATED=0
DAY4_MOTION_DONE=1 ELAPSED_SIM=1.200 INITIAL_ERR=0.00815 FINAL_ERR=0.00014 ARM_V=0.00151
DAY4_STEP=1 EPISODE=010 STEP=04 DIST=0.025996 YAW_ERR_DEG=1.313 REQUESTED_MOVE=0.000752 EXECUTED_MOVE=0.000739 ATTEMPT=0 SUCCESS=0 TERMINATED=0 TRUNCATED=0
DAY4_MOTION_DONE=1 ELAPSED_SIM=1.200 INITIAL_ERR=0.00820 FINAL_ERR=0.00012 ARM_V=0.00137
DAY4_STEP=1 EPISODE=010 STEP=05 DIST=0.026288 YAW_ERR_DEG=1.649 REQUESTED_MOVE=0.000752 EXECUTED_MOVE=0.000741 ATTEMPT=0 SUCCESS=0 TERMINATED=0 TRUNCATED=0
DAY4_MOTION_DONE=1 ELAPSED_SIM=1.202 INITIAL_ERR=0.00829 FINAL_ERR=0.00014 ARM_V=0.00153
DAY4_STEP=1 EPISODE=010 STEP=06 DIST=0.026595 YAW_ERR_DEG=1.987 REQUESTED_MOVE=0.000753 EXECUTED_MOVE=0.000740 ATTEMPT=0 SUCCESS=0 TERMINATED=0 TRUNCATED=0
DAY4_MOTION_DONE=1 ELAPSED_SIM=1.200 INITIAL_ERR=0.00836 FINAL_ERR=0.00013 ARM_V=0.00139
DAY4_STEP=1 EPISODE=010 STEP=07 DIST=0.026920 YAW_ERR_DEG=2.329 REQUESTED_MOVE=0.000753 EXECUTED_MOVE=0.000742 ATTEMPT=0 SUCCESS=0 TERMINATED=0 TRUNCATED=0
DAY4_MOTION_DONE=1 ELAPSED_SIM=1.200 INITIAL_ERR=0.00846 FINAL_ERR=0.00011 ARM_V=0.00127
DAY4_STEP=1 EPISODE=010 STEP=08 DIST=0.027259 YAW_ERR_DEG=2.674 REQUESTED_MOVE=0.000754 EXECUTED_MOVE=0.000744 ATTEMPT=0 SUCCESS=0 TERMINATED=0 TRUNCATED=0
DAY4_MOTION_DONE=1 ELAPSED_SIM=1.202 INITIAL_ERR=0.00851 FINAL_ERR=0.00014 ARM_V=0.00158
DAY4_STEP=1 EPISODE=010 STEP=09 DIST=0.027612 YAW_ERR_DEG=3.020 REQUESTED_MOVE=0.000755 EXECUTED_MOVE=0.000742 ATTEMPT=0 SUCCESS=0 TERMINATED=0 TRUNCATED=0
DAY4_MOTION_DONE=1 ELAPSED_SIM=1.200 INITIAL_ERR=0.00860 FINAL_ERR=0.00014 ARM_V=0.00159
DAY4_STEP=1 EPISODE=010 STEP=10 DIST=0.027980 YAW_ERR_DEG=3.370 REQUESTED_MOVE=0.000756 EXECUTED_MOVE=0.000743 ATTEMPT=0 SUCCESS=0 TERMINATED=0 TRUNCATED=0
DAY4_MOTION_DONE=1 ELAPSED_SIM=1.202 INITIAL_ERR=0.00868 FINAL_ERR=0.00014 ARM_V=0.00160
DAY4_STEP=1 EPISODE=010 STEP=11 DIST=0.028361 YAW_ERR_DEG=3.723 REQUESTED_MOVE=0.000756 EXECUTED_MOVE=0.000744 ATTEMPT=0 SUCCESS=0 TERMINATED=0 TRUNCATED=0
DAY4_MOTION_DONE=1 ELAPSED_SIM=1.200 INITIAL_ERR=0.00874 FINAL_ERR=0.00013 ARM_V=0.00146
DAY4_STEP=1 EPISODE=010 STEP=12 DIST=0.028756 YAW_ERR_DEG=4.079 REQUESTED_MOVE=0.000757 EXECUTED_MOVE=0.000746 ATTEMPT=0 SUCCESS=0 TERMINATED=0 TRUNCATED=0
DAY4_MOTION_DONE=1 ELAPSED_SIM=1.200 INITIAL_ERR=0.00883 FINAL_ERR=0.00013 ARM_V=0.00147
DAY4_STEP=1 EPISODE=010 STEP=13 DIST=0.029163 YAW_ERR_DEG=4.438 REQUESTED_MOVE=0.000758 EXECUTED_MOVE=0.000747 ATTEMPT=0 SUCCESS=0 TERMINATED=0 TRUNCATED=0
DAY4_MOTION_DONE=1 ELAPSED_SIM=1.200 INITIAL_ERR=0.00891 FINAL_ERR=0.00012 ARM_V=0.00134
DAY4_STEP=1 EPISODE=010 STEP=14 DIST=0.029584 YAW_ERR_DEG=4.801 REQUESTED_MOVE=0.000759 EXECUTED_MOVE=0.000748 ATTEMPT=0 SUCCESS=0 TERMINATED=0 TRUNCATED=0
DAY4_MOTION_DONE=1 ELAPSED_SIM=1.200 INITIAL_ERR=0.00898 FINAL_ERR=0.00015 ARM_V=0.00166
DAY4_STEP=1 EPISODE=010 STEP=15 DIST=0.030014 YAW_ERR_DEG=5.165 REQUESTED_MOVE=0.000759 EXECUTED_MOVE=0.000747 ATTEMPT=0 SUCCESS=0 TERMINATED=0 TRUNCATED=0
DAY4_MOTION_DONE=1 ELAPSED_SIM=1.200 INITIAL_ERR=0.00906 FINAL_ERR=0.00014 ARM_V=0.00151
DAY4_STEP=1 EPISODE=010 STEP=16 DIST=0.030457 YAW_ERR_DEG=5.534 REQUESTED_MOVE=0.000760 EXECUTED_MOVE=0.000749 ATTEMPT=0 SUCCESS=0 TERMINATED=0 TRUNCATED=0
DAY4_MOTION_DONE=1 ELAPSED_SIM=1.200 INITIAL_ERR=0.00918 FINAL_ERR=0.00012 ARM_V=0.00138
DAY4_STEP=1 EPISODE=010 STEP=17 DIST=0.030911 YAW_ERR_DEG=5.906 REQUESTED_MOVE=0.000761 EXECUTED_MOVE=0.000751 ATTEMPT=0 SUCCESS=0 TERMINATED=0 TRUNCATED=0
DAY4_MOTION_DONE=1 ELAPSED_SIM=1.200 INITIAL_ERR=0.00924 FINAL_ERR=0.00012 ARM_V=0.00139
DAY4_STEP=1 EPISODE=010 STEP=18 DIST=0.031376 YAW_ERR_DEG=6.281 REQUESTED_MOVE=0.000762 EXECUTED_MOVE=0.000752 ATTEMPT=0 SUCCESS=0 TERMINATED=0 TRUNCATED=0
DAY4_MOTION_DONE=1 ELAPSED_SIM=1.200 INITIAL_ERR=0.00933 FINAL_ERR=0.00013 ARM_V=0.00140
DAY4_STEP=1 EPISODE=010 STEP=19 DIST=0.031851 YAW_ERR_DEG=6.659 REQUESTED_MOVE=0.000763 EXECUTED_MOVE=0.000753 ATTEMPT=0 SUCCESS=0 TERMINATED=0 TRUNCATED=0
DAY4_MOTION_DONE=1 ELAPSED_SIM=1.200 INITIAL_ERR=0.00942 FINAL_ERR=0.00014 ARM_V=0.00157
DAY4_STEP=1 EPISODE=010 STEP=20 DIST=0.032334 YAW_ERR_DEG=7.040 REQUESTED_MOVE=0.000763 EXECUTED_MOVE=0.000752 ATTEMPT=0 SUCCESS=0 TERMINATED=0 TRUNCATED=1
DAY4_RESET_GRIPPER=OPEN ANGLE_RAD=1.291180 EFFORT_NM=0.543651
DAY4_RESET_GRIPPER=AFTER_INITIAL_MOVE ANGLE_RAD=1.302243 EFFORT_NM=0.531019
TRIAL=011 VISUAL_CENTER=[0.23317109793424606, -0.027380838990211487, 0.01507251663753291] SURFACE=[0.23317109793424606, -0.027380838990211487, 0.03007251663753291] CONTOUR_DEG=-0.13 AXIS_STD_DEG=0.08 FOOTPRINT=[0.02974984236061573, 0.02974984236061573] CONFIDENCE=0.9913
TRIAL=011 PHASE=OPEN_GRIPPER
TRIAL=011 PHASE=RETURN_OBSERVATION
DAY4_RESET_GRIPPER=OPEN ANGLE_RAD=1.291218 EFFORT_NM=0.534080
DAY4_RESET_GRIPPER=AFTER_INITIAL_MOVE ANGLE_RAD=1.298074 EFFORT_NM=0.531531
TRIAL=012 VISUAL_CENTER=[0.1739097461104393, -0.028122027404606342, 0.01652393258905213] SURFACE=[0.1739097461104393, -0.028122027404606342, 0.03152393258905213] CONTOUR_DEG=-0.06 AXIS_STD_DEG=0.02 FOOTPRINT=[0.029792499728500843, 0.029792499728500843] CONFIDENCE=0.9899
TRIAL=012 SELECTED_CONTOUR_ORIENTATION=+89.94deg TILT=0.0 LEAN=-1 SYMMETRY=1 IK_FK_POS_ERROR=0.000000m IK_FK_ORIENTATION_ERROR=0.000000rad FINGER_FK_LIFT=0.080000m FINGER_FK_DRIFT=0.000000m JOINT_MOTION=2.029933rad
DAY4_MOTION_DONE=1 ELAPSED_SIM=1.200 INITIAL_ERR=0.00554 FINAL_ERR=0.00008 ARM_V=0.00092
DAY4_STEP=1 EPISODE=012 STEP=01 DIST=0.025372 YAW_ERR_DEG=0.003 REQUESTED_MOVE=0.000772 EXECUTED_MOVE=0.000761 ATTEMPT=0 SUCCESS=0 TERMINATED=0 TRUNCATED=0
DAY4_MOTION_DONE=1 ELAPSED_SIM=1.202 INITIAL_ERR=0.00552 FINAL_ERR=0.00010 ARM_V=0.00113
DAY4_STEP=1 EPISODE=012 STEP=02 DIST=0.025759 YAW_ERR_DEG=0.008 REQUESTED_MOVE=0.000773 EXECUTED_MOVE=0.000759 ATTEMPT=0 SUCCESS=0 TERMINATED=0 TRUNCATED=0
DAY4_MOTION_DONE=1 ELAPSED_SIM=1.202 INITIAL_ERR=0.00553 FINAL_ERR=0.00008 ARM_V=0.00092
DAY4_STEP=1 EPISODE=012 STEP=03 DIST=0.026165 YAW_ERR_DEG=0.013 REQUESTED_MOVE=0.000773 EXECUTED_MOVE=0.000762 ATTEMPT=0 SUCCESS=0 TERMINATED=0 TRUNCATED=0
DAY4_MOTION_DONE=1 ELAPSED_SIM=1.200 INITIAL_ERR=0.00553 FINAL_ERR=0.00008 ARM_V=0.00092
DAY4_STEP=1 EPISODE=012 STEP=04 DIST=0.026585 YAW_ERR_DEG=0.019 REQUESTED_MOVE=0.000773 EXECUTED_MOVE=0.000762 ATTEMPT=0 SUCCESS=0 TERMINATED=0 TRUNCATED=0
DAY4_MOTION_DONE=1 ELAPSED_SIM=1.200 INITIAL_ERR=0.00552 FINAL_ERR=0.00008 ARM_V=0.00092
DAY4_STEP=1 EPISODE=012 STEP=05 DIST=0.027019 YAW_ERR_DEG=0.027 REQUESTED_MOVE=0.000774 EXECUTED_MOVE=0.000762 ATTEMPT=0 SUCCESS=0 TERMINATED=0 TRUNCATED=0
DAY4_MOTION_DONE=1 ELAPSED_SIM=1.200 INITIAL_ERR=0.00552 FINAL_ERR=0.00010 ARM_V=0.00113
DAY4_STEP=1 EPISODE=012 STEP=06 DIST=0.027467 YAW_ERR_DEG=0.036 REQUESTED_MOVE=0.000774 EXECUTED_MOVE=0.000760 ATTEMPT=0 SUCCESS=0 TERMINATED=0 TRUNCATED=0
DAY4_MOTION_DONE=1 ELAPSED_SIM=1.200 INITIAL_ERR=0.00551 FINAL_ERR=0.00009 ARM_V=0.00102
DAY4_STEP=1 EPISODE=012 STEP=07 DIST=0.027928 YAW_ERR_DEG=0.045 REQUESTED_MOVE=0.000774 EXECUTED_MOVE=0.000761 ATTEMPT=0 SUCCESS=0 TERMINATED=0 TRUNCATED=0
DAY4_MOTION_DONE=1 ELAPSED_SIM=1.200 INITIAL_ERR=0.00552 FINAL_ERR=0.00009 ARM_V=0.00102
DAY4_STEP=1 EPISODE=012 STEP=08 DIST=0.028403 YAW_ERR_DEG=0.056 REQUESTED_MOVE=0.000775 EXECUTED_MOVE=0.000762 ATTEMPT=0 SUCCESS=0 TERMINATED=0 TRUNCATED=0
DAY4_MOTION_DONE=1 ELAPSED_SIM=1.200 INITIAL_ERR=0.00551 FINAL_ERR=0.00009 ARM_V=0.00102
DAY4_STEP=1 EPISODE=012 STEP=09 DIST=0.028890 YAW_ERR_DEG=0.068 REQUESTED_MOVE=0.000775 EXECUTED_MOVE=0.000762 ATTEMPT=0 SUCCESS=0 TERMINATED=0 TRUNCATED=0
DAY4_MOTION_DONE=1 ELAPSED_SIM=1.200 INITIAL_ERR=0.00552 FINAL_ERR=0.00008 ARM_V=0.00092
DAY4_STEP=1 EPISODE=012 STEP=10 DIST=0.029389 YAW_ERR_DEG=0.081 REQUESTED_MOVE=0.000775 EXECUTED_MOVE=0.000764 ATTEMPT=0 SUCCESS=0 TERMINATED=0 TRUNCATED=0
DAY4_MOTION_DONE=1 ELAPSED_SIM=1.200 INITIAL_ERR=0.00552 FINAL_ERR=0.00009 ARM_V=0.00102
DAY4_STEP=1 EPISODE=012 STEP=11 DIST=0.029897 YAW_ERR_DEG=0.095 REQUESTED_MOVE=0.000775 EXECUTED_MOVE=0.000762 ATTEMPT=0 SUCCESS=0 TERMINATED=0 TRUNCATED=0
DAY4_MOTION_DONE=1 ELAPSED_SIM=1.200 INITIAL_ERR=0.00552 FINAL_ERR=0.00009 ARM_V=0.00102
DAY4_STEP=1 EPISODE=012 STEP=12 DIST=0.030417 YAW_ERR_DEG=0.111 REQUESTED_MOVE=0.000776 EXECUTED_MOVE=0.000763 ATTEMPT=0 SUCCESS=0 TERMINATED=0 TRUNCATED=0
DAY4_MOTION_DONE=1 ELAPSED_SIM=1.200 INITIAL_ERR=0.00552 FINAL_ERR=0.00009 ARM_V=0.00102
DAY4_STEP=1 EPISODE=012 STEP=13 DIST=0.030947 YAW_ERR_DEG=0.127 REQUESTED_MOVE=0.000776 EXECUTED_MOVE=0.000763 ATTEMPT=0 SUCCESS=0 TERMINATED=0 TRUNCATED=0
DAY4_MOTION_DONE=1 ELAPSED_SIM=1.200 INITIAL_ERR=0.00553 FINAL_ERR=0.00009 ARM_V=0.00102
DAY4_STEP=1 EPISODE=012 STEP=14 DIST=0.031485 YAW_ERR_DEG=0.145 REQUESTED_MOVE=0.000776 EXECUTED_MOVE=0.000763 ATTEMPT=0 SUCCESS=0 TERMINATED=0 TRUNCATED=0
DAY4_MOTION_DONE=1 ELAPSED_SIM=1.200 INITIAL_ERR=0.00552 FINAL_ERR=0.00008 ARM_V=0.00092
DAY4_STEP=1 EPISODE=012 STEP=15 DIST=0.032034 YAW_ERR_DEG=0.164 REQUESTED_MOVE=0.000776 EXECUTED_MOVE=0.000765 ATTEMPT=0 SUCCESS=0 TERMINATED=0 TRUNCATED=0
DAY4_MOTION_DONE=1 ELAPSED_SIM=1.200 INITIAL_ERR=0.00553 FINAL_ERR=0.00009 ARM_V=0.00102
DAY4_STEP=1 EPISODE=012 STEP=16 DIST=0.032590 YAW_ERR_DEG=0.183 REQUESTED_MOVE=0.000777 EXECUTED_MOVE=0.000764 ATTEMPT=0 SUCCESS=0 TERMINATED=0 TRUNCATED=0
DAY4_MOTION_DONE=1 ELAPSED_SIM=1.200 INITIAL_ERR=0.00552 FINAL_ERR=0.00009 ARM_V=0.00102
DAY4_STEP=1 EPISODE=012 STEP=17 DIST=0.033154 YAW_ERR_DEG=0.204 REQUESTED_MOVE=0.000777 EXECUTED_MOVE=0.000764 ATTEMPT=0 SUCCESS=0 TERMINATED=0 TRUNCATED=0
DAY4_MOTION_DONE=1 ELAPSED_SIM=1.200 INITIAL_ERR=0.00552 FINAL_ERR=0.00009 ARM_V=0.00102
DAY4_STEP=1 EPISODE=012 STEP=18 DIST=0.033726 YAW_ERR_DEG=0.227 REQUESTED_MOVE=0.000777 EXECUTED_MOVE=0.000764 ATTEMPT=0 SUCCESS=0 TERMINATED=0 TRUNCATED=0
DAY4_MOTION_DONE=1 ELAPSED_SIM=1.200 INITIAL_ERR=0.00551 FINAL_ERR=0.00011 ARM_V=0.00126
DAY4_STEP=1 EPISODE=012 STEP=19 DIST=0.034304 YAW_ERR_DEG=0.250 REQUESTED_MOVE=0.000778 EXECUTED_MOVE=0.000762 ATTEMPT=0 SUCCESS=0 TERMINATED=0 TRUNCATED=0
DAY4_MOTION_DONE=1 ELAPSED_SIM=1.200 INITIAL_ERR=0.00551 FINAL_ERR=0.00009 ARM_V=0.00102
DAY4_STEP=1 EPISODE=012 STEP=20 DIST=0.034890 YAW_ERR_DEG=0.274 REQUESTED_MOVE=0.000778 EXECUTED_MOVE=0.000765 ATTEMPT=0 SUCCESS=0 TERMINATED=0 TRUNCATED=1
DAY4_RESET_GRIPPER=OPEN ANGLE_RAD=1.291228 EFFORT_NM=0.547847
DAY4_RESET_GRIPPER=AFTER_INITIAL_MOVE ANGLE_RAD=1.302641 EFFORT_NM=0.534605
TRIAL=013 VISUAL_CENTER=[0.21271050721406937, 0.026610413566231728, 0.015113957145377103] SURFACE=[0.21271050721406937, 0.026610413566231728, 0.030113957145377103] CONTOUR_DEG=0.17 AXIS_STD_DEG=0.07 FOOTPRINT=[0.029861195012927055, 0.029861195012927055] CONFIDENCE=0.9904
TRIAL=013 SELECTED_CONTOUR_ORIENTATION=+90.17deg TILT=0.0 LEAN=-1 SYMMETRY=1 IK_FK_POS_ERROR=0.000000m IK_FK_ORIENTATION_ERROR=0.000000rad FINGER_FK_LIFT=0.080000m FINGER_FK_DRIFT=0.000000m JOINT_MOTION=2.666079rad
DAY4_MOTION_DONE=1 ELAPSED_SIM=1.200 INITIAL_ERR=0.00633 FINAL_ERR=0.00009 ARM_V=0.00106
DAY4_STEP=1 EPISODE=013 STEP=01 DIST=0.025277 YAW_ERR_DEG=0.149 REQUESTED_MOVE=0.000702 EXECUTED_MOVE=0.000691 ATTEMPT=0 SUCCESS=0 TERMINATED=0 TRUNCATED=0
DAY4_MOTION_DONE=1 ELAPSED_SIM=1.200 INITIAL_ERR=0.00628 FINAL_ERR=0.00009 ARM_V=0.00105
DAY4_STEP=1 EPISODE=013 STEP=02 DIST=0.025569 YAW_ERR_DEG=0.300 REQUESTED_MOVE=0.000703 EXECUTED_MOVE=0.000692 ATTEMPT=0 SUCCESS=0 TERMINATED=0 TRUNCATED=0
DAY4_MOTION_DONE=1 ELAPSED_SIM=1.200 INITIAL_ERR=0.00625 FINAL_ERR=0.00009 ARM_V=0.00104
DAY4_STEP=1 EPISODE=013 STEP=03 DIST=0.025875 YAW_ERR_DEG=0.454 REQUESTED_MOVE=0.000703 EXECUTED_MOVE=0.000693 ATTEMPT=0 SUCCESS=0 TERMINATED=0 TRUNCATED=0
DAY4_MOTION_DONE=1 ELAPSED_SIM=1.202 INITIAL_ERR=0.00621 FINAL_ERR=0.00010 ARM_V=0.00115
DAY4_STEP=1 EPISODE=013 STEP=04 DIST=0.026194 YAW_ERR_DEG=0.609 REQUESTED_MOVE=0.000704 EXECUTED_MOVE=0.000692 ATTEMPT=0 SUCCESS=0 TERMINATED=0 TRUNCATED=0
DAY4_MOTION_DONE=1 ELAPSED_SIM=1.200 INITIAL_ERR=0.00618 FINAL_ERR=0.00009 ARM_V=0.00103
DAY4_STEP=1 EPISODE=013 STEP=05 DIST=0.026527 YAW_ERR_DEG=0.766 REQUESTED_MOVE=0.000704 EXECUTED_MOVE=0.000694 ATTEMPT=0 SUCCESS=0 TERMINATED=0 TRUNCATED=0
DAY4_MOTION_DONE=1 ELAPSED_SIM=1.200 INITIAL_ERR=0.00615 FINAL_ERR=0.00008 ARM_V=0.00092
DAY4_STEP=1 EPISODE=013 STEP=06 DIST=0.026873 YAW_ERR_DEG=0.926 REQUESTED_MOVE=0.000705 EXECUTED_MOVE=0.000695 ATTEMPT=0 SUCCESS=0 TERMINATED=0 TRUNCATED=0
DAY4_MOTION_DONE=1 ELAPSED_SIM=1.202 INITIAL_ERR=0.00611 FINAL_ERR=0.00009 ARM_V=0.00102
DAY4_STEP=1 EPISODE=013 STEP=07 DIST=0.027231 YAW_ERR_DEG=1.087 REQUESTED_MOVE=0.000705 EXECUTED_MOVE=0.000695 ATTEMPT=0 SUCCESS=0 TERMINATED=0 TRUNCATED=0
DAY4_MOTION_DONE=1 ELAPSED_SIM=1.202 INITIAL_ERR=0.00608 FINAL_ERR=0.00009 ARM_V=0.00101
DAY4_STEP=1 EPISODE=013 STEP=08 DIST=0.027601 YAW_ERR_DEG=1.251 REQUESTED_MOVE=0.000706 EXECUTED_MOVE=0.000695 ATTEMPT=0 SUCCESS=0 TERMINATED=0 TRUNCATED=0
DAY4_MOTION_DONE=1 ELAPSED_SIM=1.202 INITIAL_ERR=0.00605 FINAL_ERR=0.00009 ARM_V=0.00101
DAY4_STEP=1 EPISODE=013 STEP=09 DIST=0.027983 YAW_ERR_DEG=1.417 REQUESTED_MOVE=0.000706 EXECUTED_MOVE=0.000696 ATTEMPT=0 SUCCESS=0 TERMINATED=0 TRUNCATED=0
DAY4_MOTION_DONE=1 ELAPSED_SIM=1.200 INITIAL_ERR=0.00602 FINAL_ERR=0.00010 ARM_V=0.00111
DAY4_STEP=1 EPISODE=013 STEP=10 DIST=0.028374 YAW_ERR_DEG=1.585 REQUESTED_MOVE=0.000707 EXECUTED_MOVE=0.000695 ATTEMPT=0 SUCCESS=0 TERMINATED=0 TRUNCATED=0
DAY4_MOTION_DONE=1 ELAPSED_SIM=1.200 INITIAL_ERR=0.00599 FINAL_ERR=0.00009 ARM_V=0.00100
DAY4_STEP=1 EPISODE=013 STEP=11 DIST=0.028778 YAW_ERR_DEG=1.755 REQUESTED_MOVE=0.000708 EXECUTED_MOVE=0.000697 ATTEMPT=0 SUCCESS=0 TERMINATED=0 TRUNCATED=0
DAY4_MOTION_DONE=1 ELAPSED_SIM=1.200 INITIAL_ERR=0.00597 FINAL_ERR=0.00010 ARM_V=0.00110
DAY4_STEP=1 EPISODE=013 STEP=12 DIST=0.029190 YAW_ERR_DEG=1.927 REQUESTED_MOVE=0.000708 EXECUTED_MOVE=0.000696 ATTEMPT=0 SUCCESS=0 TERMINATED=0 TRUNCATED=0
DAY4_MOTION_DONE=1 ELAPSED_SIM=1.200 INITIAL_ERR=0.00594 FINAL_ERR=0.00009 ARM_V=0.00099
DAY4_STEP=1 EPISODE=013 STEP=13 DIST=0.029613 YAW_ERR_DEG=2.101 REQUESTED_MOVE=0.000709 EXECUTED_MOVE=0.000698 ATTEMPT=0 SUCCESS=0 TERMINATED=0 TRUNCATED=0
DAY4_MOTION_DONE=1 ELAPSED_SIM=1.200 INITIAL_ERR=0.00591 FINAL_ERR=0.00009 ARM_V=0.00098
DAY4_STEP=1 EPISODE=013 STEP=14 DIST=0.030046 YAW_ERR_DEG=2.278 REQUESTED_MOVE=0.000709 EXECUTED_MOVE=0.000699 ATTEMPT=0 SUCCESS=0 TERMINATED=0 TRUNCATED=0
DAY4_MOTION_DONE=1 ELAPSED_SIM=1.200 INITIAL_ERR=0.00588 FINAL_ERR=0.00009 ARM_V=0.00098
DAY4_STEP=1 EPISODE=013 STEP=15 DIST=0.030487 YAW_ERR_DEG=2.457 REQUESTED_MOVE=0.000710 EXECUTED_MOVE=0.000699 ATTEMPT=0 SUCCESS=0 TERMINATED=0 TRUNCATED=0
DAY4_MOTION_DONE=1 ELAPSED_SIM=1.200 INITIAL_ERR=0.00586 FINAL_ERR=0.00009 ARM_V=0.00097
DAY4_STEP=1 EPISODE=013 STEP=16 DIST=0.030937 YAW_ERR_DEG=2.638 REQUESTED_MOVE=0.000710 EXECUTED_MOVE=0.000700 ATTEMPT=0 SUCCESS=0 TERMINATED=0 TRUNCATED=0
DAY4_MOTION_DONE=1 ELAPSED_SIM=1.200 INITIAL_ERR=0.00582 FINAL_ERR=0.00010 ARM_V=0.00108
DAY4_STEP=1 EPISODE=013 STEP=17 DIST=0.031396 YAW_ERR_DEG=2.821 REQUESTED_MOVE=0.000711 EXECUTED_MOVE=0.000699 ATTEMPT=0 SUCCESS=0 TERMINATED=0 TRUNCATED=0
DAY4_MOTION_DONE=1 ELAPSED_SIM=1.200 INITIAL_ERR=0.00580 FINAL_ERR=0.00010 ARM_V=0.00107
DAY4_STEP=1 EPISODE=013 STEP=18 DIST=0.031861 YAW_ERR_DEG=3.006 REQUESTED_MOVE=0.000711 EXECUTED_MOVE=0.000700 ATTEMPT=0 SUCCESS=0 TERMINATED=0 TRUNCATED=0
DAY4_MOTION_DONE=1 ELAPSED_SIM=1.200 INITIAL_ERR=0.00578 FINAL_ERR=0.00010 ARM_V=0.00107
DAY4_STEP=1 EPISODE=013 STEP=19 DIST=0.032335 YAW_ERR_DEG=3.193 REQUESTED_MOVE=0.000712 EXECUTED_MOVE=0.000700 ATTEMPT=0 SUCCESS=0 TERMINATED=0 TRUNCATED=0
DAY4_MOTION_DONE=1 ELAPSED_SIM=1.200 INITIAL_ERR=0.00576 FINAL_ERR=0.00009 ARM_V=0.00096
DAY4_STEP=1 EPISODE=013 STEP=20 DIST=0.032817 YAW_ERR_DEG=3.383 REQUESTED_MOVE=0.000713 EXECUTED_MOVE=0.000702 ATTEMPT=0 SUCCESS=0 TERMINATED=0 TRUNCATED=1
DAY4_RESET_GRIPPER=OPEN ANGLE_RAD=1.291175 EFFORT_NM=0.544460
DAY4_RESET_GRIPPER=AFTER_INITIAL_MOVE ANGLE_RAD=1.301976 EFFORT_NM=0.532418
TRIAL=014 VISUAL_CENTER=[0.150364950299263, 0.04493053490296006, 0.015183475894371953] SURFACE=[0.150364950299263, 0.04493053490296006, 0.030183475894371953] CONTOUR_DEG=0.11 AXIS_STD_DEG=0.02 FOOTPRINT=[0.030014957301318645, 0.030014957301318645] CONFIDENCE=0.9896
TRIAL=014 SELECTED_CONTOUR_ORIENTATION=+90.11deg TILT=0.0 LEAN=-1 SYMMETRY=1 IK_FK_POS_ERROR=0.000000m IK_FK_ORIENTATION_ERROR=0.000000rad FINGER_FK_LIFT=0.080000m FINGER_FK_DRIFT=0.000000m JOINT_MOTION=2.076222rad
DAY4_MOTION_DONE=1 ELAPSED_SIM=1.202 INITIAL_ERR=0.00866 FINAL_ERR=0.00014 ARM_V=0.00160
DAY4_STEP=1 EPISODE=014 STEP=01 DIST=0.025225 YAW_ERR_DEG=0.334 REQUESTED_MOVE=0.000789 EXECUTED_MOVE=0.000775 ATTEMPT=0 SUCCESS=0 TERMINATED=0 TRUNCATED=0
DAY4_MOTION_DONE=1 ELAPSED_SIM=1.200 INITIAL_ERR=0.00872 FINAL_ERR=0.00014 ARM_V=0.00161
DAY4_STEP=1 EPISODE=014 STEP=02 DIST=0.025469 YAW_ERR_DEG=0.671 REQUESTED_MOVE=0.000789 EXECUTED_MOVE=0.000776 ATTEMPT=0 SUCCESS=0 TERMINATED=0 TRUNCATED=0
DAY4_MOTION_DONE=1 ELAPSED_SIM=1.200 INITIAL_ERR=0.00883 FINAL_ERR=0.00015 ARM_V=0.00163
DAY4_STEP=1 EPISODE=014 STEP=03 DIST=0.025733 YAW_ERR_DEG=1.011 REQUESTED_MOVE=0.000790 EXECUTED_MOVE=0.000777 ATTEMPT=0 SUCCESS=0 TERMINATED=0 TRUNCATED=0
DAY4_MOTION_DONE=1 ELAPSED_SIM=1.202 INITIAL_ERR=0.00889 FINAL_ERR=0.00016 ARM_V=0.00182
DAY4_STEP=1 EPISODE=014 STEP=04 DIST=0.026017 YAW_ERR_DEG=1.354 REQUESTED_MOVE=0.000791 EXECUTED_MOVE=0.000776 ATTEMPT=0 SUCCESS=0 TERMINATED=0 TRUNCATED=0
DAY4_MOTION_DONE=1 ELAPSED_SIM=1.200 INITIAL_ERR=0.00898 FINAL_ERR=0.00017 ARM_V=0.00184
DAY4_STEP=1 EPISODE=014 STEP=05 DIST=0.026319 YAW_ERR_DEG=1.700 REQUESTED_MOVE=0.000791 EXECUTED_MOVE=0.000777 ATTEMPT=0 SUCCESS=0 TERMINATED=0 TRUNCATED=0
DAY4_MOTION_DONE=1 ELAPSED_SIM=1.200 INITIAL_ERR=0.00906 FINAL_ERR=0.00017 ARM_V=0.00186
DAY4_STEP=1 EPISODE=014 STEP=06 DIST=0.026640 YAW_ERR_DEG=2.050 REQUESTED_MOVE=0.000791 EXECUTED_MOVE=0.000777 ATTEMPT=0 SUCCESS=0 TERMINATED=0 TRUNCATED=0
DAY4_MOTION_DONE=1 ELAPSED_SIM=1.200 INITIAL_ERR=0.00918 FINAL_ERR=0.00015 ARM_V=0.00170
DAY4_STEP=1 EPISODE=014 STEP=07 DIST=0.026978 YAW_ERR_DEG=2.403 REQUESTED_MOVE=0.000792 EXECUTED_MOVE=0.000779 ATTEMPT=0 SUCCESS=0 TERMINATED=0 TRUNCATED=0
DAY4_MOTION_DONE=1 ELAPSED_SIM=1.200 INITIAL_ERR=0.00929 FINAL_ERR=0.00014 ARM_V=0.00154
DAY4_STEP=1 EPISODE=014 STEP=08 DIST=0.027333 YAW_ERR_DEG=2.760 REQUESTED_MOVE=0.000792 EXECUTED_MOVE=0.000780 ATTEMPT=0 SUCCESS=0 TERMINATED=0 TRUNCATED=0
DAY4_MOTION_DONE=1 ELAPSED_SIM=1.200 INITIAL_ERR=0.00939 FINAL_ERR=0.00016 ARM_V=0.00173
DAY4_STEP=1 EPISODE=014 STEP=09 DIST=0.027705 YAW_ERR_DEG=3.121 REQUESTED_MOVE=0.000792 EXECUTED_MOVE=0.000779 ATTEMPT=0 SUCCESS=0 TERMINATED=0 TRUNCATED=0
DAY4_MOTION_DONE=1 ELAPSED_SIM=1.200 INITIAL_ERR=0.00948 FINAL_ERR=0.00018 ARM_V=0.00194
DAY4_STEP=1 EPISODE=014 STEP=10 DIST=0.028092 YAW_ERR_DEG=3.485 REQUESTED_MOVE=0.000793 EXECUTED_MOVE=0.000778 ATTEMPT=0 SUCCESS=0 TERMINATED=0 TRUNCATED=0
DAY4_MOTION_DONE=1 ELAPSED_SIM=1.200 INITIAL_ERR=0.00960 FINAL_ERR=0.00014 ARM_V=0.00160
DAY4_STEP=1 EPISODE=014 STEP=11 DIST=0.028495 YAW_ERR_DEG=3.854 REQUESTED_MOVE=0.000793 EXECUTED_MOVE=0.000781 ATTEMPT=0 SUCCESS=0 TERMINATED=0 TRUNCATED=0
DAY4_MOTION_DONE=1 ELAPSED_SIM=1.200 INITIAL_ERR=0.00969 FINAL_ERR=0.00016 ARM_V=0.00179
DAY4_STEP=1 EPISODE=014 STEP=12 DIST=0.028912 YAW_ERR_DEG=4.226 REQUESTED_MOVE=0.000794 EXECUTED_MOVE=0.000780 ATTEMPT=0 SUCCESS=0 TERMINATED=0 TRUNCATED=0
DAY4_MOTION_DONE=1 ELAPSED_SIM=1.200 INITIAL_ERR=0.00980 FINAL_ERR=0.00016 ARM_V=0.00181
DAY4_STEP=1 EPISODE=014 STEP=13 DIST=0.029344 YAW_ERR_DEG=4.603 REQUESTED_MOVE=0.000794 EXECUTED_MOVE=0.000781 ATTEMPT=0 SUCCESS=0 TERMINATED=0 TRUNCATED=0
DAY4_MOTION_DONE=1 ELAPSED_SIM=1.202 INITIAL_ERR=0.00991 FINAL_ERR=0.00016 ARM_V=0.00183
DAY4_STEP=1 EPISODE=014 STEP=14 DIST=0.029788 YAW_ERR_DEG=4.982 REQUESTED_MOVE=0.000794 EXECUTED_MOVE=0.000781 ATTEMPT=0 SUCCESS=0 TERMINATED=0 TRUNCATED=0
DAY4_MOTION_DONE=1 ELAPSED_SIM=1.202 INITIAL_ERR=0.01002 FINAL_ERR=0.00017 ARM_V=0.00185
DAY4_STEP=1 EPISODE=014 STEP=15 DIST=0.030245 YAW_ERR_DEG=5.366 REQUESTED_MOVE=0.000795 EXECUTED_MOVE=0.000781 ATTEMPT=0 SUCCESS=0 TERMINATED=0 TRUNCATED=0
DAY4_MOTION_DONE=1 ELAPSED_SIM=1.200 INITIAL_ERR=0.01011 FINAL_ERR=0.00017 ARM_V=0.00187
DAY4_STEP=1 EPISODE=014 STEP=16 DIST=0.030714 YAW_ERR_DEG=5.754 REQUESTED_MOVE=0.000795 EXECUTED_MOVE=0.000782 ATTEMPT=0 SUCCESS=0 TERMINATED=0 TRUNCATED=0
DAY4_MOTION_DONE=1 ELAPSED_SIM=1.200 INITIAL_ERR=0.01024 FINAL_ERR=0.00017 ARM_V=0.00189
DAY4_STEP=1 EPISODE=014 STEP=17 DIST=0.031194 YAW_ERR_DEG=6.146 REQUESTED_MOVE=0.000795 EXECUTED_MOVE=0.000782 ATTEMPT=0 SUCCESS=0 TERMINATED=0 TRUNCATED=0
DAY4_MOTION_DONE=1 ELAPSED_SIM=1.200 INITIAL_ERR=0.01037 FINAL_ERR=0.00017 ARM_V=0.00191
DAY4_STEP=1 EPISODE=014 STEP=18 DIST=0.031687 YAW_ERR_DEG=6.543 REQUESTED_MOVE=0.000796 EXECUTED_MOVE=0.000783 ATTEMPT=0 SUCCESS=0 TERMINATED=0 TRUNCATED=0
DAY4_MOTION_DONE=1 ELAPSED_SIM=1.200 INITIAL_ERR=0.01049 FINAL_ERR=0.00017 ARM_V=0.00194
DAY4_STEP=1 EPISODE=014 STEP=19 DIST=0.032189 YAW_ERR_DEG=6.944 REQUESTED_MOVE=0.000796 EXECUTED_MOVE=0.000783 ATTEMPT=0 SUCCESS=0 TERMINATED=0 TRUNCATED=0
DAY4_MOTION_DONE=1 ELAPSED_SIM=1.200 INITIAL_ERR=0.01059 FINAL_ERR=0.00018 ARM_V=0.00196
DAY4_STEP=1 EPISODE=014 STEP=20 DIST=0.032702 YAW_ERR_DEG=7.349 REQUESTED_MOVE=0.000797 EXECUTED_MOVE=0.000783 ATTEMPT=0 SUCCESS=0 TERMINATED=0 TRUNCATED=1
DAY4_RESET_GRIPPER=OPEN ANGLE_RAD=1.291154 EFFORT_NM=0.549253
DAY4_RESET_GRIPPER=AFTER_INITIAL_MOVE ANGLE_RAD=1.303959 EFFORT_NM=0.531192
TRIAL=015 VISUAL_CENTER=[0.19232334196567535, 0.024711532634682953, 0.016181282744327917] SURFACE=[0.19232334196567535, 0.024711532634682953, 0.031181282744327916] CONTOUR_DEG=0.40 AXIS_STD_DEG=0.06 FOOTPRINT=[0.030665389262139797, 0.030665389262139797] CONFIDENCE=0.9824
TRIAL=015 SELECTED_CONTOUR_ORIENTATION=+90.40deg TILT=0.0 LEAN=+1 SYMMETRY=1 IK_FK_POS_ERROR=0.000000m IK_FK_ORIENTATION_ERROR=0.000000rad FINGER_FK_LIFT=0.080000m FINGER_FK_DRIFT=0.000000m JOINT_MOTION=2.193375rad
DAY4_MOTION_DONE=1 ELAPSED_SIM=1.200 INITIAL_ERR=0.00538 FINAL_ERR=0.00012 ARM_V=0.00137
DAY4_STEP=1 EPISODE=015 STEP=01 DIST=0.025267 YAW_ERR_DEG=0.181 REQUESTED_MOVE=0.000722 EXECUTED_MOVE=0.000706 ATTEMPT=0 SUCCESS=0 TERMINATED=0 TRUNCATED=0
DAY4_MOTION_DONE=1 ELAPSED_SIM=1.200 INITIAL_ERR=0.00535 FINAL_ERR=0.00012 ARM_V=0.00135
DAY4_STEP=1 EPISODE=015 STEP=02 DIST=0.025550 YAW_ERR_DEG=0.364 REQUESTED_MOVE=0.000722 EXECUTED_MOVE=0.000706 ATTEMPT=0 SUCCESS=0 TERMINATED=0 TRUNCATED=0
DAY4_MOTION_DONE=1 ELAPSED_SIM=1.200 INITIAL_ERR=0.00532 FINAL_ERR=0.00013 ARM_V=0.00149
DAY4_STEP=1 EPISODE=015 STEP=03 DIST=0.025846 YAW_ERR_DEG=0.548 REQUESTED_MOVE=0.000722 EXECUTED_MOVE=0.000704 ATTEMPT=0 SUCCESS=0 TERMINATED=0 TRUNCATED=0
DAY4_MOTION_DONE=1 ELAPSED_SIM=1.202 INITIAL_ERR=0.00527 FINAL_ERR=0.00013 ARM_V=0.00148
DAY4_STEP=1 EPISODE=015 STEP=04 DIST=0.026156 YAW_ERR_DEG=0.734 REQUESTED_MOVE=0.000722 EXECUTED_MOVE=0.000704 ATTEMPT=0 SUCCESS=0 TERMINATED=0 TRUNCATED=0
DAY4_MOTION_DONE=1 ELAPSED_SIM=1.200 INITIAL_ERR=0.00525 FINAL_ERR=0.00013 ARM_V=0.00147
DAY4_STEP=1 EPISODE=015 STEP=05 DIST=0.026480 YAW_ERR_DEG=0.921 REQUESTED_MOVE=0.000722 EXECUTED_MOVE=0.000704 ATTEMPT=0 SUCCESS=0 TERMINATED=0 TRUNCATED=0
DAY4_MOTION_DONE=1 ELAPSED_SIM=1.202 INITIAL_ERR=0.00522 FINAL_ERR=0.00013 ARM_V=0.00146
DAY4_STEP=1 EPISODE=015 STEP=06 DIST=0.026818 YAW_ERR_DEG=1.111 REQUESTED_MOVE=0.000722 EXECUTED_MOVE=0.000704 ATTEMPT=0 SUCCESS=0 TERMINATED=0 TRUNCATED=0
DAY4_MOTION_DONE=1 ELAPSED_SIM=1.200 INITIAL_ERR=0.00521 FINAL_ERR=0.00012 ARM_V=0.00131
DAY4_STEP=1 EPISODE=015 STEP=07 DIST=0.027170 YAW_ERR_DEG=1.303 REQUESTED_MOVE=0.000723 EXECUTED_MOVE=0.000707 ATTEMPT=0 SUCCESS=0 TERMINATED=0 TRUNCATED=0
DAY4_MOTION_DONE=1 ELAPSED_SIM=1.202 INITIAL_ERR=0.00521 FINAL_ERR=0.00012 ARM_V=0.00131
DAY4_STEP=1 EPISODE=015 STEP=08 DIST=0.027534 YAW_ERR_DEG=1.497 REQUESTED_MOVE=0.000724 EXECUTED_MOVE=0.000707 ATTEMPT=0 SUCCESS=0 TERMINATED=0 TRUNCATED=0
DAY4_MOTION_DONE=1 ELAPSED_SIM=1.200 INITIAL_ERR=0.00519 FINAL_ERR=0.00012 ARM_V=0.00131
DAY4_STEP=1 EPISODE=015 STEP=09 DIST=0.027912 YAW_ERR_DEG=1.694 REQUESTED_MOVE=0.000724 EXECUTED_MOVE=0.000708 ATTEMPT=0 SUCCESS=0 TERMINATED=0 TRUNCATED=0
DAY4_MOTION_DONE=1 ELAPSED_SIM=1.202 INITIAL_ERR=0.00517 FINAL_ERR=0.00012 ARM_V=0.00130
DAY4_STEP=1 EPISODE=015 STEP=10 DIST=0.028301 YAW_ERR_DEG=1.892 REQUESTED_MOVE=0.000725 EXECUTED_MOVE=0.000709 ATTEMPT=0 SUCCESS=0 TERMINATED=0 TRUNCATED=0
DAY4_MOTION_DONE=1 ELAPSED_SIM=1.200 INITIAL_ERR=0.00512 FINAL_ERR=0.00012 ARM_V=0.00129
DAY4_STEP=1 EPISODE=015 STEP=11 DIST=0.028701 YAW_ERR_DEG=2.093 REQUESTED_MOVE=0.000726 EXECUTED_MOVE=0.000709 ATTEMPT=0 SUCCESS=0 TERMINATED=0 TRUNCATED=0
DAY4_MOTION_DONE=1 ELAPSED_SIM=1.200 INITIAL_ERR=0.00515 FINAL_ERR=0.00012 ARM_V=0.00130
DAY4_STEP=1 EPISODE=015 STEP=12 DIST=0.029112 YAW_ERR_DEG=2.296 REQUESTED_MOVE=0.000727 EXECUTED_MOVE=0.000710 ATTEMPT=0 SUCCESS=0 TERMINATED=0 TRUNCATED=0
DAY4_MOTION_DONE=1 ELAPSED_SIM=1.200 INITIAL_ERR=0.00521 FINAL_ERR=0.00012 ARM_V=0.00131
DAY4_STEP=1 EPISODE=015 STEP=13 DIST=0.029534 YAW_ERR_DEG=2.500 REQUESTED_MOVE=0.000727 EXECUTED_MOVE=0.000711 ATTEMPT=0 SUCCESS=0 TERMINATED=0 TRUNCATED=0
DAY4_MOTION_DONE=1 ELAPSED_SIM=1.200 INITIAL_ERR=0.00525 FINAL_ERR=0.00012 ARM_V=0.00133
DAY4_STEP=1 EPISODE=015 STEP=14 DIST=0.029966 YAW_ERR_DEG=2.707 REQUESTED_MOVE=0.000728 EXECUTED_MOVE=0.000712 ATTEMPT=0 SUCCESS=0 TERMINATED=0 TRUNCATED=0
DAY4_MOTION_DONE=1 ELAPSED_SIM=1.200 INITIAL_ERR=0.00532 FINAL_ERR=0.00012 ARM_V=0.00134
DAY4_STEP=1 EPISODE=015 STEP=15 DIST=0.030408 YAW_ERR_DEG=2.917 REQUESTED_MOVE=0.000729 EXECUTED_MOVE=0.000712 ATTEMPT=0 SUCCESS=0 TERMINATED=0 TRUNCATED=0
DAY4_MOTION_DONE=1 ELAPSED_SIM=1.202 INITIAL_ERR=0.00538 FINAL_ERR=0.00012 ARM_V=0.00135
DAY4_STEP=1 EPISODE=015 STEP=16 DIST=0.030859 YAW_ERR_DEG=3.128 REQUESTED_MOVE=0.000730 EXECUTED_MOVE=0.000713 ATTEMPT=0 SUCCESS=0 TERMINATED=0 TRUNCATED=0
DAY4_MOTION_DONE=1 ELAPSED_SIM=1.202 INITIAL_ERR=0.00543 FINAL_ERR=0.00012 ARM_V=0.00137
DAY4_STEP=1 EPISODE=015 STEP=17 DIST=0.031320 YAW_ERR_DEG=3.342 REQUESTED_MOVE=0.000730 EXECUTED_MOVE=0.000714 ATTEMPT=0 SUCCESS=0 TERMINATED=0 TRUNCATED=0
DAY4_MOTION_DONE=1 ELAPSED_SIM=1.200 INITIAL_ERR=0.00549 FINAL_ERR=0.00012 ARM_V=0.00138
DAY4_STEP=1 EPISODE=015 STEP=18 DIST=0.031789 YAW_ERR_DEG=3.558 REQUESTED_MOVE=0.000731 EXECUTED_MOVE=0.000715 ATTEMPT=0 SUCCESS=0 TERMINATED=0 TRUNCATED=0
DAY4_MOTION_DONE=1 ELAPSED_SIM=1.200 INITIAL_ERR=0.00555 FINAL_ERR=0.00013 ARM_V=0.00140
DAY4_STEP=1 EPISODE=015 STEP=19 DIST=0.032267 YAW_ERR_DEG=3.776 REQUESTED_MOVE=0.000732 EXECUTED_MOVE=0.000716 ATTEMPT=0 SUCCESS=0 TERMINATED=0 TRUNCATED=0
DAY4_MOTION_DONE=1 ELAPSED_SIM=1.200 INITIAL_ERR=0.00560 FINAL_ERR=0.00013 ARM_V=0.00141
DAY4_STEP=1 EPISODE=015 STEP=20 DIST=0.032752 YAW_ERR_DEG=3.996 REQUESTED_MOVE=0.000733 EXECUTED_MOVE=0.000716 ATTEMPT=0 SUCCESS=0 TERMINATED=0 TRUNCATED=1
DAY4_RESET_GRIPPER=OPEN ANGLE_RAD=1.291189 EFFORT_NM=0.546481
DAY4_RESET_GRIPPER=AFTER_INITIAL_MOVE ANGLE_RAD=1.302622 EFFORT_NM=0.532656
TRIAL=016 VISUAL_CENTER=[0.2352023869752884, -0.07817840576171875, 0.020165423113352475] SURFACE=[0.2352023869752884, -0.07817840576171875, 0.035165423113352474] CONTOUR_DEG=-0.08 AXIS_STD_DEG=0.08 FOOTPRINT=[0.02967438567429781, 0.02967438567429781] CONFIDENCE=0.9805
TRIAL=016 SELECTED_CONTOUR_ORIENTATION=+89.92deg TILT=0.0 LEAN=-1 SYMMETRY=1 IK_FK_POS_ERROR=0.000016m IK_FK_ORIENTATION_ERROR=0.000000rad FINGER_FK_LIFT=0.080000m FINGER_FK_DRIFT=0.000000m JOINT_MOTION=3.532429rad
DAY4_MOTION_DONE=1 ELAPSED_SIM=1.200 INITIAL_ERR=0.02469 FINAL_ERR=0.00046 ARM_V=0.00508
DAY4_STEP=1 EPISODE=016 STEP=01 DIST=0.025223 YAW_ERR_DEG=0.134 REQUESTED_MOVE=0.000671 EXECUTED_MOVE=0.000658 ATTEMPT=0 SUCCESS=0 TERMINATED=0 TRUNCATED=0
DAY4_MOTION_DONE=1 ELAPSED_SIM=1.202 INITIAL_ERR=0.02278 FINAL_ERR=0.00034 ARM_V=0.00379
DAY4_STEP=1 EPISODE=016 STEP=02 DIST=0.025469 YAW_ERR_DEG=0.267 REQUESTED_MOVE=0.000674 EXECUTED_MOVE=0.000664 ATTEMPT=0 SUCCESS=0 TERMINATED=0 TRUNCATED=0
DAY4_MOTION_DONE=1 ELAPSED_SIM=1.200 INITIAL_ERR=0.02128 FINAL_ERR=0.00032 ARM_V=0.00354
DAY4_STEP=1 EPISODE=016 STEP=03 DIST=0.025735 YAW_ERR_DEG=0.399 REQUESTED_MOVE=0.000677 EXECUTED_MOVE=0.000667 ATTEMPT=0 SUCCESS=0 TERMINATED=0 TRUNCATED=0
DAY4_MOTION_DONE=1 ELAPSED_SIM=1.200 INITIAL_ERR=0.02004 FINAL_ERR=0.00030 ARM_V=0.00333
DAY4_STEP=1 EPISODE=016 STEP=04 DIST=0.026021 YAW_ERR_DEG=0.531 REQUESTED_MOVE=0.000680 EXECUTED_MOVE=0.000669 ATTEMPT=0 SUCCESS=0 TERMINATED=0 TRUNCATED=0
DAY4_MOTION_DONE=1 ELAPSED_SIM=1.200 INITIAL_ERR=0.01896 FINAL_ERR=0.00032 ARM_V=0.00351
DAY4_STEP=1 EPISODE=016 STEP=05 DIST=0.026325 YAW_ERR_DEG=0.663 REQUESTED_MOVE=0.000682 EXECUTED_MOVE=0.000671 ATTEMPT=0 SUCCESS=0 TERMINATED=0 TRUNCATED=0
DAY4_MOTION_DONE=1 ELAPSED_SIM=1.200 INITIAL_ERR=0.01809 FINAL_ERR=0.00030 ARM_V=0.00334
DAY4_STEP=1 EPISODE=016 STEP=06 DIST=0.026648 YAW_ERR_DEG=0.794 REQUESTED_MOVE=0.000685 EXECUTED_MOVE=0.000673 ATTEMPT=0 SUCCESS=0 TERMINATED=0 TRUNCATED=0
DAY4_MOTION_DONE=1 ELAPSED_SIM=1.200 INITIAL_ERR=0.01726 FINAL_ERR=0.00029 ARM_V=0.00319
DAY4_STEP=1 EPISODE=016 STEP=07 DIST=0.026987 YAW_ERR_DEG=0.925 REQUESTED_MOVE=0.000687 EXECUTED_MOVE=0.000675 ATTEMPT=0 SUCCESS=0 TERMINATED=0 TRUNCATED=0
DAY4_MOTION_DONE=1 ELAPSED_SIM=1.200 INITIAL_ERR=0.01655 FINAL_ERR=0.00034 ARM_V=0.00377
DAY4_STEP=1 EPISODE=016 STEP=08 DIST=0.027342 YAW_ERR_DEG=1.055 REQUESTED_MOVE=0.000689 EXECUTED_MOVE=0.000675 ATTEMPT=0 SUCCESS=0 TERMINATED=0 TRUNCATED=0
DAY4_MOTION_DONE=1 ELAPSED_SIM=1.200 INITIAL_ERR=0.01592 FINAL_ERR=0.00026 ARM_V=0.00294
DAY4_STEP=1 EPISODE=016 STEP=09 DIST=0.027715 YAW_ERR_DEG=1.186 REQUESTED_MOVE=0.000691 EXECUTED_MOVE=0.000680 ATTEMPT=0 SUCCESS=0 TERMINATED=0 TRUNCATED=0
DAY4_MOTION_DONE=1 ELAPSED_SIM=1.200 INITIAL_ERR=0.01538 FINAL_ERR=0.00026 ARM_V=0.00284
DAY4_STEP=1 EPISODE=016 STEP=10 DIST=0.028104 YAW_ERR_DEG=1.316 REQUESTED_MOVE=0.000693 EXECUTED_MOVE=0.000682 ATTEMPT=0 SUCCESS=0 TERMINATED=0 TRUNCATED=0
DAY4_MOTION_DONE=1 ELAPSED_SIM=1.200 INITIAL_ERR=0.01486 FINAL_ERR=0.00027 ARM_V=0.00305
DAY4_STEP=1 EPISODE=016 STEP=11 DIST=0.028507 YAW_ERR_DEG=1.446 REQUESTED_MOVE=0.000695 EXECUTED_MOVE=0.000682 ATTEMPT=0 SUCCESS=0 TERMINATED=0 TRUNCATED=0
DAY4_MOTION_DONE=1 ELAPSED_SIM=1.200 INITIAL_ERR=0.01440 FINAL_ERR=0.00024 ARM_V=0.00266
DAY4_STEP=1 EPISODE=016 STEP=12 DIST=0.028923 YAW_ERR_DEG=1.575 REQUESTED_MOVE=0.000697 EXECUTED_MOVE=0.000685 ATTEMPT=0 SUCCESS=0 TERMINATED=0 TRUNCATED=0
DAY4_MOTION_DONE=1 ELAPSED_SIM=1.200 INITIAL_ERR=0.01397 FINAL_ERR=0.00021 ARM_V=0.00232
DAY4_STEP=1 EPISODE=016 STEP=13 DIST=0.029354 YAW_ERR_DEG=1.705 REQUESTED_MOVE=0.000699 EXECUTED_MOVE=0.000688 ATTEMPT=0 SUCCESS=0 TERMINATED=0 TRUNCATED=0
DAY4_MOTION_DONE=1 ELAPSED_SIM=1.200 INITIAL_ERR=0.01357 FINAL_ERR=0.00020 ARM_V=0.00226
DAY4_STEP=1 EPISODE=016 STEP=14 DIST=0.029798 YAW_ERR_DEG=1.834 REQUESTED_MOVE=0.000701 EXECUTED_MOVE=0.000690 ATTEMPT=0 SUCCESS=0 TERMINATED=0 TRUNCATED=0
DAY4_MOTION_DONE=1 ELAPSED_SIM=1.200 INITIAL_ERR=0.01318 FINAL_ERR=0.00022 ARM_V=0.00244
DAY4_STEP=1 EPISODE=016 STEP=15 DIST=0.030254 YAW_ERR_DEG=1.962 REQUESTED_MOVE=0.000702 EXECUTED_MOVE=0.000691 ATTEMPT=0 SUCCESS=0 TERMINATED=0 TRUNCATED=0
DAY4_MOTION_DONE=1 ELAPSED_SIM=1.200 INITIAL_ERR=0.01285 FINAL_ERR=0.00024 ARM_V=0.00263
DAY4_STEP=1 EPISODE=016 STEP=16 DIST=0.030720 YAW_ERR_DEG=2.090 REQUESTED_MOVE=0.000704 EXECUTED_MOVE=0.000691 ATTEMPT=0 SUCCESS=0 TERMINATED=0 TRUNCATED=0
DAY4_MOTION_DONE=1 ELAPSED_SIM=1.200 INITIAL_ERR=0.01254 FINAL_ERR=0.00019 ARM_V=0.00209
DAY4_STEP=1 EPISODE=016 STEP=17 DIST=0.031199 YAW_ERR_DEG=2.217 REQUESTED_MOVE=0.000706 EXECUTED_MOVE=0.000695 ATTEMPT=0 SUCCESS=0 TERMINATED=0 TRUNCATED=0
DAY4_MOTION_DONE=1 ELAPSED_SIM=1.200 INITIAL_ERR=0.01226 FINAL_ERR=0.00018 ARM_V=0.00204
DAY4_STEP=1 EPISODE=016 STEP=18 DIST=0.031689 YAW_ERR_DEG=2.343 REQUESTED_MOVE=0.000708 EXECUTED_MOVE=0.000697 ATTEMPT=0 SUCCESS=0 TERMINATED=0 TRUNCATED=0
DAY4_MOTION_DONE=1 ELAPSED_SIM=1.200 INITIAL_ERR=0.01199 FINAL_ERR=0.00018 ARM_V=0.00200
DAY4_STEP=1 EPISODE=016 STEP=19 DIST=0.032189 YAW_ERR_DEG=2.469 REQUESTED_MOVE=0.000710 EXECUTED_MOVE=0.000699 ATTEMPT=0 SUCCESS=0 TERMINATED=0 TRUNCATED=0
DAY4_MOTION_DONE=1 ELAPSED_SIM=1.200 INITIAL_ERR=0.01173 FINAL_ERR=0.00018 ARM_V=0.00195
DAY4_STEP=1 EPISODE=016 STEP=20 DIST=0.032699 YAW_ERR_DEG=2.593 REQUESTED_MOVE=0.000711 EXECUTED_MOVE=0.000701 ATTEMPT=0 SUCCESS=0 TERMINATED=0 TRUNCATED=1
DAY4_RESET_GRIPPER=OPEN ANGLE_RAD=1.291211 EFFORT_NM=0.580549
DAY4_RESET_GRIPPER=AFTER_INITIAL_MOVE ANGLE_RAD=1.310742 EFFORT_NM=0.535505
TRIAL=017 PHASE=OPEN_GRIPPER
TRIAL=017 PHASE=RETURN_OBSERVATION
DAY4_RESET_GRIPPER=OPEN ANGLE_RAD=1.291236 EFFORT_NM=0.534064
DAY4_RESET_GRIPPER=AFTER_INITIAL_MOVE ANGLE_RAD=1.298064 EFFORT_NM=0.531539
TRIAL=018 VISUAL_CENTER=[0.20940659195184708, -0.04697823524475098, 0.014953152335489536] SURFACE=[0.20940659195184708, -0.04697823524475098, 0.029953152335489536] CONTOUR_DEG=0.27 AXIS_STD_DEG=0.11 FOOTPRINT=[0.031244364567101002, 0.031244364567101002] CONFIDENCE=0.9699
TRIAL=018 SELECTED_CONTOUR_ORIENTATION=+90.27deg TILT=0.0 LEAN=-1 SYMMETRY=1 IK_FK_POS_ERROR=0.000000m IK_FK_ORIENTATION_ERROR=0.000000rad FINGER_FK_LIFT=0.080000m FINGER_FK_DRIFT=0.000000m JOINT_MOTION=2.690038rad
DAY4_MOTION_DONE=1 ELAPSED_SIM=1.200 INITIAL_ERR=0.00693 FINAL_ERR=0.00012 ARM_V=0.00128
DAY4_STEP=1 EPISODE=018 STEP=01 DIST=0.025364 YAW_ERR_DEG=0.042 REQUESTED_MOVE=0.000760 EXECUTED_MOVE=0.000747 ATTEMPT=0 SUCCESS=0 TERMINATED=0 TRUNCATED=0
DAY4_MOTION_DONE=1 ELAPSED_SIM=1.202 INITIAL_ERR=0.00682 FINAL_ERR=0.00010 ARM_V=0.00114
DAY4_STEP=1 EPISODE=018 STEP=02 DIST=0.025747 YAW_ERR_DEG=0.084 REQUESTED_MOVE=0.000760 EXECUTED_MOVE=0.000749 ATTEMPT=0 SUCCESS=0 TERMINATED=0 TRUNCATED=0
DAY4_MOTION_DONE=1 ELAPSED_SIM=1.200 INITIAL_ERR=0.00676 FINAL_ERR=0.00009 ARM_V=0.00101
DAY4_STEP=1 EPISODE=018 STEP=03 DIST=0.026147 YAW_ERR_DEG=0.126 REQUESTED_MOVE=0.000760 EXECUTED_MOVE=0.000750 ATTEMPT=0 SUCCESS=0 TERMINATED=0 TRUNCATED=0
DAY4_MOTION_DONE=1 ELAPSED_SIM=1.200 INITIAL_ERR=0.00670 FINAL_ERR=0.00010 ARM_V=0.00112
DAY4_STEP=1 EPISODE=018 STEP=04 DIST=0.026564 YAW_ERR_DEG=0.167 REQUESTED_MOVE=0.000761 EXECUTED_MOVE=0.000749 ATTEMPT=0 SUCCESS=0 TERMINATED=0 TRUNCATED=0
DAY4_MOTION_DONE=1 ELAPSED_SIM=1.202 INITIAL_ERR=0.00663 FINAL_ERR=0.00009 ARM_V=0.00099
DAY4_STEP=1 EPISODE=018 STEP=05 DIST=0.026995 YAW_ERR_DEG=0.207 REQUESTED_MOVE=0.000761 EXECUTED_MOVE=0.000751 ATTEMPT=0 SUCCESS=0 TERMINATED=0 TRUNCATED=0
DAY4_MOTION_DONE=1 ELAPSED_SIM=1.200 INITIAL_ERR=0.00655 FINAL_ERR=0.00010 ARM_V=0.00109
DAY4_STEP=1 EPISODE=018 STEP=06 DIST=0.027442 YAW_ERR_DEG=0.247 REQUESTED_MOVE=0.000762 EXECUTED_MOVE=0.000750 ATTEMPT=0 SUCCESS=0 TERMINATED=0 TRUNCATED=0
DAY4_MOTION_DONE=1 ELAPSED_SIM=1.200 INITIAL_ERR=0.00649 FINAL_ERR=0.00009 ARM_V=0.00097
DAY4_STEP=1 EPISODE=018 STEP=07 DIST=0.027903 YAW_ERR_DEG=0.287 REQUESTED_MOVE=0.000762 EXECUTED_MOVE=0.000752 ATTEMPT=0 SUCCESS=0 TERMINATED=0 TRUNCATED=0
DAY4_MOTION_DONE=1 ELAPSED_SIM=1.200 INITIAL_ERR=0.00643 FINAL_ERR=0.00009 ARM_V=0.00096
DAY4_STEP=1 EPISODE=018 STEP=08 DIST=0.028377 YAW_ERR_DEG=0.326 REQUESTED_MOVE=0.000762 EXECUTED_MOVE=0.000752 ATTEMPT=0 SUCCESS=0 TERMINATED=0 TRUNCATED=0
DAY4_MOTION_DONE=1 ELAPSED_SIM=1.200 INITIAL_ERR=0.00636 FINAL_ERR=0.00010 ARM_V=0.00106
DAY4_STEP=1 EPISODE=018 STEP=09 DIST=0.028865 YAW_ERR_DEG=0.364 REQUESTED_MOVE=0.000763 EXECUTED_MOVE=0.000751 ATTEMPT=0 SUCCESS=0 TERMINATED=0 TRUNCATED=0
DAY4_MOTION_DONE=1 ELAPSED_SIM=1.200 INITIAL_ERR=0.00631 FINAL_ERR=0.00009 ARM_V=0.00105
DAY4_STEP=1 EPISODE=018 STEP=10 DIST=0.029363 YAW_ERR_DEG=0.402 REQUESTED_MOVE=0.000763 EXECUTED_MOVE=0.000752 ATTEMPT=0 SUCCESS=0 TERMINATED=0 TRUNCATED=0
DAY4_MOTION_DONE=1 ELAPSED_SIM=1.200 INITIAL_ERR=0.00623 FINAL_ERR=0.00010 ARM_V=0.00115
DAY4_STEP=1 EPISODE=018 STEP=11 DIST=0.029873 YAW_ERR_DEG=0.440 REQUESTED_MOVE=0.000764 EXECUTED_MOVE=0.000751 ATTEMPT=0 SUCCESS=0 TERMINATED=0 TRUNCATED=0
DAY4_MOTION_DONE=1 ELAPSED_SIM=1.202 INITIAL_ERR=0.00617 FINAL_ERR=0.00010 ARM_V=0.00114
DAY4_STEP=1 EPISODE=018 STEP=12 DIST=0.030394 YAW_ERR_DEG=0.477 REQUESTED_MOVE=0.000764 EXECUTED_MOVE=0.000751 ATTEMPT=0 SUCCESS=0 TERMINATED=0 TRUNCATED=0
DAY4_MOTION_DONE=1 ELAPSED_SIM=1.200 INITIAL_ERR=0.00611 FINAL_ERR=0.00009 ARM_V=0.00102
DAY4_STEP=1 EPISODE=018 STEP=13 DIST=0.030927 YAW_ERR_DEG=0.513 REQUESTED_MOVE=0.000764 EXECUTED_MOVE=0.000753 ATTEMPT=0 SUCCESS=0 TERMINATED=0 TRUNCATED=0
DAY4_MOTION_DONE=1 ELAPSED_SIM=1.202 INITIAL_ERR=0.00605 FINAL_ERR=0.00008 ARM_V=0.00091
DAY4_STEP=1 EPISODE=018 STEP=14 DIST=0.031469 YAW_ERR_DEG=0.549 REQUESTED_MOVE=0.000765 EXECUTED_MOVE=0.000755 ATTEMPT=0 SUCCESS=0 TERMINATED=0 TRUNCATED=0
DAY4_MOTION_DONE=1 ELAPSED_SIM=1.202 INITIAL_ERR=0.00599 FINAL_ERR=0.00010 ARM_V=0.00111
DAY4_STEP=1 EPISODE=018 STEP=15 DIST=0.032020 YAW_ERR_DEG=0.584 REQUESTED_MOVE=0.000765 EXECUTED_MOVE=0.000753 ATTEMPT=0 SUCCESS=0 TERMINATED=0 TRUNCATED=0
DAY4_MOTION_DONE=1 ELAPSED_SIM=1.200 INITIAL_ERR=0.00593 FINAL_ERR=0.00008 ARM_V=0.00089
DAY4_STEP=1 EPISODE=018 STEP=16 DIST=0.032581 YAW_ERR_DEG=0.619 REQUESTED_MOVE=0.000766 EXECUTED_MOVE=0.000755 ATTEMPT=0 SUCCESS=0 TERMINATED=0 TRUNCATED=0
DAY4_MOTION_DONE=1 ELAPSED_SIM=1.200 INITIAL_ERR=0.00587 FINAL_ERR=0.00008 ARM_V=0.00088
DAY4_STEP=1 EPISODE=018 STEP=17 DIST=0.033150 YAW_ERR_DEG=0.654 REQUESTED_MOVE=0.000766 EXECUTED_MOVE=0.000756 ATTEMPT=0 SUCCESS=0 TERMINATED=0 TRUNCATED=0
DAY4_MOTION_DONE=1 ELAPSED_SIM=1.200 INITIAL_ERR=0.00582 FINAL_ERR=0.00010 ARM_V=0.00108
DAY4_STEP=1 EPISODE=018 STEP=18 DIST=0.033727 YAW_ERR_DEG=0.687 REQUESTED_MOVE=0.000766 EXECUTED_MOVE=0.000754 ATTEMPT=0 SUCCESS=0 TERMINATED=0 TRUNCATED=0
DAY4_MOTION_DONE=1 ELAPSED_SIM=1.200 INITIAL_ERR=0.00576 FINAL_ERR=0.00009 ARM_V=0.00096
DAY4_STEP=1 EPISODE=018 STEP=19 DIST=0.034312 YAW_ERR_DEG=0.720 REQUESTED_MOVE=0.000767 EXECUTED_MOVE=0.000755 ATTEMPT=0 SUCCESS=0 TERMINATED=0 TRUNCATED=0
DAY4_MOTION_DONE=1 ELAPSED_SIM=1.200 INITIAL_ERR=0.00570 FINAL_ERR=0.00009 ARM_V=0.00105
DAY4_STEP=1 EPISODE=018 STEP=20 DIST=0.034903 YAW_ERR_DEG=0.753 REQUESTED_MOVE=0.000767 EXECUTED_MOVE=0.000754 ATTEMPT=0 SUCCESS=0 TERMINATED=0 TRUNCATED=1
DAY4_RESET_GRIPPER=OPEN ANGLE_RAD=1.291213 EFFORT_NM=0.564745
DAY4_RESET_GRIPPER=AFTER_INITIAL_MOVE ANGLE_RAD=1.307090 EFFORT_NM=0.534726
TRIAL=019 VISUAL_CENTER=[0.19107575714588165, -0.02383310452569276, 0.014070066308239586] SURFACE=[0.19107575714588165, -0.02383310452569276, 0.029070066308239585] CONTOUR_DEG=0.78 AXIS_STD_DEG=0.12 FOOTPRINT=[0.03000496421009302, 0.03000496421009302] CONFIDENCE=0.9810
TRIAL=019 SELECTED_CONTOUR_ORIENTATION=+90.78deg TILT=0.0 LEAN=-1 SYMMETRY=1 IK_FK_POS_ERROR=0.000000m IK_FK_ORIENTATION_ERROR=0.000000rad FINGER_FK_LIFT=0.080000m FINGER_FK_DRIFT=0.000000m JOINT_MOTION=2.155581rad
DAY4_MOTION_DONE=1 ELAPSED_SIM=1.200 INITIAL_ERR=0.00551 FINAL_ERR=0.00011 ARM_V=0.00126
DAY4_STEP=1 EPISODE=019 STEP=01 DIST=0.025367 YAW_ERR_DEG=0.005 REQUESTED_MOVE=0.000760 EXECUTED_MOVE=0.000744 ATTEMPT=0 SUCCESS=0 TERMINATED=0 TRUNCATED=0
DAY4_MOTION_DONE=1 ELAPSED_SIM=1.200 INITIAL_ERR=0.00548 FINAL_ERR=0.00010 ARM_V=0.00112
DAY4_STEP=1 EPISODE=019 STEP=02 DIST=0.025751 YAW_ERR_DEG=0.010 REQUESTED_MOVE=0.000760 EXECUTED_MOVE=0.000746 ATTEMPT=0 SUCCESS=0 TERMINATED=0 TRUNCATED=0
DAY4_MOTION_DONE=1 ELAPSED_SIM=1.200 INITIAL_ERR=0.00548 FINAL_ERR=0.00011 ARM_V=0.00125
DAY4_STEP=1 EPISODE=019 STEP=03 DIST=0.026148 YAW_ERR_DEG=0.017 REQUESTED_MOVE=0.000760 EXECUTED_MOVE=0.000744 ATTEMPT=0 SUCCESS=0 TERMINATED=0 TRUNCATED=0
DAY4_MOTION_DONE=1 ELAPSED_SIM=1.200 INITIAL_ERR=0.00547 FINAL_ERR=0.00010 ARM_V=0.00112
DAY4_STEP=1 EPISODE=019 STEP=04 DIST=0.026562 YAW_ERR_DEG=0.026 REQUESTED_MOVE=0.000760 EXECUTED_MOVE=0.000746 ATTEMPT=0 SUCCESS=0 TERMINATED=0 TRUNCATED=0
DAY4_MOTION_DONE=1 ELAPSED_SIM=1.200 INITIAL_ERR=0.00548 FINAL_ERR=0.00011 ARM_V=0.00125
DAY4_STEP=1 EPISODE=019 STEP=05 DIST=0.026989 YAW_ERR_DEG=0.035 REQUESTED_MOVE=0.000760 EXECUTED_MOVE=0.000745 ATTEMPT=0 SUCCESS=0 TERMINATED=0 TRUNCATED=0
DAY4_MOTION_DONE=1 ELAPSED_SIM=1.202 INITIAL_ERR=0.00546 FINAL_ERR=0.00009 ARM_V=0.00101
DAY4_STEP=1 EPISODE=019 STEP=06 DIST=0.027430 YAW_ERR_DEG=0.046 REQUESTED_MOVE=0.000760 EXECUTED_MOVE=0.000748 ATTEMPT=0 SUCCESS=0 TERMINATED=0 TRUNCATED=0
DAY4_MOTION_DONE=1 ELAPSED_SIM=1.200 INITIAL_ERR=0.00546 FINAL_ERR=0.00011 ARM_V=0.00124
DAY4_STEP=1 EPISODE=019 STEP=07 DIST=0.027882 YAW_ERR_DEG=0.059 REQUESTED_MOVE=0.000761 EXECUTED_MOVE=0.000745 ATTEMPT=0 SUCCESS=0 TERMINATED=0 TRUNCATED=0
DAY4_MOTION_DONE=1 ELAPSED_SIM=1.200 INITIAL_ERR=0.00545 FINAL_ERR=0.00011 ARM_V=0.00124
DAY4_STEP=1 EPISODE=019 STEP=08 DIST=0.028347 YAW_ERR_DEG=0.073 REQUESTED_MOVE=0.000761 EXECUTED_MOVE=0.000745 ATTEMPT=0 SUCCESS=0 TERMINATED=0 TRUNCATED=0
DAY4_MOTION_DONE=1 ELAPSED_SIM=1.200 INITIAL_ERR=0.00547 FINAL_ERR=0.00009 ARM_V=0.00101
DAY4_STEP=1 EPISODE=019 STEP=09 DIST=0.028824 YAW_ERR_DEG=0.088 REQUESTED_MOVE=0.000761 EXECUTED_MOVE=0.000748 ATTEMPT=0 SUCCESS=0 TERMINATED=0 TRUNCATED=0
DAY4_MOTION_DONE=1 ELAPSED_SIM=1.200 INITIAL_ERR=0.00546 FINAL_ERR=0.00011 ARM_V=0.00124
DAY4_STEP=1 EPISODE=019 STEP=10 DIST=0.029311 YAW_ERR_DEG=0.105 REQUESTED_MOVE=0.000761 EXECUTED_MOVE=0.000746 ATTEMPT=0 SUCCESS=0 TERMINATED=0 TRUNCATED=0
DAY4_MOTION_DONE=1 ELAPSED_SIM=1.200 INITIAL_ERR=0.00545 FINAL_ERR=0.00011 ARM_V=0.00124
DAY4_STEP=1 EPISODE=019 STEP=11 DIST=0.029808 YAW_ERR_DEG=0.123 REQUESTED_MOVE=0.000761 EXECUTED_MOVE=0.000746 ATTEMPT=0 SUCCESS=0 TERMINATED=0 TRUNCATED=0
DAY4_MOTION_DONE=1 ELAPSED_SIM=1.202 INITIAL_ERR=0.00545 FINAL_ERR=0.00010 ARM_V=0.00112
DAY4_STEP=1 EPISODE=019 STEP=12 DIST=0.030316 YAW_ERR_DEG=0.142 REQUESTED_MOVE=0.000762 EXECUTED_MOVE=0.000748 ATTEMPT=0 SUCCESS=0 TERMINATED=0 TRUNCATED=0
DAY4_MOTION_DONE=1 ELAPSED_SIM=1.200 INITIAL_ERR=0.00545 FINAL_ERR=0.00010 ARM_V=0.00112
DAY4_STEP=1 EPISODE=019 STEP=13 DIST=0.030833 YAW_ERR_DEG=0.163 REQUESTED_MOVE=0.000762 EXECUTED_MOVE=0.000748 ATTEMPT=0 SUCCESS=0 TERMINATED=0 TRUNCATED=0
DAY4_MOTION_DONE=1 ELAPSED_SIM=1.200 INITIAL_ERR=0.00545 FINAL_ERR=0.00010 ARM_V=0.00112
DAY4_STEP=1 EPISODE=019 STEP=14 DIST=0.031359 YAW_ERR_DEG=0.185 REQUESTED_MOVE=0.000762 EXECUTED_MOVE=0.000748 ATTEMPT=0 SUCCESS=0 TERMINATED=0 TRUNCATED=0
DAY4_MOTION_DONE=1 ELAPSED_SIM=1.200 INITIAL_ERR=0.00544 FINAL_ERR=0.00010 ARM_V=0.00112
DAY4_STEP=1 EPISODE=019 STEP=15 DIST=0.031894 YAW_ERR_DEG=0.209 REQUESTED_MOVE=0.000762 EXECUTED_MOVE=0.000748 ATTEMPT=0 SUCCESS=0 TERMINATED=0 TRUNCATED=0
DAY4_MOTION_DONE=1 ELAPSED_SIM=1.200 INITIAL_ERR=0.00544 FINAL_ERR=0.00010 ARM_V=0.00112
DAY4_STEP=1 EPISODE=019 STEP=16 DIST=0.032436 YAW_ERR_DEG=0.234 REQUESTED_MOVE=0.000762 EXECUTED_MOVE=0.000748 ATTEMPT=0 SUCCESS=0 TERMINATED=0 TRUNCATED=0
DAY4_MOTION_DONE=1 ELAPSED_SIM=1.200 INITIAL_ERR=0.00544 FINAL_ERR=0.00010 ARM_V=0.00111
DAY4_STEP=1 EPISODE=019 STEP=17 DIST=0.032988 YAW_ERR_DEG=0.260 REQUESTED_MOVE=0.000762 EXECUTED_MOVE=0.000748 ATTEMPT=0 SUCCESS=0 TERMINATED=0 TRUNCATED=0
DAY4_MOTION_DONE=1 ELAPSED_SIM=1.200 INITIAL_ERR=0.00543 FINAL_ERR=0.00012 ARM_V=0.00137
DAY4_STEP=1 EPISODE=019 STEP=18 DIST=0.033544 YAW_ERR_DEG=0.288 REQUESTED_MOVE=0.000762 EXECUTED_MOVE=0.000745 ATTEMPT=0 SUCCESS=0 TERMINATED=0 TRUNCATED=0
DAY4_MOTION_DONE=1 ELAPSED_SIM=1.202 INITIAL_ERR=0.00543 FINAL_ERR=0.00009 ARM_V=0.00100
DAY4_STEP=1 EPISODE=019 STEP=19 DIST=0.034109 YAW_ERR_DEG=0.318 REQUESTED_MOVE=0.000762 EXECUTED_MOVE=0.000750 ATTEMPT=0 SUCCESS=0 TERMINATED=0 TRUNCATED=0
DAY4_MOTION_DONE=1 ELAPSED_SIM=1.202 INITIAL_ERR=0.00542 FINAL_ERR=0.00010 ARM_V=0.00111
DAY4_STEP=1 EPISODE=019 STEP=20 DIST=0.034680 YAW_ERR_DEG=0.348 REQUESTED_MOVE=0.000763 EXECUTED_MOVE=0.000749 ATTEMPT=0 SUCCESS=0 TERMINATED=0 TRUNCATED=1
DAY4_RESET_GRIPPER=OPEN ANGLE_RAD=1.291169 EFFORT_NM=0.553070
DAY4_RESET_GRIPPER=AFTER_INITIAL_MOVE ANGLE_RAD=1.304138 EFFORT_NM=0.534563
TRIAL=020 VISUAL_CENTER=[0.21011671423912048, -0.005686479737050831, 0.01042766930664528] SURFACE=[0.21011671423912048, -0.005686479737050831, 0.02542766930664528] CONTOUR_DEG=0.45 AXIS_STD_DEG=0.12 FOOTPRINT=[0.02846674993634224, 0.02846674993634224] CONFIDENCE=0.9705
TRIAL=020 PHASE=OPEN_GRIPPER
TRIAL=020 PHASE=RETURN_OBSERVATION
TRIAL=020 PHASE=OPEN_GRIPPER
TRIAL=020 PHASE=RETURN_OBSERVATION
{"purpose": "pilot", "method": "B", "seed": 20260909, "steps": 3000, "wall_limit_sec": 361590.5452109977, "config": {"schema_version": 4, "world_name": "robot_world", "block_name": "wood_block", "base_frame": "base_link", "tcp_link": "end_effector_link", "move_group": "arm", "arm_joints": ["joint1", "joint2", "joint3", "joint4", "joint5"], "initial_pose": [0.0, 0.16755160819145562, -1.1728612573401895, -1.8849555921538759, 0.0], "robot_spawn_world": [-0.2, 0.0, 0.75], "block_reset_world": [-0.01540777340756408, -0.012438901168749173, 0.765], "table_top_world_z": 0.75, "block_size_m": [0.03, 0.03, 0.03], "sampling": {"base_x_m": [0.1166613453786855, 0.25252310780618636], "base_y_m": [-0.10027086404686325, 0.07539306170936491], "rows": 5, "columns": 5, "samples_per_stratum": 2, "shuffle_seed": 20260825, "maximum_preflight_attempts": 500, "block_yaw_deg": 0.0}, "representative_points": {"center": [0.18459222659243593, -0.012438901168749173, 0.015], "far": [0.13392035813002465, -0.012688906328956265, 0.015], "near": [0.23526409505484722, -0.012188896008542081, 0.015], "left": [0.1849409066683234, -0.08311052621120449, 0.015], "right": [0.18424354651654845, 0.05823272387370615, 0.015]}, "topics": {"joint_states": "/joint_states", "gazebo_joint_states": "/day3_v5/gazebo_joint_states", "arm_command": "/arm_controller/joint_trajectory", "gripper_command": "/gripper_controller/commands", "left_contacts": "/day3_v5/left_finger/contacts", "right_contacts": "/day3_v5/right_finger/contacts", "block_contacts": "/day3_v5/block/contacts", "block_odometry": "/day3_v5/block/odometry", "rgb": "/depth_cam/rgbd/image", "depth": "/depth_cam/rgbd/depth_image", "camera_info": "/depth_cam/rgbd/camera_info", "target": "/grasp/target_point", "surface": "/grasp/target_surface", "footprint": "/grasp/target_footprint", "detected": "/grasp/detected", "confidence": "/grasp/target_confidence", "ik_service": "/compute_ik", "fk_service": "/compute_fk", "state_validity_service": "/check_state_validity", "planning_scene_service": "/apply_planning_scene"}, "perception": {"samples": 12, "confidence_minimum": 0.66, "maximum_std_m": 0.005, "maximum_axis_std_deg": 6.0, "object_side_m": [0.025, 0.04], "workspace_x_m": [0.1066613453786855, 0.2625231078061864], "workspace_y_m": [-0.11027086404686325, 0.0853930617093649], "workspace_z_m": [0.005, 0.045], "center_surface_delta_tolerance_m": 0.008}, "geometry": {"table_normal_base": [0.0, 0.0, 1.0], "urdf": "generated/day3_v5_robot.urdf", "left_finger_link": "l_out_link", "right_finger_link": "r_out_link", "left_finger_collision": "l_out_link_box_collision", "right_finger_collision": "r_out_link_box_collision", "gripper_driver_joint": "r_joint", "contact_center_insertion_m": -0.007, "minimum_table_clearance_m": 0.004, "table_center_base_m": [0.2, 0.0, -0.015], "table_size_m": [0.9, 0.6, 0.03], "pedestal_center_base_m": [0.2, 0.0, -0.39], "pedestal_size_m": [0.1, 0.1, 0.72]}, "orientation": {"tilt_min_deg": 0.0, "tilt_max_deg": 60.0, "tilt_step_deg": 7.5, "lean_signs": [-1, 1], "square_symmetries": [0, 1, 2, 3], "maximum_orientation_error_rad": 0.08, "position_weight": 150.0, "orientation_weight": 2.0, "joint_motion_weight": 0.08, "joint_margin_weight": 0.15, "deterministic_seed_count": 12, "seed_random_seed": 20260825}, "motion": {"pregrasp_clearance_m": 0.07, "lift_command_m": 0.08, "cartesian_step_m": 0.0025, "maximum_joint_step_rad": 0.25, "state_validity_joint_step_rad": 0.025, "arm_joint_tolerance_rad": 0.15, "joint_limit_margin_rad": 0.01, "ik_timeout_sec": 0.35, "service_timeout_wall_sec": 15.0, "tcp_position_tolerance_m": 0.004, "grasp_center_tolerance_m": 0.005, "grasp_settle_joint_error_rad": 0.03, "grasp_settle_velocity_rad_sec": 0.1, "grasp_settle_sim_sec": 0.3, "initial_duration_sec": 2.0, "pregrasp_duration_sec": 2.2, "descent_duration_sec": 1.8, "lift_duration_sec": 2.2, "place_duration_sec": 2.0, "retreat_duration_sec": 1.5, "safe_duration_sec": 2.0}, "gripper": {"open_target": 1.3, "open_minimum": 1.15, "close_target": 0.0, "command_rate_hz": 15.0, "dual_contact_stable_sim_sec": 0.2, "contact_dropout_sim_sec": 0.25, "stall_velocity_rad_sec": 0.01, "stall_duration_sim_sec": 0.3, "overclose_offset": 0.04, "search_effort_nm": 0.02, "hold_effort_nm": 0.008, "compensation_velocity_rad_sec": 0.005, "position_velocity_gain": 0.5, "velocity_proportional_gain_nm_sec_per_rad": 0.75, "velocity_integral_gain_nm_per_rad": 2.0, "hold_effort_limit_nm": 0.6, "open_hold_effort_nm": 1.2, "effort_limit_nm": 1.5, "penetration_fail_m": 0.003, "minimum_contact_closure_m": 0.0015, "early_contact_angle_margin_rad": 0.045, "early_contact_gap_margin_m": 0.0015, "contact_inside_margin_m": 0.008, "contact_normal_alignment_min": 0.45}, "verification": {"minimum_lift_m": 0.06, "hold_sim_sec": 5.0, "hold_wall_sec": 5.0, "minimum_hold_height_m": 0.055, "maximum_relative_slip_m": 0.003, "drop_stable_sim_sec": 0.2, "pregrip_xy_disturbance_m": 0.02, "pregrip_z_disturbance_m": 0.015, "place_height_tolerance_m": 0.012}, "reset": {"pose_tolerance_m": 0.006, "linear_speed_max_m_sec": 0.025, "angular_speed_max_rad_sec": 0.15, "stable_sim_sec": 0.2, "arm_settle_sim_sec": 0.5, "arm_settle_joint_error_rad": 0.03, "arm_settle_velocity_rad_sec": 0.05}, "timeouts": {"interfaces_wall_sec": 90.0, "camera_topics_wall_sec": 60.0, "visual_wall_sec": 30.0, "open_wall_sec": 120.0, "arm_wall_sec": 240.0, "dual_contact_wall_sec": 45.0, "stall_wall_sec": 45.0, "lift_wall_sec": 240.0, "hold_wall_sec": 240.0, "place_wall_sec": 240.0, "reset_wall_sec": 60.0, "clock_stall_wall_sec": 20.0}, "day4": {"sampling": {"base_x_m": [0.1166613453786855, 0.25252310780618636], "base_y_m": [-0.10027086404686325, 0.07539306170936491], "yaw_deg": [0.0, 0.0]}, "action_limit_m": 0.005, "yaw_action_limit_deg": 5.0, "start_clearance_m": 0.025, "start_duration_sec": 1.2, "step_duration_sec": 1.0, "step_timeout_wall_sec": 120.0, "step_settle_joint_error_rad": 0.01, "step_settle_velocity_rad_sec": 0.05, "step_settle_sim_sec": 0.2, "position_trigger_m": 0.006, "yaw_trigger_deg": 8.0, "max_steps": 20, "invalid_action_limit": 3, "reset_attempts": 5, "reward": {"approach_scale": 100.0, "success": 50.0, "drop": -30.0, "collision": -30.0}, "smoke": {"episodes": 100, "base_seed": 20260828, "policy_gain": 0.8, "minimum_grasp_attempt_rate": 0.9}, "step_min_execution_fraction": 1.0}, "day6": {"enable_residual": true, "model_path": "models/sac_smoke.zip", "deterministic": true, "residual_limit_m": 0.001, "residual_yaw_limit_deg": 1.0, "low_pass_alpha": 0.25, "live_check": {"fixed_center": true, "seed": 20260902}, "provenance": {"day5_tree_sha256": "2ee2feece30cfa6bce7f8960b7a4b3362d6d02cf7176ff8150147ff32d868155", "day5_file_count": 2099, "day5_directory_count": 281, "day5_symlink_count": 4, "source_model_sha256": "69e3b9cec696129805ec96969be9e738f553fc1d5ac93e8f47384033af11c9a5"}}, "day8": {"mode": "auto", "initial_level": "L0", "seed": 20260913, "results_path": "results/white_area_episodes.jsonl", "state_path": "runtime/white_area_curriculum_state.json", "window": 100, "minimum_dwell": 100, "promote_rate": 0.8, "demote_rate": 0.55, "technical_retries": 5, "stage_restarts": 2, "sdf_readback_significant_digits": 6, "service_timeout_sec": 30.0, "episode_timeout_sec": 1200, "perception_node": "/perception", "world_sdf": "simulations/robot_gazebo/worlds/grasp_table.sdf", "episode_sdf": "runtime/wood_block_episode.sdf", "nominal": {"mass_kg": 0.03, "mu": 6.0, "mu2": 6.0, "brightness": 1.0, "contrast": 1.0, "side_m": 0.03}, "levels": {"L0": {"position_fraction": 1.0, "mass_fraction": 0.0, "friction_fraction": 0.0, "rgb_fraction": 0.0, "pixel_std": 0.0, "depth_std_mm": 0.0, "invalid_fraction": 0.0, "translation_mm": 0.0, "rotation_deg": 0.0, "delay_ms": 0.0, "size_fraction": 0}, "L1": {"position_fraction": 1.0, "mass_fraction": 0.1, "friction_fraction": 0.1, "rgb_fraction": 0.1, "pixel_std": 2.0, "depth_std_mm": 0.1, "invalid_fraction": 0.01, "translation_mm": 2.0, "rotation_deg": 0.5, "delay_ms": 20.0, "size_fraction": 0.02}, "L2": {"position_fraction": 1.0, "mass_fraction": 0.2, "friction_fraction": 0.2, "rgb_fraction": 0.2, "pixel_std": 5.0, "depth_std_mm": 0.2, "invalid_fraction": 0.03, "translation_mm": 5.0, "rotation_deg": 1.0, "delay_ms": 50.0, "size_fraction": 0.035}, "L3": {"position_fraction": 1.0, "mass_fraction": 0.3, "friction_fraction": 0.3, "rgb_fraction": 0.3, "pixel_std": 8.0, "depth_std_mm": 0.3, "invalid_fraction": 0.05, "translation_mm": 8.0, "rotation_deg": 2.0, "delay_ms": 100.0, "size_fraction": 0.05}}, "position_grid_path": "results/position_grid.json", "white_area": {"frame": "base_link", "center_base_m": [0.18459222659243593, -0.012438901168749173, 0.0], "size_xy_m": [0.135, 0.175], "yaw_rad": -3.1366588877894728, "sampling": "continuous_uniform_full_footprint", "source": "GJYfighting/source-code@70502c8:jetarm/src/hiwonder_imgproc/color_detection/config/config.yaml", "table_projection": true}, "camera_mount": {"reference": "camera_calibration_hand", "hand_reference_z_m": 0.17145583202, "link4_translation_m": [-0.04500000000000002, 0.0, 0.07045583202000001], "source_hand_to_optical": [[0.0, 0.0, 1.0, -0.101], [-1.0, 0.0, 0.0, 0.0], [0.0, -1.0, 0.0, 0.045], [0.0, 0.0, 0.0, 1.0]], "derivation": "results/camera_repair_geometry.json"}}, "day9": {"status": "CANDIDATE_UNVALIDATED", "profile": "combined", "methods": ["A", "B", "F"], "seed_diagnostic": 20260908, "seed_pilot": 20260909, "seed_validation": 20260910, "formal_seeds": [20260911, 20260912, 20260913], "pilot_steps_per_method": 3000, "formal_steps_per_method_seed": 10000, "task_reset_failure": "count_failure_without_fake_transition", "P1": {"learning_rate": 0.0003, "gamma": 0.99, "tau": 0.005, "buffer_size": 100000, "batch_size": 128, "learning_starts": 1000, "train_freq": [1, "step"], "gradient_steps": 1, "ent_coef": "auto", "target_entropy": "auto", "target_update_interval": 1, "action_noise": null, "use_sde": false, "optimize_memory_usage": false, "device": "cpu"}, "policy_kwargs": {"net_arch": [64, 64], "activation_fn": "torch.nn.ReLU", "n_critics": 2, "optimizer_class": "torch.optim.Adam", "optimizer_kwargs": {"betas": [0.9, 0.999], "eps": 1e-08, "weight_decay": 0}}, "accepted_optimizations": ["open_servo", "reset_once", "no_resend"], "selection_note": "functional execution candidate; standalone speed benefits not established; opening target control costs time", "control_overrides": {"implemented_in": "day9_env.install_execution_audit", "closing_search_velocity_reference_rad_sec": -0.1, "closing_feedback_hard_bound_verified": false, "search_to_hold_preserve_integral": true, "opening_target_rad": 1.3, "opening_position_tolerance_rad": 0.01, "opening_velocity_reference_cap_rad_sec": 0.1, "opening_pi": [0.75, 2.0], "opening_effort_cap_nm": 1.5, "hold_unchanged": true}}}, "code_hashes": {"analyze_day9.py": "732a6277653843666fb63e0edb79d626c5a259e146a24e419812d5d7db2a12f9", "analyze_self_occlusion.py": "021159e7da66f9dde02fc6c62abdf58864cf33a4787a53ce369de707892a46bf", "config.yaml": "e9f60a524e088d1a0fe6572a085eb5a001839e76db71d1244f9a80c90b61e54d", "day4_env.py": "710b07661208fcf8474e14ae853d5d872d3ea04cf3660f6df5350760b3b53522", "day8_check.py": "9393336635604aba50938a0adcf0f3fdee36f97cc935f85d2f1bf6441b5fe08f", "day8_env.py": "c20c8c59cfafb9ecf3d222deb621af64bddcaf8f1a29b3bde434cfa1269fc537", "day9_env.py": "1a66fc310648c9d45eac697b058b2d03438b65975d7b004ae3ed85277ac30257", "day9_training.py": "51d28abe6cc02e620db77a9c10c93f623d0de6509223dd9de3af8c57497bebf7", "generated/camera_baseline/day3_v5_robot.sdf": "7316b273a6d2bed98ddc6853af26c76470b69d0e736d11a79e04e669a76d9595", "generated/camera_baseline/day3_v5_robot.urdf": "479818df56947f89bd0bfa6db6bed642f1b892a423aa4dcbb5571c88ec469fdc", "generated/day3_v5_robot.sdf": "ede63437936c6597baf51f0f42f1d094e63750ae42616768373defc2102086e1", "generated/day3_v5_robot.urdf": "928b1da749265fd660662bb42779c37dd7d4ba5001cbed816e59bdea1a1085ef", "grasp_geometry_v5.py": "fc1815d10cbcfbb64563268a1b2e978d952b76dc85bb4da522dacc6f46a80352", "io_probe.py": "01c5cd5cc8c6817658778fbb20815a75251ec78145065ad405c7bd97f9b212cc", "manage_day8.py": "3790ff7f3621944df43d904721715a1bde15da3216fd74b024bf907bbc4cfa4c", "manage_day9.py": "a149b0fab4e8862c6fef035c894423b528f0eb2c019c1e93d9845d70ecc910e1", "moveit.launch.py": "5f4395e957478022f0bc32acbbcf1f27e565cdf793a46169005a86a1312a01b5", "moveit_v5/jetarm_6dof.srdf": "050e781b46de6e20a8e380889c80fa323864715766db22108718a7ab7a41f358", "moveit_v5/joint_limits.yaml": "34100799bd26830db251e4384988c390fcf6d52da34f7f668b9d1c78b98d4f3f", "moveit_v5/kinematics.yaml": "1501ebb454f62845ae94011e0d7cb9150185b05fbd45cffd8fec181a750182b9", "moveit_v5/launch_defaults.yaml": "9b52d3771161f749276f21709054fbb411ccddd54c479accf797c9e7e36dd4e6", "moveit_v5/moveit_controllers.yaml": "6e81d67a80a63f0db24406a99e8efc8993a3a24482c20e7c523497bce4c5248f", "moveit_v5/pilz_cartesian_limits.yaml": "fed80b213b77f13fb7b913d703609a66caa72ccb0617b41e83d3057e31749047", "moveit_v5/sensors_3d.yaml": "2da018b37e1038d2d868499d8c6cdf56b95ceda2d859eba80744ed2e7ec246c2", "perception_v5.py": "8c0cd48399360b78dd807550332ef132cc397abdb1576bad2eda2020bd322b99", "perception_v5.yaml": "927b371725cc84f6c939ec085161c6037c2ae221c309213e140dd5090ae1afad", "repair_camera.py": "86eb2db1b1236f4b72859ac8327c6c187de73e02768bc612f08c38696e838a10", "residual_env.py": "caee2ca833a1b226216a80d71be626870e055b79d16824fc35d251c8c92afd95", "run_day9.py": "53e818b9a947d6d46ade067ebd735c866541bdc76168390fff49b275bb48e89c", "run_validation.py": "28ac3bea09c5c53475ea9f33098563dcc4075fb9f557bff598cb8740ac41c1b6", "session_env.sh": "5fa52760e00d761c6d62ecbac5faf769e2610749a0242c00f95e4a370e201502", "simulations/robot_gazebo/config/robot_config.yaml": "37ec82d26af5103bd193a50325465c55b993e43c05589fbf2f6fd9a848d6c35d", "simulations/robot_gazebo/worlds/grasp_table.sdf": "c626376a90506a7f4834ec1124ad66fcc4ac8ab067fcba2964cb6508c2873d6f", "test_day9_contract.py": "881124e19ae379729dffa0012363c21944508a001fef38e91860a23caaceda18", "visual_grasp_v5.py": "6c427a085323aba690965df860ac81f7f2e0e53be9458aea3ef44405f857d4c0", "white_area.py": "72fe11ce9de3f9470851f389c908c922f1bbe692b78eddc29adfe76506795069", "white_area_check.py": "a8707b567eaba2687a0748079a2b813dbd4e160cad3b133caffe30b051cff09c", "world.launch.py": "811932079c7c959111b394aedef8eb83227fb48cc2ec911dddf603ea42cd1446", "write_review.py": "1080defad05d80afad9ef4375d011ac45547f6d38e2682281973076d5a06e93f"}, "fresh": true, "initial": null, "resolved_execution": {"method": "B", "phase": "train", "profile": "combined", "flags": ["open_servo", "reset_once", "no_resend"], "curriculum_mode": "off", "domain_mode": "off", "internal_smoke_model_loaded": false, "source_reset_attempts": 5, "effective_reset_attempts": 1, "action": "direct SAC physical action", "action_limit_m": 0.005, "yaw_limit_rad": 0.08726646259971647, "base_gain": null, "residual_scale": null, "filter_alpha": null, "confidence_fusion_gate": false, "perception_validity_threshold": 0.66, "closing_search_reference_rad_sec": -0.1, "closing_actual_hard_speed_bound_verified": false, "closing_hold_pi": [0.75, 2.0], "hold_effort_limit_nm": 0.6, "overclose_rad": 0.04, "reward": {"approach_scale": 100.0, "success": 50.0, "drop": -30.0, "collision": -30.0}, "max_steps": 20, "hold_sim_sec": 5.0, "hold_wall_sec": 5.0, "full_trajectory_completion_required": true, "physics_step_sec": 0.002}, "max_task_reset_failures_consecutive": 20, "max_scene_attempts": 6000, "max_technical_retries": 1, "validation_steps": 0, "update_budget": 2000, "checkpoint_every_steps": 200, "checkpoint_max_wall_sec": 1800}
TRIAL=000 PHASE=CHECK_INTERFACES
DAY4_RESET_GRIPPER=OPEN ANGLE_RAD=1.300429 EFFORT_NM=-0.000943
DAY4_RESET_GRIPPER=AFTER_INITIAL_MOVE ANGLE_RAD=1.291211 EFFORT_NM=0.534184
TRIAL=001 VISUAL_CENTER=[0.1825217679142952, 0.0003299294039607048, 0.015097327883262276] SURFACE=[0.1825217679142952, 0.0003299294039607048, 0.030097327883262276] CONTOUR_DEG=0.00 AXIS_STD_DEG=0.00 FOOTPRINT=[0.02994922362267971, 0.02994922362267971] CONFIDENCE=0.9957
TRIAL=001 SELECTED_CONTOUR_ORIENTATION=+90.00deg TILT=0.0 LEAN=-1 SYMMETRY=1 IK_FK_POS_ERROR=0.000000m IK_FK_ORIENTATION_ERROR=0.000000rad FINGER_FK_LIFT=0.080000m FINGER_FK_DRIFT=0.000000m JOINT_MOTION=2.026174rad
DAY4_MOTION_DONE=1 ELAPSED_SIM=1.200 INITIAL_ERR=0.04367 FINAL_ERR=0.00059 ARM_V=0.00655
DAY4_STEP=1 EPISODE=001 STEP=01 DIST=0.021659 YAW_ERR_DEG=2.306 REQUESTED_MOVE=0.006384 EXECUTED_MOVE=0.006297 ATTEMPT=0 SUCCESS=0 TERMINATED=0 TRUNCATED=0
DAY4_MOTION_DONE=1 ELAPSED_SIM=1.246 INITIAL_ERR=0.05900 FINAL_ERR=0.00058 ARM_V=0.00645
DAY4_STEP=1 EPISODE=001 STEP=02 DIST=0.020436 YAW_ERR_DEG=6.757 REQUESTED_MOVE=0.005135 EXECUTED_MOVE=0.005084 ATTEMPT=0 SUCCESS=0 TERMINATED=0 TRUNCATED=0
DAY4_MOTION_DONE=1 ELAPSED_SIM=1.200 INITIAL_ERR=0.02361 FINAL_ERR=0.00035 ARM_V=0.00393
DAY4_STEP=1 EPISODE=001 STEP=03 DIST=0.021259 YAW_ERR_DEG=8.962 REQUESTED_MOVE=0.004635 EXECUTED_MOVE=0.004566 ATTEMPT=0 SUCCESS=0 TERMINATED=0 TRUNCATED=0
DAY4_MOTION_DONE=1 ELAPSED_SIM=1.200 INITIAL_ERR=0.02316 FINAL_ERR=0.00048 ARM_V=0.00530
DAY4_STEP=1 EPISODE=001 STEP=04 DIST=0.023050 YAW_ERR_DEG=9.995 REQUESTED_MOVE=0.002472 EXECUTED_MOVE=0.002421 ATTEMPT=0 SUCCESS=0 TERMINATED=0 TRUNCATED=0
DAY4_MOTION_DONE=1 ELAPSED_SIM=1.200 INITIAL_ERR=0.04561 FINAL_ERR=0.00094 ARM_V=0.01044
DAY4_STEP=1 EPISODE=001 STEP=05 DIST=0.022876 YAW_ERR_DEG=7.019 REQUESTED_MOVE=0.001740 EXECUTED_MOVE=0.001705 ATTEMPT=0 SUCCESS=0 TERMINATED=0 TRUNCATED=0
DAY4_MOTION_DONE=1 ELAPSED_SIM=1.200 INITIAL_ERR=0.04792 FINAL_ERR=0.00058 ARM_V=0.00648
DAY4_STEP=1 EPISODE=001 STEP=06 DIST=0.022175 YAW_ERR_DEG=8.380 REQUESTED_MOVE=0.004620 EXECUTED_MOVE=0.004565 ATTEMPT=0 SUCCESS=0 TERMINATED=0 TRUNCATED=0
DAY4_MOTION_DONE=1 ELAPSED_SIM=1.290 INITIAL_ERR=0.09500 FINAL_ERR=0.00055 ARM_V=0.00614
DAY4_STEP=1 EPISODE=001 STEP=07 DIST=0.018279 YAW_ERR_DEG=3.689 REQUESTED_MOVE=0.005528 EXECUTED_MOVE=0.005496 ATTEMPT=0 SUCCESS=0 TERMINATED=0 TRUNCATED=0
DAY4_MOTION_DONE=1 ELAPSED_SIM=1.246 INITIAL_ERR=0.05779 FINAL_ERR=0.00051 ARM_V=0.00568
DAY4_STEP=1 EPISODE=001 STEP=08 DIST=0.019647 YAW_ERR_DEG=1.669 REQUESTED_MOVE=0.004450 EXECUTED_MOVE=0.004411 ATTEMPT=0 SUCCESS=0 TERMINATED=0 TRUNCATED=0
DAY4_MOTION_DONE=1 ELAPSED_SIM=1.200 INITIAL_ERR=0.01641 FINAL_ERR=0.00027 ARM_V=0.00304
DAY4_STEP=1 EPISODE=001 STEP=09 DIST=0.017201 YAW_ERR_DEG=0.219 REQUESTED_MOVE=0.003380 EXECUTED_MOVE=0.003323 ATTEMPT=0 SUCCESS=0 TERMINATED=0 TRUNCATED=0
DAY4_MOTION_DONE=1 ELAPSED_SIM=1.282 INITIAL_ERR=0.06182 FINAL_ERR=0.00055 ARM_V=0.00609
DAY4_STEP=1 EPISODE=001 STEP=10 DIST=0.015250 YAW_ERR_DEG=2.999 REQUESTED_MOVE=0.005858 EXECUTED_MOVE=0.005805 ATTEMPT=0 SUCCESS=0 TERMINATED=0 TRUNCATED=0
DAY4_MOTION_DONE=1 ELAPSED_SIM=1.272 INITIAL_ERR=0.06849 FINAL_ERR=0.00055 ARM_V=0.00608
DAY4_STEP=1 EPISODE=001 STEP=11 DIST=0.017876 YAW_ERR_DEG=0.194 REQUESTED_MOVE=0.007472 EXECUTED_MOVE=0.007412 ATTEMPT=0 SUCCESS=0 TERMINATED=0 TRUNCATED=0
DAY4_MOTION_DONE=1 ELAPSED_SIM=1.242 INITIAL_ERR=0.05988 FINAL_ERR=0.00059 ARM_V=0.00655
DAY4_STEP=1 EPISODE=001 STEP=12 DIST=0.017658 YAW_ERR_DEG=4.122 REQUESTED_MOVE=0.004661 EXECUTED_MOVE=0.004615 ATTEMPT=0 SUCCESS=0 TERMINATED=0 TRUNCATED=0
DAY4_MOTION_DONE=1 ELAPSED_SIM=1.202 INITIAL_ERR=0.04506 FINAL_ERR=0.00061 ARM_V=0.00677
DAY4_STEP=1 EPISODE=001 STEP=13 DIST=0.019304 YAW_ERR_DEG=5.991 REQUESTED_MOVE=0.004354 EXECUTED_MOVE=0.004296 ATTEMPT=0 SUCCESS=0 TERMINATED=0 TRUNCATED=0
DAY4_MOTION_DONE=1 ELAPSED_SIM=1.200 INITIAL_ERR=0.03023 FINAL_ERR=0.00041 ARM_V=0.00454
DAY4_STEP=1 EPISODE=001 STEP=14 DIST=0.017371 YAW_ERR_DEG=5.272 REQUESTED_MOVE=0.003878 EXECUTED_MOVE=0.003825 ATTEMPT=0 SUCCESS=0 TERMINATED=0 TRUNCATED=0
DAY4_MOTION_DONE=1 ELAPSED_SIM=1.288 INITIAL_ERR=0.10993 FINAL_ERR=0.00058 ARM_V=0.00639
DAY4_STEP=1 EPISODE=001 STEP=15 DIST=0.018565 YAW_ERR_DEG=9.966 REQUESTED_MOVE=0.005441 EXECUTED_MOVE=0.005413 ATTEMPT=0 SUCCESS=0 TERMINATED=0 TRUNCATED=0
DAY4_MOTION_DONE=1 ELAPSED_SIM=1.252 INITIAL_ERR=0.06569 FINAL_ERR=0.00058 ARM_V=0.00648
DAY4_STEP=1 EPISODE=001 STEP=16 DIST=0.014447 YAW_ERR_DEG=7.234 REQUESTED_MOVE=0.005449 EXECUTED_MOVE=0.005401 ATTEMPT=0 SUCCESS=0 TERMINATED=0 TRUNCATED=0
DAY4_MOTION_DONE=1 ELAPSED_SIM=1.200 INITIAL_ERR=0.02621 FINAL_ERR=0.00039 ARM_V=0.00437
DAY4_STEP=1 EPISODE=001 STEP=17 DIST=0.010527 YAW_ERR_DEG=5.915 REQUESTED_MOVE=0.004120 EXECUTED_MOVE=0.004058 ATTEMPT=0 SUCCESS=0 TERMINATED=0 TRUNCATED=0
DAY4_MOTION_DONE=1 ELAPSED_SIM=1.200 INITIAL_ERR=0.03525 FINAL_ERR=0.00053 ARM_V=0.00588
DAY4_STEP=1 EPISODE=001 STEP=18 DIST=0.010605 YAW_ERR_DEG=3.544 REQUESTED_MOVE=0.006591 EXECUTED_MOVE=0.006492 ATTEMPT=0 SUCCESS=0 TERMINATED=0 TRUNCATED=0
DAY4_MOTION_DONE=1 ELAPSED_SIM=1.234 INITIAL_ERR=0.05378 FINAL_ERR=0.00053 ARM_V=0.00589
DAY4_STEP=1 EPISODE=001 STEP=19 DIST=0.012363 YAW_ERR_DEG=7.604 REQUESTED_MOVE=0.005543 EXECUTED_MOVE=0.005489 ATTEMPT=0 SUCCESS=0 TERMINATED=0 TRUNCATED=0
DAY4_MOTION_DONE=1 ELAPSED_SIM=1.250 INITIAL_ERR=0.06578 FINAL_ERR=0.00058 ARM_V=0.00648
DAY4_STEP=1 EPISODE=001 STEP=20 DIST=0.012541 YAW_ERR_DEG=5.372 REQUESTED_MOVE=0.005238 EXECUTED_MOVE=0.005191 ATTEMPT=0 SUCCESS=0 TERMINATED=0 TRUNCATED=1
DAY4_RESET_GRIPPER=OPEN ANGLE_RAD=1.291133 EFFORT_NM=0.550114
DAY4_RESET_GRIPPER=AFTER_INITIAL_MOVE ANGLE_RAD=1.303361 EFFORT_NM=0.534710
TRIAL=002 VISUAL_CENTER=[0.2018282264471054, 0.026342242723330855, 0.015099415612981656] SURFACE=[0.2018282264471054, 0.026342242723330855, 0.030099415612981656] CONTOUR_DEG=0.00 AXIS_STD_DEG=0.00 FOOTPRINT=[0.02999994158744812, 0.02999994158744812] CONFIDENCE=0.9953
TRIAL=002 SELECTED_CONTOUR_ORIENTATION=+90.00deg TILT=0.0 LEAN=-1 SYMMETRY=1 IK_FK_POS_ERROR=0.000000m IK_FK_ORIENTATION_ERROR=0.000000rad FINGER_FK_LIFT=0.080000m FINGER_FK_DRIFT=0.000000m JOINT_MOTION=2.356835rad
DAY4_MOTION_DONE=1 ELAPSED_SIM=1.244 INITIAL_ERR=0.05778 FINAL_ERR=0.00057 ARM_V=0.00632
DAY4_STEP=1 EPISODE=002 STEP=01 DIST=0.029539 YAW_ERR_DEG=0.604 REQUESTED_MOVE=0.005775 EXECUTED_MOVE=0.005719 ATTEMPT=0 SUCCESS=0 TERMINATED=0 TRUNCATED=0
DAY4_MOTION_DONE=1 ELAPSED_SIM=1.246 INITIAL_ERR=0.06075 FINAL_ERR=0.00060 ARM_V=0.00665
DAY4_STEP=1 EPISODE=002 STEP=02 DIST=0.025663 YAW_ERR_DEG=2.406 REQUESTED_MOVE=0.004925 EXECUTED_MOVE=0.004876 ATTEMPT=0 SUCCESS=0 TERMINATED=0 TRUNCATED=0
DAY4_MOTION_DONE=1 ELAPSED_SIM=1.288 INITIAL_ERR=0.09207 FINAL_ERR=0.00054 ARM_V=0.00595
DAY4_STEP=1 EPISODE=002 STEP=03 DIST=0.030547 YAW_ERR_DEG=6.802 REQUESTED_MOVE=0.007507 EXECUTED_MOVE=0.007465 ATTEMPT=0 SUCCESS=0 TERMINATED=0 TRUNCATED=0
DAY4_MOTION_DONE=1 ELAPSED_SIM=1.200 INITIAL_ERR=0.04407 FINAL_ERR=0.00101 ARM_V=0.01122
DAY4_STEP=1 EPISODE=002 STEP=04 DIST=0.030253 YAW_ERR_DEG=6.876 REQUESTED_MOVE=0.005352 EXECUTED_MOVE=0.005230 ATTEMPT=0 SUCCESS=0 TERMINATED=0 TRUNCATED=0
DAY4_MOTION_DONE=1 ELAPSED_SIM=1.266 INITIAL_ERR=0.07697 FINAL_ERR=0.00055 ARM_V=0.00614
DAY4_STEP=1 EPISODE=002 STEP=05 DIST=0.029913 YAW_ERR_DEG=10.239 REQUESTED_MOVE=0.006302 EXECUTED_MOVE=0.006256 ATTEMPT=0 SUCCESS=0 TERMINATED=0 TRUNCATED=0
DAY4_MOTION_DONE=1 ELAPSED_SIM=1.202 INITIAL_ERR=0.03526 FINAL_ERR=0.00048 ARM_V=0.00529
DAY4_STEP=1 EPISODE=002 STEP=06 DIST=0.033347 YAW_ERR_DEG=9.699 REQUESTED_MOVE=0.006136 EXECUTED_MOVE=0.006054 ATTEMPT=0 SUCCESS=0 TERMINATED=0 TRUNCATED=0
DAY4_MOTION_DONE=1 ELAPSED_SIM=1.294 INITIAL_ERR=0.09731 FINAL_ERR=0.00057 ARM_V=0.00629
DAY4_STEP=1 EPISODE=002 STEP=07 DIST=0.037682 YAW_ERR_DEG=13.901 REQUESTED_MOVE=0.006563 EXECUTED_MOVE=0.006525 ATTEMPT=0 SUCCESS=0 TERMINATED=0 TRUNCATED=0
DAY4_MOTION_DONE=1 ELAPSED_SIM=1.254 INITIAL_ERR=0.06278 FINAL_ERR=0.00056 ARM_V=0.00618
DAY4_STEP=1 EPISODE=002 STEP=08 DIST=0.042006 YAW_ERR_DEG=12.226 REQUESTED_MOVE=0.006787 EXECUTED_MOVE=0.006727 ATTEMPT=0 SUCCESS=0 TERMINATED=0 TRUNCATED=0
DAY4_MOTION_DONE=1 ELAPSED_SIM=1.244 INITIAL_ERR=0.05697 FINAL_ERR=0.00050 ARM_V=0.00561
DAY4_STEP=1 EPISODE=002 STEP=09 DIST=0.041755 YAW_ERR_DEG=16.971 REQUESTED_MOVE=0.006787 EXECUTED_MOVE=0.006727 ATTEMPT=0 SUCCESS=0 TERMINATED=0 TRUNCATED=0
DAY4_MOTION_DONE=1 ELAPSED_SIM=1.200 INITIAL_ERR=0.03856 FINAL_ERR=0.00052 ARM_V=0.00578
DAY4_STEP=1 EPISODE=002 STEP=10 DIST=0.038580 YAW_ERR_DEG=17.896 REQUESTED_MOVE=0.004555 EXECUTED_MOVE=0.004493 ATTEMPT=0 SUCCESS=0 TERMINATED=0 TRUNCATED=0
DAY4_MOTION_DONE=1 ELAPSED_SIM=1.270 INITIAL_ERR=0.08279 FINAL_ERR=0.00059 ARM_V=0.00660
DAY4_STEP=1 EPISODE=002 STEP=11 DIST=0.039863 YAW_ERR_DEG=14.246 REQUESTED_MOVE=0.004245 EXECUTED_MOVE=0.004215 ATTEMPT=0 SUCCESS=0 TERMINATED=0 TRUNCATED=0
DAY4_MOTION_DONE=1 ELAPSED_SIM=1.200 INITIAL_ERR=0.03600 FINAL_ERR=0.00049 ARM_V=0.00540
DAY4_STEP=1 EPISODE=002 STEP=12 DIST=0.034581 YAW_ERR_DEG=14.492 REQUESTED_MOVE=0.006286 EXECUTED_MOVE=0.006200 ATTEMPT=0 SUCCESS=0 TERMINATED=0 TRUNCATED=0
DAY4_MOTION_DONE=1 ELAPSED_SIM=1.200 INITIAL_ERR=0.04354 FINAL_ERR=0.00073 ARM_V=0.00808
DAY4_STEP=1 EPISODE=002 STEP=13 DIST=0.034440 YAW_ERR_DEG=13.448 REQUESTED_MOVE=0.003784 EXECUTED_MOVE=0.003720 ATTEMPT=0 SUCCESS=0 TERMINATED=0 TRUNCATED=0
DAY4_MOTION_DONE=1 ELAPSED_SIM=1.202 INITIAL_ERR=0.01486 FINAL_ERR=0.00022 ARM_V=0.00249
DAY4_STEP=1 EPISODE=002 STEP=14 DIST=0.037190 YAW_ERR_DEG=12.003 REQUESTED_MOVE=0.003367 EXECUTED_MOVE=0.003316 ATTEMPT=0 SUCCESS=0 TERMINATED=0 TRUNCATED=0
DAY4_MOTION_DONE=1 ELAPSED_SIM=1.242 INITIAL_ERR=0.06187 FINAL_ERR=0.00055 ARM_V=0.00609
DAY4_STEP=1 EPISODE=002 STEP=15 DIST=0.040249 YAW_ERR_DEG=16.655 REQUESTED_MOVE=0.005513 EXECUTED_MOVE=0.005464 ATTEMPT=0 SUCCESS=0 TERMINATED=0 TRUNCATED=0
DAY4_MOTION_DONE=1 ELAPSED_SIM=1.250 INITIAL_ERR=0.06545 FINAL_ERR=0.00052 ARM_V=0.00580
DAY4_STEP=1 EPISODE=002 STEP=16 DIST=0.038184 YAW_ERR_DEG=15.472 REQUESTED_MOVE=0.007063 EXECUTED_MOVE=0.007006 ATTEMPT=0 SUCCESS=0 TERMINATED=0 TRUNCATED=0
DAY4_MOTION_DONE=1 ELAPSED_SIM=1.244 INITIAL_ERR=0.06475 FINAL_ERR=0.00057 ARM_V=0.00637
DAY4_STEP=1 EPISODE=002 STEP=17 DIST=0.034417 YAW_ERR_DEG=12.088 REQUESTED_MOVE=0.004040 EXECUTED_MOVE=0.004005 ATTEMPT=0 SUCCESS=0 TERMINATED=0 TRUNCATED=0
DAY4_MOTION_DONE=1 ELAPSED_SIM=1.300 INITIAL_ERR=0.09355 FINAL_ERR=0.00054 ARM_V=0.00604
DAY4_STEP=1 EPISODE=002 STEP=18 DIST=0.035917 YAW_ERR_DEG=7.159 REQUESTED_MOVE=0.006233 EXECUTED_MOVE=0.006198 ATTEMPT=0 SUCCESS=0 TERMINATED=0 TRUNCATED=0
DAY4_MOTION_DONE=1 ELAPSED_SIM=1.252 INITIAL_ERR=0.06474 FINAL_ERR=0.00057 ARM_V=0.00638
DAY4_STEP=1 EPISODE=002 STEP=19 DIST=0.035055 YAW_ERR_DEG=10.172 REQUESTED_MOVE=0.004427 EXECUTED_MOVE=0.004387 ATTEMPT=0 SUCCESS=0 TERMINATED=0 TRUNCATED=0
DAY4_MOTION_DONE=1 ELAPSED_SIM=1.286 INITIAL_ERR=0.08814 FINAL_ERR=0.00057 ARM_V=0.00633
DAY4_STEP=1 EPISODE=002 STEP=20 DIST=0.035280 YAW_ERR_DEG=5.495 REQUESTED_MOVE=0.005876 EXECUTED_MOVE=0.005839 ATTEMPT=0 SUCCESS=0 TERMINATED=0 TRUNCATED=1
DAY4_RESET_GRIPPER=OPEN ANGLE_RAD=1.291225 EFFORT_NM=0.551784
DAY4_RESET_GRIPPER=AFTER_INITIAL_MOVE ANGLE_RAD=1.303809 EFFORT_NM=0.533614
TRIAL=003 VISUAL_CENTER=[0.15484681725502014, -0.05770999565720558, 0.01509498581811336] SURFACE=[0.15484681725502014, -0.05770999565720558, 0.03009498581811336] CONTOUR_DEG=0.00 AXIS_STD_DEG=0.00 FOOTPRINT=[0.029999516904354095, 0.029999516904354095] CONFIDENCE=0.9910
TRIAL=003 SELECTED_CONTOUR_ORIENTATION=+90.00deg TILT=0.0 LEAN=+1 SYMMETRY=1 IK_FK_POS_ERROR=0.000000m IK_FK_ORIENTATION_ERROR=0.000000rad FINGER_FK_LIFT=0.080000m FINGER_FK_DRIFT=0.000000m JOINT_MOTION=2.146368rad
DAY4_MOTION_DONE=1 ELAPSED_SIM=1.200 INITIAL_ERR=0.04951 FINAL_ERR=0.00074 ARM_V=0.00826
DAY4_STEP=1 EPISODE=003 STEP=01 DIST=0.021244 YAW_ERR_DEG=3.495 REQUESTED_MOVE=0.008196 EXECUTED_MOVE=0.008074 ATTEMPT=0 SUCCESS=0 TERMINATED=0 TRUNCATED=0
DAY4_MOTION_DONE=1 ELAPSED_SIM=1.238 INITIAL_ERR=0.05770 FINAL_ERR=0.00057 ARM_V=0.00631
DAY4_STEP=1 EPISODE=003 STEP=02 DIST=0.024174 YAW_ERR_DEG=7.563 REQUESTED_MOVE=0.004180 EXECUTED_MOVE=0.004139 ATTEMPT=0 SUCCESS=0 TERMINATED=0 TRUNCATED=0
DAY4_MOTION_DONE=1 ELAPSED_SIM=1.202 INITIAL_ERR=0.02558 FINAL_ERR=0.00038 ARM_V=0.00426
DAY4_STEP=1 EPISODE=003 STEP=03 DIST=0.023170 YAW_ERR_DEG=8.000 REQUESTED_MOVE=0.004013 EXECUTED_MOVE=0.003953 ATTEMPT=0 SUCCESS=0 TERMINATED=0 TRUNCATED=0
DAY4_MOTION_DONE=1 ELAPSED_SIM=1.260 INITIAL_ERR=0.07579 FINAL_ERR=0.00060 ARM_V=0.00671
DAY4_STEP=1 EPISODE=003 STEP=04 DIST=0.025826 YAW_ERR_DEG=12.723 REQUESTED_MOVE=0.003001 EXECUTED_MOVE=0.002977 ATTEMPT=0 SUCCESS=0 TERMINATED=0 TRUNCATED=0
DAY4_MOTION_DONE=1 ELAPSED_SIM=1.202 INITIAL_ERR=0.04638 FINAL_ERR=0.00070 ARM_V=0.00774
DAY4_STEP=1 EPISODE=003 STEP=05 DIST=0.030857 YAW_ERR_DEG=10.963 REQUESTED_MOVE=0.005382 EXECUTED_MOVE=0.005301 ATTEMPT=0 SUCCESS=0 TERMINATED=0 TRUNCATED=0
DAY4_MOTION_DONE=1 ELAPSED_SIM=1.200 INITIAL_ERR=0.04676 FINAL_ERR=0.00070 ARM_V=0.00780
DAY4_STEP=1 EPISODE=003 STEP=06 DIST=0.030292 YAW_ERR_DEG=12.258 REQUESTED_MOVE=0.006565 EXECUTED_MOVE=0.006466 ATTEMPT=0 SUCCESS=0 TERMINATED=0 TRUNCATED=0
DAY4_MOTION_DONE=1 ELAPSED_SIM=1.200 INITIAL_ERR=0.04416 FINAL_ERR=0.00066 ARM_V=0.00738
DAY4_STEP=1 EPISODE=003 STEP=07 DIST=0.029880 YAW_ERR_DEG=13.598 REQUESTED_MOVE=0.005833 EXECUTED_MOVE=0.005745 ATTEMPT=0 SUCCESS=0 TERMINATED=0 TRUNCATED=0
DAY4_MOTION_DONE=1 ELAPSED_SIM=1.274 INITIAL_ERR=0.07716 FINAL_ERR=0.00050 ARM_V=0.00554
DAY4_STEP=1 EPISODE=003 STEP=08 DIST=0.027727 YAW_ERR_DEG=17.968 REQUESTED_MOVE=0.005264 EXECUTED_MOVE=0.005230 ATTEMPT=0 SUCCESS=0 TERMINATED=0 TRUNCATED=0
DAY4_MOTION_DONE=1 ELAPSED_SIM=1.240 INITIAL_ERR=0.05888 FINAL_ERR=0.00058 ARM_V=0.00645
DAY4_STEP=1 EPISODE=003 STEP=09 DIST=0.030319 YAW_ERR_DEG=18.584 REQUESTED_MOVE=0.005713 EXECUTED_MOVE=0.005658 ATTEMPT=0 SUCCESS=0 TERMINATED=0 TRUNCATED=0
DAY4_MOTION_DONE=1 ELAPSED_SIM=1.200 INITIAL_ERR=0.04091 FINAL_ERR=0.00055 ARM_V=0.00615
DAY4_STEP=1 EPISODE=003 STEP=10 DIST=0.029337 YAW_ERR_DEG=20.537 REQUESTED_MOVE=0.004000 EXECUTED_MOVE=0.003946 ATTEMPT=0 SUCCESS=0 TERMINATED=0 TRUNCATED=0
DAY4_MOTION_DONE=1 ELAPSED_SIM=1.238 INITIAL_ERR=0.05728 FINAL_ERR=0.00051 ARM_V=0.00564
DAY4_STEP=1 EPISODE=003 STEP=11 DIST=0.032014 YAW_ERR_DEG=21.467 REQUESTED_MOVE=0.005602 EXECUTED_MOVE=0.005552 ATTEMPT=0 SUCCESS=0 TERMINATED=0 TRUNCATED=0
DAY4_MOTION_DONE=1 ELAPSED_SIM=1.262 INITIAL_ERR=0.06917 FINAL_ERR=0.00050 ARM_V=0.00552
DAY4_STEP=1 EPISODE=003 STEP=12 DIST=0.035320 YAW_ERR_DEG=24.676 REQUESTED_MOVE=0.004800 EXECUTED_MOVE=0.004765 ATTEMPT=0 SUCCESS=0 TERMINATED=0 TRUNCATED=0
DAY4_MOTION_DONE=1 ELAPSED_SIM=1.200 INITIAL_ERR=0.04052 FINAL_ERR=0.00055 ARM_V=0.00608
DAY4_STEP=1 EPISODE=003 STEP=13 DIST=0.034124 YAW_ERR_DEG=24.315 REQUESTED_MOVE=0.004702 EXECUTED_MOVE=0.004638 ATTEMPT=0 SUCCESS=0 TERMINATED=0 TRUNCATED=0
DAY4_MOTION_DONE=1 ELAPSED_SIM=1.200 INITIAL_ERR=0.02121 FINAL_ERR=0.00035 ARM_V=0.00393
DAY4_STEP=1 EPISODE=003 STEP=14 DIST=0.036826 YAW_ERR_DEG=25.418 REQUESTED_MOVE=0.004163 EXECUTED_MOVE=0.004094 ATTEMPT=0 SUCCESS=0 TERMINATED=0 TRUNCATED=0
DAY4_MOTION_DONE=1 ELAPSED_SIM=1.262 INITIAL_ERR=0.05561 FINAL_ERR=0.00055 ARM_V=0.00609
DAY4_STEP=1 EPISODE=003 STEP=15 DIST=0.039132 YAW_ERR_DEG=27.648 REQUESTED_MOVE=0.004023 EXECUTED_MOVE=0.003983 ATTEMPT=0 SUCCESS=0 TERMINATED=0 TRUNCATED=0
DAY4_MOTION_DONE=1 ELAPSED_SIM=1.248 INITIAL_ERR=0.06791 FINAL_ERR=0.00060 ARM_V=0.00668
DAY4_STEP=1 EPISODE=003 STEP=16 DIST=0.041231 YAW_ERR_DEG=29.467 REQUESTED_MOVE=0.006614 EXECUTED_MOVE=0.006555 ATTEMPT=0 SUCCESS=0 TERMINATED=0 TRUNCATED=0
DAY4_MOTION_DONE=1 ELAPSED_SIM=1.258 INITIAL_ERR=0.06676 FINAL_ERR=0.00059 ARM_V=0.00658
DAY4_STEP=1 EPISODE=003 STEP=17 DIST=0.041537 YAW_ERR_DEG=25.235 REQUESTED_MOVE=0.001428 EXECUTED_MOVE=0.001416 ATTEMPT=0 SUCCESS=0 TERMINATED=0 TRUNCATED=0
DAY4_MOTION_DONE=1 ELAPSED_SIM=1.262 INITIAL_ERR=0.07445 FINAL_ERR=0.00059 ARM_V=0.00659
DAY4_STEP=1 EPISODE=003 STEP=18 DIST=0.046404 YAW_ERR_DEG=22.905 REQUESTED_MOVE=0.007570 EXECUTED_MOVE=0.007509 ATTEMPT=0 SUCCESS=0 TERMINATED=0 TRUNCATED=0
DAY4_MOTION_DONE=1 ELAPSED_SIM=1.254 INITIAL_ERR=0.06316 FINAL_ERR=0.00056 ARM_V=0.00623
DAY4_STEP=1 EPISODE=003 STEP=19 DIST=0.048719 YAW_ERR_DEG=24.997 REQUESTED_MOVE=0.006020 EXECUTED_MOVE=0.005966 ATTEMPT=0 SUCCESS=0 TERMINATED=0 TRUNCATED=0
DAY4_MOTION_DONE=1 ELAPSED_SIM=1.246 INITIAL_ERR=0.06667 FINAL_ERR=0.00059 ARM_V=0.00656
DAY4_STEP=1 EPISODE=003 STEP=20 DIST=0.046924 YAW_ERR_DEG=27.753 REQUESTED_MOVE=0.003689 EXECUTED_MOVE=0.003656 ATTEMPT=0 SUCCESS=0 TERMINATED=0 TRUNCATED=1
DAY4_RESET_GRIPPER=OPEN ANGLE_RAD=1.291208 EFFORT_NM=0.547564
DAY4_RESET_GRIPPER=AFTER_INITIAL_MOVE ANGLE_RAD=1.302492 EFFORT_NM=0.533203
TRIAL=004 PHASE=OPEN_GRIPPER
TRIAL=004 PHASE=RETURN_OBSERVATION
DAY4_RESET_GRIPPER=OPEN ANGLE_RAD=1.291206 EFFORT_NM=0.534089
DAY4_RESET_GRIPPER=AFTER_INITIAL_MOVE ANGLE_RAD=1.298043 EFFORT_NM=0.531551
TRIAL=005 VISUAL_CENTER=[0.20444531738758087, -0.035917222034186125, 0.015100027581304326] SURFACE=[0.20444531738758087, -0.035917222034186125, 0.030100027581304326] CONTOUR_DEG=0.00 AXIS_STD_DEG=0.00 FOOTPRINT=[0.02998077403753996, 0.02998077403753996] CONFIDENCE=0.9966
TRIAL=005 SELECTED_CONTOUR_ORIENTATION=+90.00deg TILT=0.0 LEAN=-1 SYMMETRY=1 IK_FK_POS_ERROR=0.000000m IK_FK_ORIENTATION_ERROR=0.000000rad FINGER_FK_LIFT=0.080000m FINGER_FK_DRIFT=0.000000m JOINT_MOTION=2.468373rad
DAY4_MOTION_DONE=1 ELAPSED_SIM=1.256 INITIAL_ERR=0.06416 FINAL_ERR=0.00051 ARM_V=0.00569
DAY4_STEP=1 EPISODE=005 STEP=01 DIST=0.025581 YAW_ERR_DEG=3.108 REQUESTED_MOVE=0.005296 EXECUTED_MOVE=0.005255 ATTEMPT=0 SUCCESS=0 TERMINATED=0 TRUNCATED=0
DAY4_MOTION_DONE=1 ELAPSED_SIM=1.246 INITIAL_ERR=0.06524 FINAL_ERR=0.00052 ARM_V=0.00579
DAY4_STEP=1 EPISODE=005 STEP=02 DIST=0.027214 YAW_ERR_DEG=1.008 REQUESTED_MOVE=0.002566 EXECUTED_MOVE=0.002545 ATTEMPT=0 SUCCESS=0 TERMINATED=0 TRUNCATED=0
DAY4_MOTION_DONE=1 ELAPSED_SIM=1.254 INITIAL_ERR=0.06274 FINAL_ERR=0.00056 ARM_V=0.00618
DAY4_STEP=1 EPISODE=005 STEP=03 DIST=0.028794 YAW_ERR_DEG=5.739 REQUESTED_MOVE=0.004450 EXECUTED_MOVE=0.004411 ATTEMPT=0 SUCCESS=0 TERMINATED=0 TRUNCATED=0
DAY4_MOTION_DONE=1 ELAPSED_SIM=1.260 INITIAL_ERR=0.06589 FINAL_ERR=0.00053 ARM_V=0.00584
DAY4_STEP=1 EPISODE=005 STEP=04 DIST=0.031793 YAW_ERR_DEG=10.083 REQUESTED_MOVE=0.003931 EXECUTED_MOVE=0.003901 ATTEMPT=0 SUCCESS=0 TERMINATED=0 TRUNCATED=0
DAY4_MOTION_DONE=1 ELAPSED_SIM=1.202 INITIAL_ERR=0.04917 FINAL_ERR=0.00066 ARM_V=0.00738
DAY4_STEP=1 EPISODE=005 STEP=05 DIST=0.030222 YAW_ERR_DEG=9.586 REQUESTED_MOVE=0.006780 EXECUTED_MOVE=0.006688 ATTEMPT=0 SUCCESS=0 TERMINATED=0 TRUNCATED=0
DAY4_MOTION_DONE=1 ELAPSED_SIM=1.202 INITIAL_ERR=0.01718 FINAL_ERR=0.00029 ARM_V=0.00319
DAY4_STEP=1 EPISODE=005 STEP=06 DIST=0.028390 YAW_ERR_DEG=10.247 REQUESTED_MOVE=0.002358 EXECUTED_MOVE=0.002319 ATTEMPT=0 SUCCESS=0 TERMINATED=0 TRUNCATED=0
DAY4_MOTION_DONE=1 ELAPSED_SIM=1.248 INITIAL_ERR=0.06355 FINAL_ERR=0.00056 ARM_V=0.00626
DAY4_STEP=1 EPISODE=005 STEP=07 DIST=0.025631 YAW_ERR_DEG=12.890 REQUESTED_MOVE=0.004290 EXECUTED_MOVE=0.004252 ATTEMPT=0 SUCCESS=0 TERMINATED=0 TRUNCATED=0
DAY4_MOTION_DONE=1 ELAPSED_SIM=1.276 INITIAL_ERR=0.08481 FINAL_ERR=0.00055 ARM_V=0.00609
DAY4_STEP=1 EPISODE=005 STEP=08 DIST=0.024239 YAW_ERR_DEG=16.535 REQUESTED_MOVE=0.004793 EXECUTED_MOVE=0.004762 ATTEMPT=0 SUCCESS=0 TERMINATED=0 TRUNCATED=0
DAY4_MOTION_DONE=1 ELAPSED_SIM=1.202 INITIAL_ERR=0.04653 FINAL_ERR=0.00070 ARM_V=0.00776
DAY4_STEP=1 EPISODE=005 STEP=09 DIST=0.019578 YAW_ERR_DEG=17.782 REQUESTED_MOVE=0.005155 EXECUTED_MOVE=0.005077 ATTEMPT=0 SUCCESS=0 TERMINATED=0 TRUNCATED=0
DAY4_MOTION_DONE=1 ELAPSED_SIM=1.200 INITIAL_ERR=0.03545 FINAL_ERR=0.00059 ARM_V=0.00659
DAY4_STEP=1 EPISODE=005 STEP=10 DIST=0.021339 YAW_ERR_DEG=16.313 REQUESTED_MOVE=0.002645 EXECUTED_MOVE=0.002601 ATTEMPT=0 SUCCESS=0 TERMINATED=0 TRUNCATED=0
DAY4_MOTION_DONE=1 ELAPSED_SIM=1.258 INITIAL_ERR=0.06996 FINAL_ERR=0.00050 ARM_V=0.00558
DAY4_STEP=1 EPISODE=005 STEP=11 DIST=0.023451 YAW_ERR_DEG=11.711 REQUESTED_MOVE=0.006504 EXECUTED_MOVE=0.006457 ATTEMPT=0 SUCCESS=0 TERMINATED=0 TRUNCATED=0
DAY4_MOTION_DONE=1 ELAPSED_SIM=1.264 INITIAL_ERR=0.07286 FINAL_ERR=0.00058 ARM_V=0.00646
DAY4_STEP=1 EPISODE=005 STEP=12 DIST=0.022345 YAW_ERR_DEG=16.642 REQUESTED_MOVE=0.004025 EXECUTED_MOVE=0.003993 ATTEMPT=0 SUCCESS=0 TERMINATED=0 TRUNCATED=0
DAY4_MOTION_DONE=1 ELAPSED_SIM=1.292 INITIAL_ERR=0.09367 FINAL_ERR=0.00055 ARM_V=0.00606
DAY4_STEP=1 EPISODE=005 STEP=13 DIST=0.022870 YAW_ERR_DEG=11.933 REQUESTED_MOVE=0.002493 EXECUTED_MOVE=0.002479 ATTEMPT=0 SUCCESS=0 TERMINATED=0 TRUNCATED=0
DAY4_MOTION_DONE=1 ELAPSED_SIM=1.298 INITIAL_ERR=0.07963 FINAL_ERR=0.00051 ARM_V=0.00572
DAY4_STEP=1 EPISODE=005 STEP=14 DIST=0.026705 YAW_ERR_DEG=16.284 REQUESTED_MOVE=0.004392 EXECUTED_MOVE=0.004364 ATTEMPT=0 SUCCESS=0 TERMINATED=0 TRUNCATED=0
DAY4_MOTION_DONE=1 ELAPSED_SIM=1.200 INITIAL_ERR=0.01387 FINAL_ERR=0.00021 ARM_V=0.00231
DAY4_STEP=1 EPISODE=005 STEP=15 DIST=0.025883 YAW_ERR_DEG=17.137 REQUESTED_MOVE=0.003423 EXECUTED_MOVE=0.003372 ATTEMPT=0 SUCCESS=0 TERMINATED=0 TRUNCATED=0
DAY4_MOTION_DONE=1 ELAPSED_SIM=1.236 INITIAL_ERR=0.05065 FINAL_ERR=0.00050 ARM_V=0.00554
DAY4_STEP=1 EPISODE=005 STEP=16 DIST=0.025256 YAW_ERR_DEG=16.283 REQUESTED_MOVE=0.005474 EXECUTED_MOVE=0.005419 ATTEMPT=0 SUCCESS=0 TERMINATED=0 TRUNCATED=0
DAY4_MOTION_DONE=1 ELAPSED_SIM=1.292 INITIAL_ERR=0.07074 FINAL_ERR=0.00051 ARM_V=0.00564
DAY4_STEP=1 EPISODE=005 STEP=17 DIST=0.028248 YAW_ERR_DEG=13.471 REQUESTED_MOVE=0.005144 EXECUTED_MOVE=0.005107 ATTEMPT=0 SUCCESS=0 TERMINATED=0 TRUNCATED=0
DAY4_MOTION_DONE=1 ELAPSED_SIM=1.240 INITIAL_ERR=0.05533 FINAL_ERR=0.00054 ARM_V=0.00605
DAY4_STEP=1 EPISODE=005 STEP=18 DIST=0.032404 YAW_ERR_DEG=11.713 REQUESTED_MOVE=0.005768 EXECUTED_MOVE=0.005712 ATTEMPT=0 SUCCESS=0 TERMINATED=0 TRUNCATED=0
DAY4_MOTION_DONE=1 ELAPSED_SIM=1.200 INITIAL_ERR=0.04697 FINAL_ERR=0.00078 ARM_V=0.00869
DAY4_STEP=1 EPISODE=005 STEP=19 DIST=0.031129 YAW_ERR_DEG=11.929 REQUESTED_MOVE=0.005492 EXECUTED_MOVE=0.005400 ATTEMPT=0 SUCCESS=0 TERMINATED=0 TRUNCATED=0
DAY4_MOTION_DONE=1 ELAPSED_SIM=1.252 INITIAL_ERR=0.05849 FINAL_ERR=0.00052 ARM_V=0.00577
DAY4_STEP=1 EPISODE=005 STEP=20 DIST=0.029753 YAW_ERR_DEG=15.237 REQUESTED_MOVE=0.004810 EXECUTED_MOVE=0.004767 ATTEMPT=0 SUCCESS=0 TERMINATED=0 TRUNCATED=1
DAY4_RESET_GRIPPER=OPEN ANGLE_RAD=1.291174 EFFORT_NM=0.550380
DAY4_RESET_GRIPPER=AFTER_INITIAL_MOVE ANGLE_RAD=1.303103 EFFORT_NM=0.533612
TRIAL=006 VISUAL_CENTER=[0.2162332832813263, -0.05514796171337366, 0.015101519432815999] SURFACE=[0.2162332832813263, -0.05514796171337366, 0.030101519432816] CONTOUR_DEG=0.00 AXIS_STD_DEG=0.00 FOOTPRINT=[0.029974039644002914, 0.029974039644002914] CONFIDENCE=0.9939
TRIAL=006 PHASE=OPEN_GRIPPER
TRIAL=006 PHASE=RETURN_OBSERVATION
DAY4_RESET_GRIPPER=OPEN ANGLE_RAD=1.291181 EFFORT_NM=0.534167
DAY4_RESET_GRIPPER=AFTER_INITIAL_MOVE ANGLE_RAD=1.298065 EFFORT_NM=0.531541
TRIAL=007 VISUAL_CENTER=[0.2105921506881714, -0.004068844020366669, 0.015100840564459192] SURFACE=[0.2105921506881714, -0.004068844020366669, 0.03010084056445919] CONTOUR_DEG=0.00 AXIS_STD_DEG=0.00 FOOTPRINT=[0.029948342591524124, 0.029948342591524124] CONFIDENCE=0.9954
TRIAL=007 SELECTED_CONTOUR_ORIENTATION=+90.00deg TILT=0.0 LEAN=+1 SYMMETRY=1 IK_FK_POS_ERROR=0.000000m IK_FK_ORIENTATION_ERROR=0.000000rad FINGER_FK_LIFT=0.080000m FINGER_FK_DRIFT=0.000000m JOINT_MOTION=2.521289rad
DAY4_MOTION_DONE=1 ELAPSED_SIM=1.202 INITIAL_ERR=0.03378 FINAL_ERR=0.00063 ARM_V=0.00695
DAY4_STEP=1 EPISODE=007 STEP=01 DIST=0.023746 YAW_ERR_DEG=2.420 REQUESTED_MOVE=0.005127 EXECUTED_MOVE=0.005033 ATTEMPT=0 SUCCESS=0 TERMINATED=0 TRUNCATED=0
DAY4_MOTION_DONE=1 ELAPSED_SIM=1.202 INITIAL_ERR=0.03656 FINAL_ERR=0.00061 ARM_V=0.00678
DAY4_STEP=1 EPISODE=007 STEP=02 DIST=0.028416 YAW_ERR_DEG=1.624 REQUESTED_MOVE=0.005977 EXECUTED_MOVE=0.005878 ATTEMPT=0 SUCCESS=0 TERMINATED=0 TRUNCATED=0
DAY4_MOTION_DONE=1 ELAPSED_SIM=1.202 INITIAL_ERR=0.03999 FINAL_ERR=0.00074 ARM_V=0.00824
DAY4_STEP=1 EPISODE=007 STEP=03 DIST=0.025023 YAW_ERR_DEG=3.412 REQUESTED_MOVE=0.004099 EXECUTED_MOVE=0.004022 ATTEMPT=0 SUCCESS=0 TERMINATED=0 TRUNCATED=0
DAY4_MOTION_DONE=1 ELAPSED_SIM=1.274 INITIAL_ERR=0.09039 FINAL_ERR=0.00058 ARM_V=0.00649
DAY4_STEP=1 EPISODE=007 STEP=04 DIST=0.028941 YAW_ERR_DEG=0.970 REQUESTED_MOVE=0.004349 EXECUTED_MOVE=0.004320 ATTEMPT=0 SUCCESS=0 TERMINATED=0 TRUNCATED=0
DAY4_MOTION_DONE=1 ELAPSED_SIM=1.260 INITIAL_ERR=0.07073 FINAL_ERR=0.00051 ARM_V=0.00565
DAY4_STEP=1 EPISODE=007 STEP=05 DIST=0.030538 YAW_ERR_DEG=3.893 REQUESTED_MOVE=0.003291 EXECUTED_MOVE=0.003267 ATTEMPT=0 SUCCESS=0 TERMINATED=0 TRUNCATED=0
DAY4_MOTION_DONE=1 ELAPSED_SIM=1.200 INITIAL_ERR=0.04658 FINAL_ERR=0.00063 ARM_V=0.00700
DAY4_STEP=1 EPISODE=007 STEP=06 DIST=0.033372 YAW_ERR_DEG=2.358 REQUESTED_MOVE=0.004244 EXECUTED_MOVE=0.004187 ATTEMPT=0 SUCCESS=0 TERMINATED=0 TRUNCATED=0
DAY4_MOTION_DONE=1 ELAPSED_SIM=1.250 INITIAL_ERR=0.06511 FINAL_ERR=0.00052 ARM_V=0.00577
DAY4_STEP=1 EPISODE=007 STEP=07 DIST=0.035840 YAW_ERR_DEG=2.605 REQUESTED_MOVE=0.006347 EXECUTED_MOVE=0.006297 ATTEMPT=0 SUCCESS=0 TERMINATED=0 TRUNCATED=0
DAY4_MOTION_DONE=1 ELAPSED_SIM=1.264 INITIAL_ERR=0.08136 FINAL_ERR=0.00053 ARM_V=0.00584
DAY4_STEP=1 EPISODE=007 STEP=08 DIST=0.033447 YAW_ERR_DEG=0.123 REQUESTED_MOVE=0.005825 EXECUTED_MOVE=0.005786 ATTEMPT=0 SUCCESS=0 TERMINATED=0 TRUNCATED=0
DAY4_MOTION_DONE=1 ELAPSED_SIM=1.258 INITIAL_ERR=0.06651 FINAL_ERR=0.00059 ARM_V=0.00656
DAY4_STEP=1 EPISODE=007 STEP=09 DIST=0.038335 YAW_ERR_DEG=1.591 REQUESTED_MOVE=0.006026 EXECUTED_MOVE=0.005974 ATTEMPT=0 SUCCESS=0 TERMINATED=0 TRUNCATED=0
DAY4_MOTION_DONE=1 ELAPSED_SIM=1.202 INITIAL_ERR=0.02258 FINAL_ERR=0.00034 ARM_V=0.00376
DAY4_STEP=1 EPISODE=007 STEP=10 DIST=0.037972 YAW_ERR_DEG=0.964 REQUESTED_MOVE=0.003980 EXECUTED_MOVE=0.003920 ATTEMPT=0 SUCCESS=0 TERMINATED=0 TRUNCATED=0
DAY4_MOTION_DONE=1 ELAPSED_SIM=1.276 INITIAL_ERR=0.09013 FINAL_ERR=0.00058 ARM_V=0.00647
DAY4_STEP=1 EPISODE=007 STEP=11 DIST=0.042125 YAW_ERR_DEG=3.131 REQUESTED_MOVE=0.004816 EXECUTED_MOVE=0.004785 ATTEMPT=0 SUCCESS=0 TERMINATED=0 TRUNCATED=0
DAY4_MOTION_DONE=1 ELAPSED_SIM=1.242 INITIAL_ERR=0.06050 FINAL_ERR=0.00054 ARM_V=0.00595
DAY4_STEP=1 EPISODE=007 STEP=12 DIST=0.040913 YAW_ERR_DEG=7.570 REQUESTED_MOVE=0.005898 EXECUTED_MOVE=0.005846 ATTEMPT=0 SUCCESS=0 TERMINATED=0 TRUNCATED=0
DAY4_MOTION_DONE=1 ELAPSED_SIM=1.202 INITIAL_ERR=0.02521 FINAL_ERR=0.00034 ARM_V=0.00379
DAY4_STEP=1 EPISODE=007 STEP=13 DIST=0.037375 YAW_ERR_DEG=7.974 REQUESTED_MOVE=0.005020 EXECUTED_MOVE=0.004952 ATTEMPT=0 SUCCESS=0 TERMINATED=0 TRUNCATED=0
DAY4_MOTION_DONE=1 ELAPSED_SIM=1.228 INITIAL_ERR=0.05543 FINAL_ERR=0.00055 ARM_V=0.00607
DAY4_STEP=1 EPISODE=007 STEP=14 DIST=0.036270 YAW_ERR_DEG=5.819 REQUESTED_MOVE=0.004574 EXECUTED_MOVE=0.004529 ATTEMPT=0 SUCCESS=0 TERMINATED=0 TRUNCATED=0
DAY4_MOTION_DONE=1 ELAPSED_SIM=1.244 INITIAL_ERR=0.06402 FINAL_ERR=0.00057 ARM_V=0.00630
DAY4_STEP=1 EPISODE=007 STEP=15 DIST=0.034645 YAW_ERR_DEG=2.545 REQUESTED_MOVE=0.001977 EXECUTED_MOVE=0.001960 ATTEMPT=0 SUCCESS=0 TERMINATED=0 TRUNCATED=0
DAY4_MOTION_DONE=1 ELAPSED_SIM=1.202 INITIAL_ERR=0.03895 FINAL_ERR=0.00053 ARM_V=0.00585
DAY4_STEP=1 EPISODE=007 STEP=16 DIST=0.033099 YAW_ERR_DEG=4.442 REQUESTED_MOVE=0.003773 EXECUTED_MOVE=0.003722 ATTEMPT=0 SUCCESS=0 TERMINATED=0 TRUNCATED=0
DAY4_MOTION_DONE=1 ELAPSED_SIM=1.264 INITIAL_ERR=0.06824 FINAL_ERR=0.00060 ARM_V=0.00671
DAY4_STEP=1 EPISODE=007 STEP=17 DIST=0.033340 YAW_ERR_DEG=7.857 REQUESTED_MOVE=0.004036 EXECUTED_MOVE=0.004001 ATTEMPT=0 SUCCESS=0 TERMINATED=0 TRUNCATED=0
DAY4_MOTION_DONE=1 ELAPSED_SIM=1.238 INITIAL_ERR=0.06101 FINAL_ERR=0.00054 ARM_V=0.00601
DAY4_STEP=1 EPISODE=007 STEP=18 DIST=0.032870 YAW_ERR_DEG=3.911 REQUESTED_MOVE=0.004529 EXECUTED_MOVE=0.004489 ATTEMPT=0 SUCCESS=0 TERMINATED=0 TRUNCATED=0
DAY4_MOTION_DONE=1 ELAPSED_SIM=1.242 INITIAL_ERR=0.05904 FINAL_ERR=0.00052 ARM_V=0.00581
DAY4_STEP=1 EPISODE=007 STEP=19 DIST=0.029346 YAW_ERR_DEG=6.561 REQUESTED_MOVE=0.005522 EXECUTED_MOVE=0.005472 ATTEMPT=0 SUCCESS=0 TERMINATED=0 TRUNCATED=0
DAY4_MOTION_DONE=1 ELAPSED_SIM=1.254 INITIAL_ERR=0.06426 FINAL_ERR=0.00051 ARM_V=0.00570
DAY4_STEP=1 EPISODE=007 STEP=20 DIST=0.029222 YAW_ERR_DEG=3.633 REQUESTED_MOVE=0.006539 EXECUTED_MOVE=0.006487 ATTEMPT=0 SUCCESS=0 TERMINATED=0 TRUNCATED=1
DAY4_RESET_GRIPPER=OPEN ANGLE_RAD=1.291140 EFFORT_NM=0.561545
DAY4_RESET_GRIPPER=AFTER_INITIAL_MOVE ANGLE_RAD=1.306123 EFFORT_NM=0.535441
TRIAL=008 VISUAL_CENTER=[0.19506098330020905, -0.009740359149873257, 0.015099195557118833] SURFACE=[0.19506098330020905, -0.009740359149873257, 0.030099195557118832] CONTOUR_DEG=-0.00 AXIS_STD_DEG=0.00 FOOTPRINT=[0.029723644256591797, 0.029723644256591797] CONFIDENCE=0.9944
TRIAL=008 SELECTED_CONTOUR_ORIENTATION=+90.00deg TILT=0.0 LEAN=-1 SYMMETRY=1 IK_FK_POS_ERROR=0.000000m IK_FK_ORIENTATION_ERROR=0.000000rad FINGER_FK_LIFT=0.080000m FINGER_FK_DRIFT=0.000000m JOINT_MOTION=2.186952rad
DAY4_MOTION_DONE=1 ELAPSED_SIM=1.286 INITIAL_ERR=0.08739 FINAL_ERR=0.00051 ARM_V=0.00565
DAY4_STEP=1 EPISODE=008 STEP=01 DIST=0.022715 YAW_ERR_DEG=3.615 REQUESTED_MOVE=0.005438 EXECUTED_MOVE=0.005407 ATTEMPT=0 SUCCESS=0 TERMINATED=0 TRUNCATED=0
DAY4_MOTION_DONE=1 ELAPSED_SIM=1.236 INITIAL_ERR=0.05793 FINAL_ERR=0.00051 ARM_V=0.00570
DAY4_STEP=1 EPISODE=008 STEP=02 DIST=0.021272 YAW_ERR_DEG=3.880 REQUESTED_MOVE=0.005534 EXECUTED_MOVE=0.005484 ATTEMPT=0 SUCCESS=0 TERMINATED=0 TRUNCATED=0
DAY4_MOTION_DONE=1 ELAPSED_SIM=1.244 INITIAL_ERR=0.06015 FINAL_ERR=0.00059 ARM_V=0.00658
DAY4_STEP=1 EPISODE=008 STEP=03 DIST=0.023684 YAW_ERR_DEG=6.712 REQUESTED_MOVE=0.003069 EXECUTED_MOVE=0.003039 ATTEMPT=0 SUCCESS=0 TERMINATED=0 TRUNCATED=0
DAY4_MOTION_DONE=1 ELAPSED_SIM=1.260 INITIAL_ERR=0.06995 FINAL_ERR=0.00056 ARM_V=0.00620
DAY4_STEP=1 EPISODE=008 STEP=04 DIST=0.027761 YAW_ERR_DEG=2.651 REQUESTED_MOVE=0.004138 EXECUTED_MOVE=0.004105 ATTEMPT=0 SUCCESS=0 TERMINATED=0 TRUNCATED=0
DAY4_MOTION_DONE=1 ELAPSED_SIM=1.200 INITIAL_ERR=0.03698 FINAL_ERR=0.00056 ARM_V=0.00617
DAY4_STEP=1 EPISODE=008 STEP=05 DIST=0.026547 YAW_ERR_DEG=5.501 REQUESTED_MOVE=0.005935 EXECUTED_MOVE=0.005846 ATTEMPT=0 SUCCESS=0 TERMINATED=0 TRUNCATED=0
DAY4_MOTION_DONE=1 ELAPSED_SIM=1.252 INITIAL_ERR=0.05185 FINAL_ERR=0.00051 ARM_V=0.00567
DAY4_STEP=1 EPISODE=008 STEP=06 DIST=0.025462 YAW_ERR_DEG=7.619 REQUESTED_MOVE=0.004866 EXECUTED_MOVE=0.004818 ATTEMPT=0 SUCCESS=0 TERMINATED=0 TRUNCATED=0
DAY4_MOTION_DONE=1 ELAPSED_SIM=1.238 INITIAL_ERR=0.05712 FINAL_ERR=0.00056 ARM_V=0.00625
DAY4_STEP=1 EPISODE=008 STEP=07 DIST=0.025283 YAW_ERR_DEG=10.642 REQUESTED_MOVE=0.006271 EXECUTED_MOVE=0.006210 ATTEMPT=0 SUCCESS=0 TERMINATED=0 TRUNCATED=0
DAY4_MOTION_DONE=1 ELAPSED_SIM=1.254 INITIAL_ERR=0.06702 FINAL_ERR=0.00053 ARM_V=0.00593
DAY4_STEP=1 EPISODE=008 STEP=08 DIST=0.029688 YAW_ERR_DEG=15.547 REQUESTED_MOVE=0.005999 EXECUTED_MOVE=0.005952 ATTEMPT=0 SUCCESS=0 TERMINATED=0 TRUNCATED=0
DAY4_MOTION_DONE=1 ELAPSED_SIM=1.256 INITIAL_ERR=0.06188 FINAL_ERR=0.00055 ARM_V=0.00610
DAY4_STEP=1 EPISODE=008 STEP=09 DIST=0.028547 YAW_ERR_DEG=10.806 REQUESTED_MOVE=0.004223 EXECUTED_MOVE=0.004185 ATTEMPT=0 SUCCESS=0 TERMINATED=0 TRUNCATED=0
DAY4_MOTION_DONE=1 ELAPSED_SIM=1.292 INITIAL_ERR=0.07695 FINAL_ERR=0.00055 ARM_V=0.00614
DAY4_STEP=1 EPISODE=008 STEP=10 DIST=0.025236 YAW_ERR_DEG=6.472 REQUESTED_MOVE=0.004263 EXECUTED_MOVE=0.004232 ATTEMPT=0 SUCCESS=0 TERMINATED=0 TRUNCATED=0
DAY4_MOTION_DONE=1 ELAPSED_SIM=1.202 INITIAL_ERR=0.04205 FINAL_ERR=0.00057 ARM_V=0.00631
DAY4_STEP=1 EPISODE=008 STEP=11 DIST=0.031148 YAW_ERR_DEG=3.636 REQUESTED_MOVE=0.008037 EXECUTED_MOVE=0.007929 ATTEMPT=0 SUCCESS=0 TERMINATED=0 TRUNCATED=0
DAY4_MOTION_DONE=1 ELAPSED_SIM=1.202 INITIAL_ERR=0.04800 FINAL_ERR=0.00080 ARM_V=0.00889
DAY4_STEP=1 EPISODE=008 STEP=12 DIST=0.032052 YAW_ERR_DEG=5.605 REQUESTED_MOVE=0.004637 EXECUTED_MOVE=0.004560 ATTEMPT=0 SUCCESS=0 TERMINATED=0 TRUNCATED=0
DAY4_MOTION_DONE=1 ELAPSED_SIM=1.272 INITIAL_ERR=0.08415 FINAL_ERR=0.00054 ARM_V=0.00604
DAY4_STEP=1 EPISODE=008 STEP=13 DIST=0.030224 YAW_ERR_DEG=9.136 REQUESTED_MOVE=0.005442 EXECUTED_MOVE=0.005406 ATTEMPT=0 SUCCESS=0 TERMINATED=0 TRUNCATED=0
DAY4_MOTION_DONE=1 ELAPSED_SIM=1.202 INITIAL_ERR=0.02771 FINAL_ERR=0.00037 ARM_V=0.00416
DAY4_STEP=1 EPISODE=008 STEP=14 DIST=0.025444 YAW_ERR_DEG=8.258 REQUESTED_MOVE=0.005116 EXECUTED_MOVE=0.005046 ATTEMPT=0 SUCCESS=0 TERMINATED=0 TRUNCATED=0
DAY4_MOTION_DONE=1 ELAPSED_SIM=1.200 INITIAL_ERR=0.04237 FINAL_ERR=0.00057 ARM_V=0.00636
DAY4_STEP=1 EPISODE=008 STEP=15 DIST=0.029570 YAW_ERR_DEG=8.211 REQUESTED_MOVE=0.006011 EXECUTED_MOVE=0.005930 ATTEMPT=0 SUCCESS=0 TERMINATED=0 TRUNCATED=0
DAY4_MOTION_DONE=1 ELAPSED_SIM=1.286 INITIAL_ERR=0.08604 FINAL_ERR=0.00056 ARM_V=0.00618
DAY4_STEP=1 EPISODE=008 STEP=16 DIST=0.032609 YAW_ERR_DEG=12.028 REQUESTED_MOVE=0.006054 EXECUTED_MOVE=0.006015 ATTEMPT=0 SUCCESS=0 TERMINATED=0 TRUNCATED=0
DAY4_MOTION_DONE=1 ELAPSED_SIM=1.252 INITIAL_ERR=0.06762 FINAL_ERR=0.00054 ARM_V=0.00599
DAY4_STEP=1 EPISODE=008 STEP=17 DIST=0.034185 YAW_ERR_DEG=15.146 REQUESTED_MOVE=0.006077 EXECUTED_MOVE=0.006029 ATTEMPT=0 SUCCESS=0 TERMINATED=0 TRUNCATED=0
DAY4_MOTION_DONE=1 ELAPSED_SIM=1.266 INITIAL_ERR=0.06920 FINAL_ERR=0.00050 ARM_V=0.00552
DAY4_STEP=1 EPISODE=008 STEP=18 DIST=0.033076 YAW_ERR_DEG=17.962 REQUESTED_MOVE=0.006029 EXECUTED_MOVE=0.005986 ATTEMPT=0 SUCCESS=0 TERMINATED=0 TRUNCATED=0
DAY4_MOTION_DONE=1 ELAPSED_SIM=1.200 INITIAL_ERR=0.02665 FINAL_ERR=0.00036 ARM_V=0.00399
DAY4_STEP=1 EPISODE=008 STEP=19 DIST=0.035849 YAW_ERR_DEG=19.815 REQUESTED_MOVE=0.004761 EXECUTED_MOVE=0.004696 ATTEMPT=0 SUCCESS=0 TERMINATED=0 TRUNCATED=0
DAY4_MOTION_DONE=1 ELAPSED_SIM=1.272 INITIAL_ERR=0.07929 FINAL_ERR=0.00057 ARM_V=0.00632
DAY4_STEP=1 EPISODE=008 STEP=20 DIST=0.040293 YAW_ERR_DEG=22.835 REQUESTED_MOVE=0.005207 EXECUTED_MOVE=0.005170 ATTEMPT=0 SUCCESS=0 TERMINATED=0 TRUNCATED=1
DAY4_RESET_GRIPPER=OPEN ANGLE_RAD=1.291218 EFFORT_NM=0.542640
DAY4_RESET_GRIPPER=AFTER_INITIAL_MOVE ANGLE_RAD=1.301826 EFFORT_NM=0.531046
TRIAL=009 VISUAL_CENTER=[0.23148898780345917, -0.008997375145554543, 0.015103103975963969] SURFACE=[0.23148898780345917, -0.008997375145554543, 0.03010310397596397] CONTOUR_DEG=0.00 AXIS_STD_DEG=0.00 FOOTPRINT=[0.029975764453411102, 0.029975764453411102] CONFIDENCE=0.9959
TRIAL=009 PHASE=OPEN_GRIPPER
TRIAL=009 PHASE=RETURN_OBSERVATION
DAY4_RESET_GRIPPER=OPEN ANGLE_RAD=1.291143 EFFORT_NM=0.534112
DAY4_RESET_GRIPPER=AFTER_INITIAL_MOVE ANGLE_RAD=1.298042 EFFORT_NM=0.531547
TRIAL=010 PHASE=OPEN_GRIPPER
TRIAL=010 PHASE=RETURN_OBSERVATION
DAY4_RESET_GRIPPER=OPEN ANGLE_RAD=1.291211 EFFORT_NM=0.534098
DAY4_RESET_GRIPPER=AFTER_INITIAL_MOVE ANGLE_RAD=1.298058 EFFORT_NM=0.531539
TRIAL=011 VISUAL_CENTER=[0.16474169492721558, -0.04151982767507434, 0.015095919846082703] SURFACE=[0.16474169492721558, -0.04151982767507434, 0.030095919846082703] CONTOUR_DEG=0.03 AXIS_STD_DEG=0.00 FOOTPRINT=[0.029988685622811317, 0.029988685622811317] CONFIDENCE=0.9939
TRIAL=011 SELECTED_CONTOUR_ORIENTATION=+90.03deg TILT=0.0 LEAN=-1 SYMMETRY=1 IK_FK_POS_ERROR=0.000000m IK_FK_ORIENTATION_ERROR=0.000000rad FINGER_FK_LIFT=0.080000m FINGER_FK_DRIFT=0.000000m JOINT_MOTION=2.055043rad
DAY4_MOTION_DONE=1 ELAPSED_SIM=1.202 INITIAL_ERR=0.02471 FINAL_ERR=0.00037 ARM_V=0.00412
DAY4_STEP=1 EPISODE=011 STEP=01 DIST=0.024446 YAW_ERR_DEG=1.699 REQUESTED_MOVE=0.001711 EXECUTED_MOVE=0.001686 ATTEMPT=0 SUCCESS=0 TERMINATED=0 TRUNCATED=0
DAY4_MOTION_DONE=1 ELAPSED_SIM=1.202 INITIAL_ERR=0.04268 FINAL_ERR=0.00058 ARM_V=0.00641
DAY4_STEP=1 EPISODE=011 STEP=02 DIST=0.027072 YAW_ERR_DEG=0.275 REQUESTED_MOVE=0.004933 EXECUTED_MOVE=0.004867 ATTEMPT=0 SUCCESS=0 TERMINATED=0 TRUNCATED=0
DAY4_MOTION_DONE=1 ELAPSED_SIM=1.272 INITIAL_ERR=0.08861 FINAL_ERR=0.00052 ARM_V=0.00573
DAY4_STEP=1 EPISODE=011 STEP=03 DIST=0.024433 YAW_ERR_DEG=3.918 REQUESTED_MOVE=0.004915 EXECUTED_MOVE=0.004887 ATTEMPT=0 SUCCESS=0 TERMINATED=0 TRUNCATED=0
DAY4_MOTION_DONE=1 ELAPSED_SIM=1.226 INITIAL_ERR=0.05456 FINAL_ERR=0.00060 ARM_V=0.00664
DAY4_STEP=1 EPISODE=011 STEP=04 DIST=0.023619 YAW_ERR_DEG=1.173 REQUESTED_MOVE=0.001336 EXECUTED_MOVE=0.001321 ATTEMPT=0 SUCCESS=0 TERMINATED=0 TRUNCATED=0
DAY4_MOTION_DONE=1 ELAPSED_SIM=1.202 INITIAL_ERR=0.03659 FINAL_ERR=0.00055 ARM_V=0.00609
DAY4_STEP=1 EPISODE=011 STEP=05 DIST=0.020347 YAW_ERR_DEG=0.646 REQUESTED_MOVE=0.004747 EXECUTED_MOVE=0.004675 ATTEMPT=0 SUCCESS=0 TERMINATED=0 TRUNCATED=0
DAY4_MOTION_DONE=1 ELAPSED_SIM=1.282 INITIAL_ERR=0.07172 FINAL_ERR=0.00052 ARM_V=0.00572
DAY4_STEP=1 EPISODE=011 STEP=06 DIST=0.024688 YAW_ERR_DEG=1.756 REQUESTED_MOVE=0.006788 EXECUTED_MOVE=0.006739 ATTEMPT=0 SUCCESS=0 TERMINATED=0 TRUNCATED=0
DAY4_MOTION_DONE=1 ELAPSED_SIM=1.252 INITIAL_ERR=0.06221 FINAL_ERR=0.00055 ARM_V=0.00612
DAY4_STEP=1 EPISODE=011 STEP=07 DIST=0.027676 YAW_ERR_DEG=4.690 REQUESTED_MOVE=0.005924 EXECUTED_MOVE=0.005872 ATTEMPT=0 SUCCESS=0 TERMINATED=0 TRUNCATED=0
DAY4_MOTION_DONE=1 ELAPSED_SIM=1.202 INITIAL_ERR=0.02595 FINAL_ERR=0.00043 ARM_V=0.00480
DAY4_STEP=1 EPISODE=011 STEP=08 DIST=0.029231 YAW_ERR_DEG=3.913 REQUESTED_MOVE=0.002980 EXECUTED_MOVE=0.002931 ATTEMPT=0 SUCCESS=0 TERMINATED=0 TRUNCATED=0
DAY4_MOTION_DONE=1 ELAPSED_SIM=1.202 INITIAL_ERR=0.04555 FINAL_ERR=0.00062 ARM_V=0.00684
DAY4_STEP=1 EPISODE=011 STEP=09 DIST=0.031239 YAW_ERR_DEG=6.318 REQUESTED_MOVE=0.003332 EXECUTED_MOVE=0.003287 ATTEMPT=0 SUCCESS=0 TERMINATED=0 TRUNCATED=0
DAY4_MOTION_DONE=1 ELAPSED_SIM=1.200 INITIAL_ERR=0.03474 FINAL_ERR=0.00052 ARM_V=0.00579
DAY4_STEP=1 EPISODE=011 STEP=10 DIST=0.031879 YAW_ERR_DEG=9.476 REQUESTED_MOVE=0.003970 EXECUTED_MOVE=0.003910 ATTEMPT=0 SUCCESS=0 TERMINATED=0 TRUNCATED=0
DAY4_MOTION_DONE=1 ELAPSED_SIM=1.240 INITIAL_ERR=0.05876 FINAL_ERR=0.00058 ARM_V=0.00643
DAY4_STEP=1 EPISODE=011 STEP=11 DIST=0.036788 YAW_ERR_DEG=8.623 REQUESTED_MOVE=0.006835 EXECUTED_MOVE=0.006768 ATTEMPT=0 SUCCESS=0 TERMINATED=0 TRUNCATED=0
DAY4_MOTION_DONE=1 ELAPSED_SIM=1.254 INITIAL_ERR=0.07388 FINAL_ERR=0.00053 ARM_V=0.00589
DAY4_STEP=1 EPISODE=011 STEP=12 DIST=0.040608 YAW_ERR_DEG=12.957 REQUESTED_MOVE=0.004150 EXECUTED_MOVE=0.004121 ATTEMPT=0 SUCCESS=0 TERMINATED=0 TRUNCATED=0
DAY4_MOTION_DONE=1 ELAPSED_SIM=1.202 INITIAL_ERR=0.03855 FINAL_ERR=0.00052 ARM_V=0.00579
DAY4_STEP=1 EPISODE=011 STEP=13 DIST=0.040409 YAW_ERR_DEG=11.374 REQUESTED_MOVE=0.005204 EXECUTED_MOVE=0.005133 ATTEMPT=0 SUCCESS=0 TERMINATED=0 TRUNCATED=0
DAY4_MOTION_DONE=1 ELAPSED_SIM=1.202 INITIAL_ERR=0.03081 FINAL_ERR=0.00042 ARM_V=0.00462
DAY4_STEP=1 EPISODE=011 STEP=14 DIST=0.036449 YAW_ERR_DEG=11.380 REQUESTED_MOVE=0.006646 EXECUTED_MOVE=0.006556 ATTEMPT=0 SUCCESS=0 TERMINATED=0 TRUNCATED=0
DAY4_MOTION_DONE=1 ELAPSED_SIM=1.202 INITIAL_ERR=0.03448 FINAL_ERR=0.00052 ARM_V=0.00575
DAY4_STEP=1 EPISODE=011 STEP=15 DIST=0.038199 YAW_ERR_DEG=14.426 REQUESTED_MOVE=0.004738 EXECUTED_MOVE=0.004667 ATTEMPT=0 SUCCESS=0 TERMINATED=0 TRUNCATED=0
DAY4_MOTION_DONE=1 ELAPSED_SIM=1.228 INITIAL_ERR=0.05169 FINAL_ERR=0.00051 ARM_V=0.00566
DAY4_STEP=1 EPISODE=011 STEP=16 DIST=0.035176 YAW_ERR_DEG=14.305 REQUESTED_MOVE=0.005889 EXECUTED_MOVE=0.005831 ATTEMPT=0 SUCCESS=0 TERMINATED=0 TRUNCATED=0
DAY4_MOTION_DONE=1 ELAPSED_SIM=1.200 INITIAL_ERR=0.01431 FINAL_ERR=0.00022 ARM_V=0.00240
DAY4_STEP=1 EPISODE=011 STEP=17 DIST=0.035728 YAW_ERR_DEG=14.017 REQUESTED_MOVE=0.001504 EXECUTED_MOVE=0.001481 ATTEMPT=0 SUCCESS=0 TERMINATED=0 TRUNCATED=0
DAY4_MOTION_DONE=1 ELAPSED_SIM=1.200 INITIAL_ERR=0.04299 FINAL_ERR=0.00058 ARM_V=0.00645
DAY4_STEP=1 EPISODE=011 STEP=18 DIST=0.036887 YAW_ERR_DEG=15.166 REQUESTED_MOVE=0.005054 EXECUTED_MOVE=0.004986 ATTEMPT=0 SUCCESS=0 TERMINATED=0 TRUNCATED=0
DAY4_MOTION_DONE=1 ELAPSED_SIM=1.202 INITIAL_ERR=0.03100 FINAL_ERR=0.00042 ARM_V=0.00465
DAY4_STEP=1 EPISODE=011 STEP=19 DIST=0.036835 YAW_ERR_DEG=16.293 REQUESTED_MOVE=0.002173 EXECUTED_MOVE=0.002144 ATTEMPT=0 SUCCESS=0 TERMINATED=0 TRUNCATED=0
DAY4_MOTION_DONE=1 ELAPSED_SIM=1.202 INITIAL_ERR=0.02498 FINAL_ERR=0.00064 ARM_V=0.00706
DAY4_STEP=1 EPISODE=011 STEP=20 DIST=0.034980 YAW_ERR_DEG=16.125 REQUESTED_MOVE=0.002176 EXECUTED_MOVE=0.002123 ATTEMPT=0 SUCCESS=0 TERMINATED=0 TRUNCATED=1
DAY4_RESET_GRIPPER=OPEN ANGLE_RAD=1.291234 EFFORT_NM=0.552392
DAY4_RESET_GRIPPER=AFTER_INITIAL_MOVE ANGLE_RAD=1.303763 EFFORT_NM=0.533948
TRIAL=012 VISUAL_CENTER=[0.14616279304027557, 0.0332867493852973, 0.015093868680646855] SURFACE=[0.14616279304027557, 0.0332867493852973, 0.030093868680646854] CONTOUR_DEG=0.00 AXIS_STD_DEG=0.00 FOOTPRINT=[0.029991058632731438, 0.029991058632731438] CONFIDENCE=0.9916
TRIAL=012 SELECTED_CONTOUR_ORIENTATION=+90.00deg TILT=0.0 LEAN=-1 SYMMETRY=1 IK_FK_POS_ERROR=0.000000m IK_FK_ORIENTATION_ERROR=0.000000rad FINGER_FK_LIFT=0.080000m FINGER_FK_DRIFT=0.000000m JOINT_MOTION=2.028692rad
DAY4_MOTION_DONE=1 ELAPSED_SIM=1.200 INITIAL_ERR=0.03380 FINAL_ERR=0.00046 ARM_V=0.00507
DAY4_STEP=1 EPISODE=012 STEP=01 DIST=0.025377 YAW_ERR_DEG=1.896 REQUESTED_MOVE=0.001306 EXECUTED_MOVE=0.001289 ATTEMPT=0 SUCCESS=0 TERMINATED=0 TRUNCATED=0
DAY4_MOTION_DONE=1 ELAPSED_SIM=1.226 INITIAL_ERR=0.05299 FINAL_ERR=0.00052 ARM_V=0.00579
DAY4_STEP=1 EPISODE=012 STEP=02 DIST=0.028264 YAW_ERR_DEG=4.452 REQUESTED_MOVE=0.003166 EXECUTED_MOVE=0.003135 ATTEMPT=0 SUCCESS=0 TERMINATED=0 TRUNCATED=0
DAY4_MOTION_DONE=1 ELAPSED_SIM=1.200 INITIAL_ERR=0.02661 FINAL_ERR=0.00036 ARM_V=0.00400
DAY4_STEP=1 EPISODE=012 STEP=03 DIST=0.026316 YAW_ERR_DEG=1.696 REQUESTED_MOVE=0.004168 EXECUTED_MOVE=0.004111 ATTEMPT=0 SUCCESS=0 TERMINATED=0 TRUNCATED=0
DAY4_MOTION_DONE=1 ELAPSED_SIM=1.200 INITIAL_ERR=0.03111 FINAL_ERR=0.00052 ARM_V=0.00576
DAY4_STEP=1 EPISODE=012 STEP=04 DIST=0.025290 YAW_ERR_DEG=3.826 REQUESTED_MOVE=0.004864 EXECUTED_MOVE=0.004783 ATTEMPT=0 SUCCESS=0 TERMINATED=0 TRUNCATED=0
DAY4_MOTION_DONE=1 ELAPSED_SIM=1.290 INITIAL_ERR=0.08777 FINAL_ERR=0.00051 ARM_V=0.00567
DAY4_STEP=1 EPISODE=012 STEP=05 DIST=0.022396 YAW_ERR_DEG=0.702 REQUESTED_MOVE=0.004528 EXECUTED_MOVE=0.004502 ATTEMPT=0 SUCCESS=0 TERMINATED=0 TRUNCATED=0
DAY4_MOTION_DONE=1 ELAPSED_SIM=1.244 INITIAL_ERR=0.06036 FINAL_ERR=0.00059 ARM_V=0.00660
DAY4_STEP=1 EPISODE=012 STEP=06 DIST=0.024833 YAW_ERR_DEG=2.846 REQUESTED_MOVE=0.004600 EXECUTED_MOVE=0.004555 ATTEMPT=0 SUCCESS=0 TERMINATED=0 TRUNCATED=0
DAY4_MOTION_DONE=1 ELAPSED_SIM=1.200 INITIAL_ERR=0.03758 FINAL_ERR=0.00056 ARM_V=0.00627
DAY4_STEP=1 EPISODE=012 STEP=07 DIST=0.024246 YAW_ERR_DEG=2.294 REQUESTED_MOVE=0.004958 EXECUTED_MOVE=0.004883 ATTEMPT=0 SUCCESS=0 TERMINATED=0 TRUNCATED=0
DAY4_MOTION_DONE=1 ELAPSED_SIM=1.202 INITIAL_ERR=0.03842 FINAL_ERR=0.00052 ARM_V=0.00576
DAY4_STEP=1 EPISODE=012 STEP=08 DIST=0.022409 YAW_ERR_DEG=4.475 REQUESTED_MOVE=0.003030 EXECUTED_MOVE=0.002989 ATTEMPT=0 SUCCESS=0 TERMINATED=0 TRUNCATED=0
DAY4_MOTION_DONE=1 ELAPSED_SIM=1.228 INITIAL_ERR=0.05219 FINAL_ERR=0.00057 ARM_V=0.00635
DAY4_STEP=1 EPISODE=012 STEP=09 DIST=0.021174 YAW_ERR_DEG=1.574 REQUESTED_MOVE=0.002133 EXECUTED_MOVE=0.002110 ATTEMPT=0 SUCCESS=0 TERMINATED=0 TRUNCATED=0
DAY4_MOTION_DONE=1 ELAPSED_SIM=1.250 INITIAL_ERR=0.07137 FINAL_ERR=0.00057 ARM_V=0.00632
DAY4_STEP=1 EPISODE=012 STEP=10 DIST=0.024039 YAW_ERR_DEG=3.288 REQUESTED_MOVE=0.003992 EXECUTED_MOVE=0.003960 ATTEMPT=0 SUCCESS=0 TERMINATED=0 TRUNCATED=0
DAY4_MOTION_DONE=1 ELAPSED_SIM=1.202 INITIAL_ERR=0.03921 FINAL_ERR=0.00059 ARM_V=0.00653
DAY4_STEP=1 EPISODE=012 STEP=11 DIST=0.022924 YAW_ERR_DEG=3.692 REQUESTED_MOVE=0.005026 EXECUTED_MOVE=0.004951 ATTEMPT=0 SUCCESS=0 TERMINATED=0 TRUNCATED=0
DAY4_MOTION_DONE=1 ELAPSED_SIM=1.282 INITIAL_ERR=0.08999 FINAL_ERR=0.00052 ARM_V=0.00582
DAY4_STEP=1 EPISODE=012 STEP=12 DIST=0.026727 YAW_ERR_DEG=0.800 REQUESTED_MOVE=0.004174 EXECUTED_MOVE=0.004149 ATTEMPT=0 SUCCESS=0 TERMINATED=0 TRUNCATED=0
DAY4_MOTION_DONE=1 ELAPSED_SIM=1.202 INITIAL_ERR=0.03759 FINAL_ERR=0.00056 ARM_V=0.00627
DAY4_STEP=1 EPISODE=012 STEP=13 DIST=0.025324 YAW_ERR_DEG=0.705 REQUESTED_MOVE=0.006471 EXECUTED_MOVE=0.006374 ATTEMPT=0 SUCCESS=0 TERMINATED=0 TRUNCATED=0
DAY4_MOTION_DONE=1 ELAPSED_SIM=1.240 INITIAL_ERR=0.05588 FINAL_ERR=0.00049 ARM_V=0.00550
DAY4_STEP=1 EPISODE=012 STEP=14 DIST=0.024599 YAW_ERR_DEG=2.628 REQUESTED_MOVE=0.005768 EXECUTED_MOVE=0.005716 ATTEMPT=0 SUCCESS=0 TERMINATED=0 TRUNCATED=0
DAY4_MOTION_DONE=1 ELAPSED_SIM=1.244 INITIAL_ERR=0.06024 FINAL_ERR=0.00059 ARM_V=0.00659
DAY4_STEP=1 EPISODE=012 STEP=15 DIST=0.023243 YAW_ERR_DEG=7.142 REQUESTED_MOVE=0.004220 EXECUTED_MOVE=0.004179 ATTEMPT=0 SUCCESS=0 TERMINATED=0 TRUNCATED=0
DAY4_MOTION_DONE=1 ELAPSED_SIM=1.262 INITIAL_ERR=0.07048 FINAL_ERR=0.00051 ARM_V=0.00562
DAY4_STEP=1 EPISODE=012 STEP=16 DIST=0.026426 YAW_ERR_DEG=3.776 REQUESTED_MOVE=0.006416 EXECUTED_MOVE=0.006371 ATTEMPT=0 SUCCESS=0 TERMINATED=0 TRUNCATED=0
DAY4_MOTION_DONE=1 ELAPSED_SIM=1.250 INITIAL_ERR=0.06793 FINAL_ERR=0.00054 ARM_V=0.00602
DAY4_STEP=1 EPISODE=012 STEP=17 DIST=0.030506 YAW_ERR_DEG=0.582 REQUESTED_MOVE=0.004475 EXECUTED_MOVE=0.004440 ATTEMPT=0 SUCCESS=0 TERMINATED=0 TRUNCATED=0
DAY4_MOTION_DONE=1 ELAPSED_SIM=1.202 INITIAL_ERR=0.04736 FINAL_ERR=0.00071 ARM_V=0.00790
DAY4_STEP=1 EPISODE=012 STEP=18 DIST=0.028396 YAW_ERR_DEG=1.530 REQUESTED_MOVE=0.005434 EXECUTED_MOVE=0.005352 ATTEMPT=0 SUCCESS=0 TERMINATED=0 TRUNCATED=0
DAY4_MOTION_DONE=1 ELAPSED_SIM=1.202 INITIAL_ERR=0.03413 FINAL_ERR=0.00051 ARM_V=0.00570
DAY4_STEP=1 EPISODE=012 STEP=19 DIST=0.027593 YAW_ERR_DEG=4.873 REQUESTED_MOVE=0.006240 EXECUTED_MOVE=0.006147 ATTEMPT=0 SUCCESS=0 TERMINATED=0 TRUNCATED=0
DAY4_MOTION_DONE=1 ELAPSED_SIM=1.202 INITIAL_ERR=0.04871 FINAL_ERR=0.00066 ARM_V=0.00731
DAY4_STEP=1 EPISODE=012 STEP=20 DIST=0.024754 YAW_ERR_DEG=6.224 REQUESTED_MOVE=0.004624 EXECUTED_MOVE=0.004561 ATTEMPT=0 SUCCESS=0 TERMINATED=0 TRUNCATED=1
DAY4_RESET_GRIPPER=OPEN ANGLE_RAD=1.291176 EFFORT_NM=0.542159
DAY4_RESET_GRIPPER=AFTER_INITIAL_MOVE ANGLE_RAD=1.301764 EFFORT_NM=0.532962
Traceback (most recent call last):
  File "/home/ubuntu/ros2_ws/day9/automation/run_pipeline.py", line 204, in <module>
    raise
  File "/home/ubuntu/ros2_ws/day9/automation/run_pipeline.py", line 144, in main
    expected=model_hash(SAC.load(initial[method],device='cpu'))
RuntimeError: B training unsafe or unsaved: {'run': '20260923T072159_B_pilot_20260909_1790148119025729151', 'status': 'RECOVERY_FAILED', 'error': 'TechnicalFailure: reset recovery failed: no advancing clock for recovery', 'method': 'B', 'seed': 20260909, 'steps': 160, 'updates': 0, 'counters': {'complete_episodes': 8, 'successes': 0, 'grasp_attempts': 0, 'reset_failures': 5, 'task_reset_failures': 4, 'technical_failures': 0}, 'wall_sec': 650.0210485570133, 'timings': {'randomization_perception': {'wall': 0.29741888705757447, 'exclusive': 0.29741888705757447, 'sim': 0.26199999999971624, 'count': 13}, 'open_motion': {'wall': 146.95206826605136, 'exclusive': 146.95206826605136, 'sim': 0.0, 'count': 18}, 'open_settle': {'wall': 4.220075198129052, 'exclusive': 4.220075198129052, 'sim': 0.0, 'count': 18}, 'open': {'wall': 151.78667842500727, 'exclusive': 0.6145349608268589, 'sim': 132.05399999999986, 'count': 30}, 'return_observation': {'wall': 46.48521726907347, 'exclusive': 46.48521726907347, 'sim': 40.202000000000226, 'count': 17}, 'randomization_physics': {'wall': 45.37592444900656, 'exclusive': 45.37592444900656, 'sim': 4.123999999999114, 'count': 13}, 'vision': {'wall': 68.75636429194128, 'exclusive': 68.75636429194128, 'sim': 60.57400000000075, 'count': 12}, 'ik_path': {'wall': 21.089970102912048, 'exclusive': 21.089970102912048, 'sim': 16.93600000000106, 'count': 44}, 'ik': {'wall': 27.66428957003518, 'exclusive': 9.291994531144155, 'sim': 22.07400000000075, 'count': 10}, 'arm_transfer': {'wall': 24.247519721015124, 'exclusive': 24.247519721015124, 'sim': 21.20599999999945, 'count': 8}, 'arm_path': {'wall': 15.282573295000475, 'exclusive': 15.282573295000475, 'sim': 13.112000000000307, 'count': 8}, 'reset': {'wall': 353.4879939258972, 'exclusive': 14.727642520796508, 'sim': 274.4760000000008, 'count': 13}, 'reset_total': {'wall': 359.74330229201587, 'exclusive': 5.957889479061123, 'sim': 245.01200000000063, 'count': 13}, 'inference': {'wall': 0.018735564750386402, 'exclusive': 0.018735564750386402, 'sim': 0.0, 'count': 160}, 'ik_step': {'wall': 6.218389134883182, 'exclusive': 6.218389134883182, 'sim': 4.113999999999351, 'count': 160}, 'action_execution': {'wall': 238.80505568895023, 'exclusive': 238.80505568895023, 'sim': 197.49200000000315, 'count': 160}, 'environment_step': {'wall': 245.73426375791314, 'exclusive': 0.7108189340797253, 'sim': 201.88399999999956, 'count': 160}, 'recovery': {'wall': 43.853826666017994, 'exclusive': 0.297935986018274, 'sim': 37.93399999999974, 'count': 5}}, 'checkpoint': {'status': 'INTERRUPTED', 'steps': 160, 'updates': 0, 'method': 'B', 'seed': 20260909, 'config_sha256': '51126d0cec604ab034afc866a74af5735b5fb870a43b18c24eb390ca707b63ee', 'code_hashes': {'analyze_day9.py': '732a6277653843666fb63e0edb79d626c5a259e146a24e419812d5d7db2a12f9', 'analyze_self_occlusion.py': '021159e7da66f9dde02fc6c62abdf58864cf33a4787a53ce369de707892a46bf', 'config.yaml': 'e9f60a524e088d1a0fe6572a085eb5a001839e76db71d1244f9a80c90b61e54d', 'day4_env.py': '710b07661208fcf8474e14ae853d5d872d3ea04cf3660f6df5350760b3b53522', 'day8_check.py': '9393336635604aba50938a0adcf0f3fdee36f97cc935f85d2f1bf6441b5fe08f', 'day8_env.py': 'c20c8c59cfafb9ecf3d222deb621af64bddcaf8f1a29b3bde434cfa1269fc537', 'day9_env.py': '1a66fc310648c9d45eac697b058b2d03438b65975d7b004ae3ed85277ac30257', 'day9_training.py': '51d28abe6cc02e620db77a9c10c93f623d0de6509223dd9de3af8c57497bebf7', 'generated/camera_baseline/day3_v5_robot.sdf': '7316b273a6d2bed98ddc6853af26c76470b69d0e736d11a79e04e669a76d9595', 'generated/camera_baseline/day3_v5_robot.urdf': '479818df56947f89bd0bfa6db6bed642f1b892a423aa4dcbb5571c88ec469fdc', 'generated/day3_v5_robot.sdf': 'ede63437936c6597baf51f0f42f1d094e63750ae42616768373defc2102086e1', 'generated/day3_v5_robot.urdf': '928b1da749265fd660662bb42779c37dd7d4ba5001cbed816e59bdea1a1085ef', 'grasp_geometry_v5.py': 'fc1815d10cbcfbb64563268a1b2e978d952b76dc85bb4da522dacc6f46a80352', 'io_probe.py': '01c5cd5cc8c6817658778fbb20815a75251ec78145065ad405c7bd97f9b212cc', 'manage_day8.py': '3790ff7f3621944df43d904721715a1bde15da3216fd74b024bf907bbc4cfa4c', 'manage_day9.py': 'a149b0fab4e8862c6fef035c894423b528f0eb2c019c1e93d9845d70ecc910e1', 'moveit.launch.py': '5f4395e957478022f0bc32acbbcf1f27e565cdf793a46169005a86a1312a01b5', 'moveit_v5/jetarm_6dof.srdf': '050e781b46de6e20a8e380889c80fa323864715766db22108718a7ab7a41f358', 'moveit_v5/joint_limits.yaml': '34100799bd26830db251e4384988c390fcf6d52da34f7f668b9d1c78b98d4f3f', 'moveit_v5/kinematics.yaml': '1501ebb454f62845ae94011e0d7cb9150185b05fbd45cffd8fec181a750182b9', 'moveit_v5/launch_defaults.yaml': '9b52d3771161f749276f21709054fbb411ccddd54c479accf797c9e7e36dd4e6', 'moveit_v5/moveit_controllers.yaml': '6e81d67a80a63f0db24406a99e8efc8993a3a24482c20e7c523497bce4c5248f', 'moveit_v5/pilz_cartesian_limits.yaml': 'fed80b213b77f13fb7b913d703609a66caa72ccb0617b41e83d3057e31749047', 'moveit_v5/sensors_3d.yaml': '2da018b37e1038d2d868499d8c6cdf56b95ceda2d859eba80744ed2e7ec246c2', 'perception_v5.py': '8c0cd48399360b78dd807550332ef132cc397abdb1576bad2eda2020bd322b99', 'perception_v5.yaml': '927b371725cc84f6c939ec085161c6037c2ae221c309213e140dd5090ae1afad', 'repair_camera.py': '86eb2db1b1236f4b72859ac8327c6c187de73e02768bc612f08c38696e838a10', 'residual_env.py': 'caee2ca833a1b226216a80d71be626870e055b79d16824fc35d251c8c92afd95', 'run_day9.py': '53e818b9a947d6d46ade067ebd735c866541bdc76168390fff49b275bb48e89c', 'run_validation.py': '28ac3bea09c5c53475ea9f33098563dcc4075fb9f557bff598cb8740ac41c1b6', 'session_env.sh': '5fa52760e00d761c6d62ecbac5faf769e2610749a0242c00f95e4a370e201502', 'simulations/robot_gazebo/config/robot_config.yaml': '37ec82d26af5103bd193a50325465c55b993e43c05589fbf2f6fd9a848d6c35d', 'simulations/robot_gazebo/worlds/grasp_table.sdf': 'c626376a90506a7f4834ec1124ad66fcc4ac8ab067fcba2964cb6508c2873d6f', 'test_day9_contract.py': '881124e19ae379729dffa0012363c21944508a001fef38e91860a23caaceda18', 'visual_grasp_v5.py': '6c427a085323aba690965df860ac81f7f2e0e53be9458aea3ef44405f857d4c0', 'white_area.py': '72fe11ce9de3f9470851f389c908c922f1bbe692b78eddc29adfe76506795069', 'white_area_check.py': 'a8707b567eaba2687a0748079a2b813dbd4e160cad3b133caffe30b051cff09c', 'world.launch.py': '811932079c7c959111b394aedef8eb83227fb48cc2ec911dddf603ea42cd1446', 'write_review.py': '1080defad05d80afad9ef4375d011ac45547f6d38e2682281973076d5a06e93f'}, 'model': 'models/pilot/B_20260909/step_000160_1790148768695558937.zip', 'replay': 'models/pilot/B_20260909/step_000160_1790148768695558937_replay.pkl', 'rng': 'models/pilot/B_20260909/step_000160_1790148768695558937_rng.pkl', 'curriculum': {'mode': 'off', 'level': 'L0', 'window': [False, False, False, False, False, False, False, False, False, False, False, False], 'dwell': 12, 'valid_total': 12}, 'next_attempt': 13, 'counters': {'complete_episodes': 8, 'successes': 0, 'grasp_attempts': 0, 'reset_failures': 5, 'task_reset_failures': 4, 'technical_failures': 0}, 'initial_policy_hash': 'cb74c5f1af32aae27ed08933b204c45c7466d249e38ab644413b21a49278e878', 'resume_semantics': 'continue optimizer/replay/RNG/curriculum at a new safely reset physical episode; not bitwise simulator continuation'}, 'initial_policy_hash': 'cb74c5f1af32aae27ed08933b204c45c7466d249e38ab644413b21a49278e878', 'weights_changed': False, 'includes': ['startup', 'reset', 'randomization', 'grasp', 'network_update', 'checkpoint', 'safe_close'], 'success_rate_including_task_reset_failures': 0.0, 'success_rate_denominator': 12}
